season,team,player,matches,runs,balls_faced,dismissals,balls_bowled,runs_conceded,wickets,death_balls,bat_runs_added,bowl_runs_added,total_runs_added
2013,Delhi Daredevils,UT Yadav,16,38.0,38.0,1.0,347.0,508.0,16.0,144.0,-6.9,-63.8,-70.6
2024,Lucknow Super Giants,A Badoni,12,235.0,171.0,8.0,12.0,25.0,0.0,6.0,-19.9,-9.5,-29.4
2007,Kings XI Punjab,B Lee,4,17.0,13.0,1.0,96.0,112.0,4.0,24.0,-2.7,13.9,11.2
2009,Royal Challengers Bangalore,P Kumar,25,69.0,54.0,7.0,568.0,774.0,23.0,172.0,-26.5,-55.5,-82.0
2019,Rajasthan Royals,DS Kulkarni,10,5.0,3.0,0.0,210.0,335.0,6.0,30.0,1.7,-64.2,-62.4
2016,Royal Challengers Bangalore,KL Rahul,12,397.0,271.0,9.0,0.0,0.0,0.0,0.0,66.0,0.0,66.0
2025,Rajasthan Royals,SO Hetmyer,13,239.0,164.0,11.0,0.0,0.0,0.0,0.0,-23.8,0.0,-23.8
2009,Chennai Super Kings,PA Patel,13,214.0,205.0,12.0,0.0,0.0,0.0,0.0,-44.9,0.0,-44.9
2016,Rising Pune Supergiants,A Zampa,5,0.0,1.0,1.0,102.0,115.0,12.0,30.0,-7.1,71.0,63.8
2025,Chennai Super Kings,Noor Ahmad,14,7.0,17.0,4.0,300.0,408.0,24.0,78.0,-37.6,113.8,76.1
2025,Delhi Capitals,AR Patel,13,263.0,167.0,10.0,216.0,313.0,5.0,18.0,2.6,-6.3,-3.7
2025,Punjab Kings,Shashank Singh,14,350.0,228.0,7.0,12.0,27.0,0.0,6.0,35.1,-11.7,23.4
2022,Lucknow Super Giants,Mohsin Khan,9,23.0,16.0,1.0,198.0,197.0,14.0,48.0,-1.0,104.8,103.7
2017,Delhi Daredevils,KK Nair,13,281.0,226.0,12.0,0.0,0.0,0.0,0.0,-27.1,0.0,-27.1
2019,Delhi Capitals,S Dhawan,16,521.0,384.0,15.0,0.0,0.0,0.0,0.0,24.2,0.0,24.2
2013,Kings XI Punjab,DA Miller,12,418.0,254.0,7.0,0.0,0.0,0.0,0.0,137.0,0.0,137.0
2018,Chennai Super Kings,DJ Bravo,16,141.0,91.0,4.0,321.0,533.0,14.0,171.0,17.0,-77.5,-60.5
2009,Deccan Chargers,Y Venugopal Rao,19,158.0,157.0,14.0,96.0,132.0,4.0,24.0,-75.9,-12.9,-88.8
2007,Mumbai Indians,DR Smith,4,45.0,40.0,2.0,66.0,83.0,5.0,6.0,-6.6,17.8,11.2
2013,Rajasthan Royals,SV Samson,10,206.0,178.0,8.0,0.0,0.0,0.0,0.0,-6.7,0.0,-6.7
2009,Chennai Super Kings,MS Dhoni,24,619.0,471.0,17.0,0.0,0.0,0.0,0.0,84.7,0.0,84.7
2012,Kings XI Punjab,AC Gilchrist,7,172.0,143.0,4.0,0.0,0.0,0.0,0.0,14.7,0.0,14.7
2023,Chennai Super Kings,M Pathirana,12,0.0,0.0,0.0,278.0,371.0,19.0,176.0,0.0,80.1,80.1
2021,Mumbai Indians,RG Sharma,13,381.0,299.0,12.0,7.0,13.0,0.0,1.0,10.4,-6.0,4.3
2009,Chennai Super Kings,SK Raina,30,954.0,672.0,24.0,309.0,342.0,13.0,72.0,197.7,39.4,237.0
2017,Kings XI Punjab,MJ Guptill,7,132.0,88.0,6.0,0.0,0.0,0.0,0.0,2.8,0.0,2.8
2007,Chennai Super Kings,PA Patel,13,302.0,297.0,11.0,0.0,0.0,0.0,0.0,-49.4,0.0,-49.4
2011,Mumbai Indians,AT Rayudu,16,395.0,350.0,13.0,0.0,0.0,0.0,0.0,-6.8,0.0,-6.8
2015,Delhi Daredevils,JA Morkel,4,86.0,65.0,1.0,72.0,109.0,3.0,18.0,12.1,-12.6,-0.5
2019,Kings XI Punjab,Mujeeb Ur Rahman,5,0.0,4.0,1.0,114.0,191.0,3.0,18.0,-10.3,-47.5,-57.8
2020,Sunrisers Hyderabad,V Shankar,7,97.0,96.0,4.0,79.0,82.0,4.0,6.0,-28.4,26.2,-2.2
2011,Kochi Tuskers Kerala,R Vinay Kumar,13,50.0,47.0,5.0,268.0,335.0,12.0,64.0,-25.0,1.7,-23.3
2024,Delhi Capitals,DA Warner,8,168.0,125.0,8.0,0.0,0.0,0.0,0.0,-29.7,0.0,-29.7
2023,Lucknow Super Giants,A Badoni,12,238.0,172.0,9.0,1.0,0.0,0.0,0.0,-7.0,1.2,-5.8
2023,Punjab Kings,Harpreet Brar,11,52.0,41.0,6.0,163.0,218.0,9.0,25.0,-30.1,25.3,-4.7
2011,Chennai Super Kings,JA Morkel,15,138.0,102.0,5.0,270.0,382.0,15.0,42.0,10.0,-32.6,-22.5
2013,Pune Warriors,MN Samuels,2,8.0,18.0,2.0,24.0,34.0,1.0,6.0,-20.0,-4.8,-24.8
2017,Sunrisers Hyderabad,S Kaul,10,0.0,2.0,0.0,214.0,300.0,16.0,70.0,-2.1,29.5,27.4
2022,Mumbai Indians,JJ Bumrah,14,0.0,8.0,1.0,320.0,383.0,15.0,116.0,-15.2,67.7,52.5
2015,Chennai Super Kings,BB McCullum,14,436.0,280.0,13.0,0.0,0.0,0.0,0.0,80.1,0.0,80.1
2009,Kings XI Punjab,KC Sangakkara,25,689.0,581.0,23.0,0.0,0.0,0.0,0.0,24.1,0.0,24.1
2023,Gujarat Titans,J Yadav,1,0.0,0.0,0.0,24.0,26.0,0.0,6.0,0.0,2.6,2.6
2022,Gujarat Titans,V Shankar,4,19.0,35.0,4.0,9.0,15.0,0.0,3.0,-39.1,-4.8,-43.9
2009,Kings XI Punjab,RR Powar,15,28.0,30.0,1.0,264.0,292.0,8.0,6.0,-8.0,10.7,2.7
2011,Kings XI Punjab,PP Chawla,12,48.0,55.0,3.0,248.0,336.0,16.0,38.0,-22.6,9.3,-13.3
2019,Kings XI Punjab,Mohammed Shami,14,1.0,2.0,1.0,324.0,469.0,19.0,132.0,-7.2,13.0,5.8
2016,Rising Pune Supergiants,MS Dhoni,12,284.0,210.0,7.0,0.0,0.0,0.0,0.0,16.8,0.0,16.8
2007,Deccan Chargers,AC Gilchrist,14,436.0,318.0,13.0,0.0,0.0,0.0,0.0,52.5,0.0,52.5
2014,Mumbai Indians,KA Pollard,15,273.0,203.0,8.0,150.0,262.0,2.0,48.0,7.9,-85.6,-77.7
2016,Sunrisers Hyderabad,Yuvraj Singh,10,236.0,179.0,9.0,37.0,52.0,0.0,1.0,-5.0,-12.2,-17.2
2011,Mumbai Indians,KA Pollard,16,146.0,133.0,10.0,255.0,361.0,10.0,45.0,-41.2,-44.8,-86.0
2022,Chennai Super Kings,N Jagadeesan,2,40.0,37.0,1.0,0.0,0.0,0.0,0.0,-5.3,0.0,-5.3
2007,Rajasthan Royals,D Salunkhe,5,33.0,24.0,1.0,47.0,78.0,1.0,6.0,2.1,-21.4,-19.3
2020,Rajasthan Royals,S Gopal,14,37.0,39.0,4.0,300.0,427.0,10.0,6.0,-29.4,-50.5,-79.9
2024,Sunrisers Hyderabad,PJ Cummins,16,136.0,95.0,5.0,366.0,566.0,18.0,114.0,-11.6,11.8,0.2
2013,Mumbai Indians,DS Kulkarni,6,0.0,0.0,0.0,112.0,151.0,8.0,36.0,0.0,6.9,6.9
2014,Kolkata Knight Riders,RN ten Doeschate,8,52.0,33.0,4.0,30.0,35.0,1.0,0.0,-8.8,2.4,-6.4
2026,Rajasthan Royals,JC Archer,16,64.0,47.0,6.0,360.0,559.0,25.0,102.0,-30.0,82.7,52.7
2023,Rajasthan Royals,R Ashwin,13,67.0,51.0,5.0,294.0,368.0,14.0,30.0,-19.2,54.5,35.3
2024,Lucknow Super Giants,Naveen-ul-Haq,10,2.0,4.0,0.0,219.0,372.0,14.0,81.0,-3.1,-3.0,-6.1
2026,Royal Challengers Bengaluru,Suyash Sharma,12,0.0,0.0,0.0,245.0,376.0,9.0,23.0,0.0,-9.8,-9.8
2016,Gujarat Lions,DR Smith,12,324.0,221.0,11.0,108.0,153.0,8.0,6.0,34.6,11.4,45.9
2011,Rajasthan Royals,AG Paunikar,4,49.0,57.0,4.0,0.0,0.0,0.0,0.0,-24.2,0.0,-24.2
2015,Rajasthan Royals,PV Tambe,10,3.0,5.0,0.0,204.0,266.0,7.0,36.0,-2.8,-4.1,-6.9
2020,Delhi Capitals,MP Stoinis,17,352.0,237.0,14.0,178.0,283.0,13.0,64.0,17.6,-5.8,11.7
2022,Chennai Super Kings,S Dube,11,289.0,185.0,9.0,12.0,36.0,0.0,6.0,40.9,-22.0,18.9
2007,Mumbai Indians,AM Nayar,10,206.0,138.0,8.0,42.0,68.0,1.0,0.0,17.9,-17.4,0.5
2018,Kolkata Knight Riders,CA Lynn,16,491.0,377.0,14.0,0.0,0.0,0.0,0.0,0.9,0.0,0.9
2022,Chennai Super Kings,RV Uthappa,11,230.0,171.0,11.0,0.0,0.0,0.0,0.0,-6.9,0.0,-6.9
2016,Kolkata Knight Riders,JO Holder,4,22.0,19.0,4.0,78.0,103.0,2.0,24.0,-23.2,-3.8,-27.0
2024,Lucknow Super Giants,Arshad Khan (2),1,5.0,4.0,1.0,12.0,24.0,0.0,0.0,-6.1,-9.8,-15.9
2007,Rajasthan Royals,SK Warne,15,70.0,59.0,5.0,312.0,404.0,19.0,54.0,-21.6,47.3,25.7
2012,Chennai Super Kings,R Ashwin,18,18.0,15.0,3.0,395.0,431.0,14.0,63.0,-15.2,48.2,32.9
2024,Delhi Capitals,MR Marsh,4,61.0,38.0,4.0,48.0,103.0,1.0,12.0,-8.5,-36.4,-44.8
2011,Kolkata Knight Riders,YK Pathan,15,283.0,201.0,9.0,234.0,238.0,13.0,12.0,38.0,70.4,108.4
2025,Delhi Capitals,T Stubbs,13,300.0,199.0,6.0,12.0,40.0,0.0,0.0,26.3,-25.3,1.0
2025,Lucknow Super Giants,Akash Singh,3,0.0,0.0,0.0,67.0,99.0,4.0,0.0,0.0,12.0,12.0
2007,Deccan Chargers,PP Ojha,12,2.0,4.0,1.0,222.0,284.0,11.0,54.0,-8.2,23.1,14.9
2019,Sunrisers Hyderabad,Shakib Al Hasan,3,9.0,10.0,1.0,65.0,95.0,2.0,5.0,-7.9,-12.3,-20.2
2020,Mumbai Indians,HH Pandya,13,281.0,157.0,8.0,0.0,0.0,0.0,0.0,58.0,0.0,58.0
2023,Royal Challengers Bangalore,KD Karthik,13,140.0,104.0,11.0,0.0,0.0,0.0,0.0,-42.5,0.0,-42.5
2024,Lucknow Super Giants,KL Rahul,14,520.0,382.0,14.0,0.0,0.0,0.0,0.0,-18.5,0.0,-18.5
2023,Chennai Super Kings,D Pretorius,1,0.0,0.0,0.0,24.0,28.0,0.0,12.0,0.0,0.6,0.6
2011,Royal Challengers Bangalore,CH Gayle,12,608.0,332.0,9.0,216.0,244.0,8.0,48.0,252.6,19.8,272.4
2026,Sunrisers Hyderabad,PP Hinge,7,3.0,9.0,1.0,156.0,305.0,14.0,54.0,-13.9,-10.0,-23.9
2011,Kolkata Knight Riders,Iqbal Abdulla,15,15.0,12.0,0.0,300.0,305.0,16.0,42.0,3.5,83.8,87.3
2016,Gujarat Lions,AJ Finch,12,393.0,299.0,8.0,0.0,0.0,0.0,0.0,36.1,0.0,36.1
2021,Chennai Super Kings,KM Asif,1,0.0,0.0,0.0,13.0,18.0,1.0,1.0,0.0,0.9,0.9
2013,Royal Challengers Bangalore,AB McDonald,1,0.0,2.0,1.0,12.0,17.0,1.0,0.0,-8.0,0.3,-7.7
2013,Chennai Super Kings,S Badrinath,8,124.0,121.0,7.0,0.0,0.0,0.0,0.0,-26.8,0.0,-26.8
2017,Royal Challengers Bangalore,TS Mills,5,8.0,11.0,3.0,107.0,153.0,5.0,41.0,-21.2,-5.3,-26.5
2021,Mumbai Indians,KH Pandya,13,143.0,123.0,10.0,199.0,265.0,5.0,25.0,-34.0,-31.4,-65.4
2025,Gujarat Titans,Rashid Khan,15,40.0,28.0,5.0,330.0,514.0,9.0,60.0,-23.7,-47.4,-71.1
2026,Delhi Capitals,SU Parakh,4,46.0,33.0,4.0,0.0,0.0,0.0,0.0,-19.6,0.0,-19.6
2013,Sunrisers Hyderabad,DJG Sammy,10,174.0,132.0,6.0,134.0,168.0,8.0,26.0,14.4,10.5,24.9
2023,Lucknow Super Giants,MP Stoinis,15,408.0,272.0,13.0,65.0,100.0,5.0,12.0,32.8,5.6,38.5
2007,Kolkata Knight Riders,Salman Butt,7,193.0,161.0,7.0,0.0,0.0,0.0,0.0,-4.6,0.0,-4.6
2015,Kolkata Knight Riders,UT Yadav,12,29.0,14.0,1.0,252.0,382.0,10.0,90.0,6.8,-42.8,-36.0
2007,Deccan Chargers,DP Vijaykumar,9,1.0,1.0,0.0,152.0,199.0,4.0,26.0,-0.1,-15.3,-15.3
2009,Mumbai Indians,SL Malinga,26,1.0,2.0,1.0,591.0,656.0,33.0,231.0,-7.0,151.1,144.1
2020,Sunrisers Hyderabad,Abdul Samad,8,111.0,65.0,5.0,42.0,96.0,1.0,6.0,7.5,-44.7,-37.1
2025,Lucknow Super Giants,Abdul Samad,12,164.0,93.0,8.0,2.0,6.0,0.0,2.0,4.5,-3.3,1.1
2017,Rising Pune Supergiant,JD Unadkat,12,2.0,5.0,0.0,275.0,322.0,24.0,113.0,-3.1,126.8,123.6
2021,Chennai Super Kings,RV Uthappa,4,115.0,84.0,4.0,0.0,0.0,0.0,0.0,8.9,0.0,8.9
2025,Kolkata Knight Riders,Q de Kock,8,152.0,117.0,7.0,0.0,0.0,0.0,0.0,-35.8,0.0,-35.8
2009,Rajasthan Royals,MJ Lumb,11,278.0,192.0,9.0,0.0,0.0,0.0,0.0,49.7,0.0,49.7
2014,Delhi Daredevils,LR Shukla,5,31.0,38.0,3.0,56.0,83.0,1.0,0.0,-26.2,-18.6,-44.8
2013,Pune Warriors,AJ Finch,14,456.0,336.0,14.0,24.0,49.0,1.0,0.0,76.6,-20.6,56.0
2018,Mumbai Indians,MJ McClenaghan,11,11.0,10.0,2.0,240.0,332.0,14.0,42.0,-12.3,28.2,16.0
2026,Chennai Super Kings,RD Gaikwad,14,337.0,273.0,12.0,0.0,0.0,0.0,0.0,-83.8,0.0,-83.8
2023,Gujarat Titans,R Tewatia,10,87.0,57.0,4.0,13.0,15.0,0.0,7.0,-0.7,0.6,-0.2
2019,Delhi Capitals,C Munro,4,84.0,70.0,4.0,0.0,0.0,0.0,0.0,-13.1,0.0,-13.1
2022,Lucknow Super Giants,K Gowtham,4,0.0,1.0,1.0,72.0,99.0,5.0,6.0,-7.0,8.6,1.6
2012,Pune Warriors,B Kumar,11,40.0,40.0,3.0,234.0,281.0,8.0,54.0,-18.4,3.0,-15.4
2022,Sunrisers Hyderabad,N Pooran,13,306.0,212.0,8.0,0.0,0.0,0.0,0.0,32.5,0.0,32.5
2022,Rajasthan Royals,SV Samson,17,458.0,312.0,16.0,0.0,0.0,0.0,0.0,44.2,0.0,44.2
2007,Kolkata Knight Riders,SC Ganguly,13,349.0,307.0,12.0,120.0,128.0,6.0,0.0,-23.8,35.3,11.5
2024,Delhi Capitals,LB Williams,2,1.0,2.0,0.0,36.0,72.0,1.0,6.0,-1.6,-19.6,-21.1
2020,Delhi Capitals,RR Pant,14,343.0,301.0,10.0,0.0,0.0,0.0,0.0,-28.6,0.0,-28.6
2016,Kings XI Punjab,Anureet Singh,2,0.0,0.0,0.0,36.0,43.0,0.0,0.0,0.0,-4.6,-4.6
2007,Deccan Chargers,D Kalyankrishna,3,3.0,8.0,1.0,48.0,87.0,2.0,6.0,-11.4,-23.4,-34.8
2015,Sunrisers Hyderabad,KS Williamson,2,31.0,27.0,1.0,0.0,0.0,0.0,0.0,-4.6,0.0,-4.6
2022,Chennai Super Kings,DP Conway,7,252.0,173.0,6.0,0.0,0.0,0.0,0.0,41.6,0.0,41.6
2026,Chennai Super Kings,PR Veer,6,90.0,67.0,2.0,12.0,25.0,0.0,0.0,-4.4,-9.0,-13.4
2024,Delhi Capitals,Abishek Porel,12,327.0,205.0,10.0,0.0,0.0,0.0,0.0,24.0,0.0,24.0
2013,Pune Warriors,Parvez Rasool,2,5.0,9.0,1.0,30.0,28.0,1.0,0.0,-10.2,6.1,-4.1
2022,Gujarat Titans,Shubman Gill,16,483.0,365.0,14.0,0.0,0.0,0.0,0.0,31.7,0.0,31.7
2024,Rajasthan Royals,JC Buttler,11,359.0,255.0,9.0,0.0,0.0,0.0,0.0,-2.7,0.0,-2.7
2016,Kolkata Knight Riders,AD Russell,12,188.0,114.0,7.0,219.0,291.0,15.0,51.0,22.9,40.3,63.1
2022,Chennai Super Kings,D Pretorius,6,44.0,28.0,4.0,126.0,210.0,6.0,60.0,-12.3,-27.5,-39.8
2011,Pune Warriors,GC Smith,4,42.0,51.0,4.0,0.0,0.0,0.0,0.0,-26.3,0.0,-26.3
2011,Royal Challengers Bangalore,DP Nannes,2,0.0,0.0,0.0,24.0,31.0,2.0,6.0,0.0,4.4,4.4
2023,Delhi Capitals,Lalit Yadav,6,66.0,59.0,5.0,78.0,118.0,2.0,12.0,-29.3,-14.9,-44.2
2019,Royal Challengers Bangalore,UT Yadav,11,25.0,25.0,1.0,227.0,371.0,8.0,59.0,-7.9,-67.9,-75.9
2014,Mumbai Indians,LMP Simmons,8,394.0,291.0,7.0,18.0,34.0,1.0,12.0,65.6,-7.3,58.4
2011,Kochi Tuskers Kerala,M Muralitharan,5,5.0,8.0,0.0,114.0,141.0,2.0,23.0,-2.7,-15.6,-18.3
2014,Kings XI Punjab,SE Marsh,2,70.0,52.0,2.0,0.0,0.0,0.0,0.0,6.7,0.0,6.7
2020,Kolkata Knight Riders,SP Narine,10,121.0,85.0,9.0,228.0,302.0,5.0,48.0,-19.3,-23.3,-42.6
2018,Royal Challengers Bangalore,MM Ali,5,77.0,46.0,4.0,79.0,97.0,3.0,1.0,5.2,6.7,11.9
2018,Delhi Daredevils,Avesh Khan,6,0.0,0.0,0.0,114.0,204.0,4.0,18.0,0.0,-48.5,-48.5
2015,Kings XI Punjab,Karanveer Singh,4,11.0,16.0,1.0,84.0,157.0,1.0,6.0,-12.4,-62.2,-74.6
2019,Mumbai Indians,MJ McClenaghan,5,11.0,16.0,2.0,108.0,142.0,3.0,18.0,-18.4,-4.3,-22.7
2026,Lucknow Super Giants,Akshat Raghuwanshi,2,29.0,25.0,2.0,0.0,0.0,0.0,0.0,-13.3,0.0,-13.3
2007,Delhi Daredevils,G Gambhir,14,534.0,379.0,13.0,0.0,0.0,0.0,0.0,88.9,0.0,88.9
2019,Kings XI Punjab,KK Nair,1,5.0,6.0,1.0,0.0,0.0,0.0,0.0,-7.5,0.0,-7.5
2024,Kolkata Knight Riders,Rahmanullah Gurbaz,2,62.0,46.0,2.0,0.0,0.0,0.0,0.0,-5.5,0.0,-5.5
2012,Chennai Super Kings,KMDN Kulasekara,4,5.0,3.0,0.0,84.0,94.0,4.0,30.0,2.0,15.7,17.7
2007,Mumbai Indians,DJ Thornely,5,39.0,53.0,3.0,42.0,40.0,3.0,0.0,-30.8,22.6,-8.1
2021,Sunrisers Hyderabad,JM Bairstow,7,248.0,175.0,6.0,0.0,0.0,0.0,0.0,39.4,0.0,39.4
2013,Pune Warriors,WD Parnell,4,5.0,7.0,1.0,89.0,137.0,6.0,35.0,-8.2,-12.6,-20.7
2019,Delhi Capitals,R Tewatia,4,26.0,22.0,1.0,38.0,42.0,2.0,2.0,-3.4,10.2,6.8
2014,Mumbai Indians,AT Rayudu,14,361.0,287.0,14.0,0.0,0.0,0.0,0.0,-11.0,0.0,-11.0
2022,Kolkata Knight Riders,B Indrajith,3,21.0,30.0,3.0,0.0,0.0,0.0,0.0,-26.3,0.0,-26.3
2023,Kolkata Knight Riders,LH Ferguson,3,0.0,0.0,0.0,46.0,96.0,1.0,16.0,0.0,-35.3,-35.3
2017,Gujarat Lions,NB Singh,2,0.0,0.0,0.0,24.0,15.0,1.0,0.0,0.0,17.8,17.8
2023,Gujarat Titans,Yash Dayal,5,0.0,0.0,0.0,84.0,165.0,2.0,18.0,0.0,-54.7,-54.7
2015,Kings XI Punjab,M Vijay,11,251.0,228.0,8.0,24.0,28.0,0.0,0.0,-19.7,-2.9,-22.6
2024,Mumbai Indians,Akash Madhwal,5,4.0,5.0,0.0,109.0,205.0,5.0,25.0,-2.4,-36.2,-38.6
2016,Kings XI Punjab,SE Marsh,6,159.0,134.0,5.0,0.0,0.0,0.0,0.0,-8.4,0.0,-8.4
2018,Mumbai Indians,PJ Sangwan,1,0.0,4.0,1.0,12.0,19.0,0.0,0.0,-10.6,-5.2,-15.7
2019,Kolkata Knight Riders,NS Naik,1,7.0,16.0,1.0,0.0,0.0,0.0,0.0,-16.4,0.0,-16.4
2013,Kolkata Knight Riders,Mohammed Shami,3,5.0,10.0,1.0,54.0,78.0,1.0,6.0,-11.2,-20.9,-32.2
2011,Mumbai Indians,R Sathish,5,25.0,34.0,2.0,31.0,41.0,0.0,1.0,-18.9,-10.0,-28.9
2015,Delhi Daredevils,MK Tiwary,3,57.0,56.0,2.0,0.0,0.0,0.0,0.0,-10.2,0.0,-10.2
2009,Kolkata Knight Riders,Yashpal Singh,4,47.0,66.0,4.0,0.0,0.0,0.0,0.0,-37.9,0.0,-37.9
2026,Sunrisers Hyderabad,JD Unadkat,4,4.0,3.0,0.0,77.0,140.0,4.0,23.0,0.3,-10.9,-10.7
2009,Rajasthan Royals,LA Carseldine,5,81.0,68.0,3.0,6.0,6.0,1.0,0.0,0.3,6.0,6.3
2023,Rajasthan Royals,KR Sen,2,0.0,0.0,0.0,18.0,28.0,0.0,0.0,0.0,-7.5,-7.5
2022,Sunrisers Hyderabad,SA Abbott,1,7.0,5.0,1.0,24.0,47.0,1.0,6.0,-4.6,-14.6,-19.2
2024,Delhi Capitals,Lalit Yadav,2,10.0,12.0,2.0,18.0,56.0,0.0,0.0,-16.1,-32.8,-48.9
2012,Mumbai Indians,NLTC Perera,2,4.0,9.0,1.0,15.0,27.0,0.0,3.0,-11.1,-11.9,-22.9
2012,Royal Challengers Bangalore,CA Pujara,3,17.0,22.0,3.0,0.0,0.0,0.0,0.0,-21.4,0.0,-21.4
2022,Chennai Super Kings,TU Deshpande,2,0.0,0.0,0.0,42.0,63.0,1.0,0.0,0.0,-13.2,-13.2
2025,Punjab Kings,Musheer Khan,1,0.0,3.0,1.0,12.0,27.0,1.0,0.0,-9.5,-6.3,-15.8
2026,Rajasthan Royals,LG Pretorius,2,7.0,8.0,1.0,0.0,0.0,0.0,0.0,-9.1,0.0,-9.1
2019,Kings XI Punjab,AS Rajpoot,4,0.0,0.0,0.0,96.0,152.0,3.0,18.0,0.0,-27.0,-27.0
2021,Sunrisers Hyderabad,Umran Malik,3,0.0,0.0,0.0,72.0,96.0,2.0,12.0,0.0,-11.1,-11.1
2013,Rajasthan Royals,GB Hogg,1,0.0,0.0,0.0,20.0,31.0,0.0,2.0,0.0,-11.8,-11.8
2017,Rising Pune Supergiant,RD Chahar,2,3.0,2.0,0.0,42.0,58.0,2.0,6.0,0.9,-1.6,-0.6
2021,Punjab Kings,AU Rashid,1,0.0,0.0,0.0,18.0,35.0,0.0,0.0,0.0,-17.3,-17.3
2022,Rajasthan Royals,NM Coulter-Nile,1,1.0,2.0,0.0,18.0,48.0,0.0,6.0,-1.3,-27.6,-28.9
2025,Gujarat Titans,BKG Mendis,1,20.0,10.0,1.0,0.0,0.0,0.0,0.0,1.3,0.0,1.3
2017,Gujarat Lions,SB Jakati,2,0.0,0.0,0.0,30.0,52.0,0.0,0.0,0.0,-20.1,-20.1
2013,Rajasthan Royals,SW Tait,3,1.0,3.0,1.0,60.0,98.0,1.0,12.0,-8.1,-34.7,-42.8
2012,Mumbai Indians,RE Levi,6,83.0,73.0,6.0,0.0,0.0,0.0,0.0,-20.7,0.0,-20.7
2026,Kolkata Knight Riders,SR Dubey,4,4.0,2.0,0.0,77.0,106.0,5.0,25.0,1.5,30.6,32.1
2019,Kolkata Knight Riders,CR Brathwaite,2,11.0,10.0,2.0,18.0,29.0,0.0,0.0,-11.9,-9.7,-21.5
2025,Sunrisers Hyderabad,A Zampa,2,0.0,0.0,0.0,48.0,94.0,2.0,12.0,0.0,-21.9,-21.9
2023,Chennai Super Kings,SSB Magala,2,0.0,0.0,0.0,36.0,51.0,1.0,12.0,0.0,-2.1,-2.1
2024,Gujarat Titans,A Manohar,2,9.0,16.0,2.0,0.0,0.0,0.0,0.0,-21.7,0.0,-21.7
2011,Pune Warriors,TD Paine,2,10.0,26.0,2.0,0.0,0.0,0.0,0.0,-24.5,0.0,-24.5
2020,Rajasthan Royals,VR Aaron,3,1.0,10.0,1.0,48.0,94.0,0.0,6.0,-16.6,-42.7,-59.2
2024,Sunrisers Hyderabad,Umran Malik,1,0.0,0.0,0.0,6.0,15.0,0.0,0.0,0.0,-7.9,-7.9
2014,Royal Challengers Bangalore,R Rampaul,2,13.0,13.0,1.0,36.0,37.0,1.0,0.0,-6.1,5.7,-0.4
2025,Sunrisers Hyderabad,Atharva Taide,1,13.0,9.0,1.0,0.0,0.0,0.0,0.0,-4.5,0.0,-4.5
2014,Royal Challengers Bangalore,SB Jakati,1,0.0,0.0,0.0,22.0,41.0,0.0,4.0,0.0,-17.7,-17.7
2020,Kolkata Knight Riders,RK Singh,1,11.0,11.0,1.0,0.0,0.0,0.0,0.0,-6.1,0.0,-6.1
2021,Punjab Kings,DJ Malan,1,26.0,26.0,1.0,0.0,0.0,0.0,0.0,-4.6,0.0,-4.6
2024,Punjab Kings,Atharva Taide,2,61.0,39.0,2.0,1.0,4.0,0.0,1.0,2.1,-2.6,-0.5
2011,Deccan Chargers,S Dhawan,14,400.0,310.0,11.0,12.0,11.0,1.0,0.0,54.2,7.0,61.1
2013,Chennai Super Kings,R Ashwin,18,35.0,49.0,4.0,348.0,390.0,15.0,30.0,-34.6,32.0,-2.7
2021,Chennai Super Kings,SM Curran,9,56.0,29.0,3.0,198.0,328.0,9.0,60.0,10.0,-63.5,-53.6
2014,Royal Challengers Bangalore,VH Zol,2,29.0,26.0,2.0,0.0,0.0,0.0,0.0,-8.0,0.0,-8.0
2019,Sunrisers Hyderabad,DA Warner,12,692.0,481.0,10.0,0.0,0.0,0.0,0.0,125.2,0.0,125.2
2014,Kings XI Punjab,GJ Maxwell,16,552.0,294.0,16.0,66.0,132.0,1.0,0.0,159.7,-57.1,102.6
2015,Kings XI Punjab,Anureet Singh,14,18.0,31.0,3.0,310.0,465.0,15.0,118.0,-34.4,-29.6,-64.0
2018,Royal Challengers Bangalore,Washington Sundar,7,65.0,38.0,3.0,120.0,192.0,4.0,6.0,5.0,-35.6,-30.6
2012,Rajasthan Royals,SK Trivedi,14,5.0,6.0,0.0,312.0,380.0,13.0,66.0,-1.1,13.2,12.1
2024,Rajasthan Royals,SV Samson,15,531.0,346.0,11.0,0.0,0.0,0.0,0.0,56.8,0.0,56.8
2011,Kolkata Knight Riders,MV Boucher,3,6.0,6.0,1.0,0.0,0.0,0.0,0.0,-5.7,0.0,-5.7
2024,Kolkata Knight Riders,AD Russell,14,222.0,120.0,6.0,176.0,295.0,19.0,56.0,41.2,39.2,80.4
2019,Chennai Super Kings,KM Jadhav,12,162.0,169.0,9.0,0.0,0.0,0.0,0.0,-68.3,0.0,-68.3
2022,Rajasthan Royals,D Padikkal,17,376.0,306.0,17.0,0.0,0.0,0.0,0.0,-35.9,0.0,-35.9
2023,Rajasthan Royals,D Padikkal,11,261.0,200.0,10.0,0.0,0.0,0.0,0.0,-20.0,0.0,-20.0
2025,Royal Challengers Bengaluru,D Padikkal,10,247.0,164.0,9.0,0.0,0.0,0.0,0.0,-5.2,0.0,-5.2
2018,Rajasthan Royals,K Gowtham,15,126.0,64.0,9.0,240.0,312.0,11.0,6.0,1.3,24.4,25.6
2026,Kolkata Knight Riders,VG Arora,10,1.0,3.0,0.0,228.0,390.0,11.0,90.0,-2.7,-12.3,-15.0
2025,Delhi Capitals,Kuldeep Yadav,14,18.0,16.0,3.0,318.0,390.0,15.0,60.0,-19.4,95.9,76.5
2012,Kings XI Punjab,P Kumar,16,35.0,30.0,2.0,378.0,434.0,9.0,72.0,-7.5,-1.8,-9.2
2017,Mumbai Indians,Harbhajan Singh,11,16.0,16.0,1.0,246.0,266.0,8.0,0.0,-6.4,44.3,37.8
2011,Delhi Daredevils,JR Hopes,9,196.0,158.0,5.0,192.0,272.0,7.0,48.0,18.0,-35.6,-17.7
2011,Pune Warriors,AC Thomas,11,1.0,4.0,0.0,231.0,297.0,11.0,81.0,-2.8,-5.3,-8.1
2016,Sunrisers Hyderabad,EJG Morgan,6,123.0,105.0,5.0,0.0,0.0,0.0,0.0,-17.6,0.0,-17.6
2007,Royal Challengers Bangalore,MV Boucher,10,225.0,177.0,7.0,0.0,0.0,0.0,0.0,4.2,0.0,4.2
2021,Rajasthan Royals,JD Unadkat,6,41.0,29.0,2.0,132.0,168.0,4.0,0.0,1.1,-6.8,-5.7
2017,Gujarat Lions,P Kumar,6,8.0,9.0,1.0,99.0,151.0,6.0,21.0,-7.2,-4.8,-12.1
2011,Kochi Tuskers Kerala,BB McCullum,13,357.0,275.0,13.0,0.0,0.0,0.0,0.0,33.1,0.0,33.1
2013,Pune Warriors,LRPL Taylor,5,63.0,76.0,4.0,0.0,0.0,0.0,0.0,-30.3,0.0,-30.3
2015,Mumbai Indians,MJ McClenaghan,12,13.0,6.0,1.0,282.0,386.0,18.0,84.0,0.1,31.0,31.0
2013,Delhi Daredevils,V Sehwag,13,295.0,233.0,12.0,6.0,9.0,0.0,0.0,19.6,-3.3,16.2
2023,Gujarat Titans,WP Saha,17,371.0,287.0,16.0,0.0,0.0,0.0,0.0,-46.3,0.0,-46.3
2016,Royal Challengers Bangalore,CJ Jordan,9,3.0,4.0,0.0,168.0,258.0,11.0,60.0,-1.5,-2.9,-4.3
2018,Kings XI Punjab,DA Miller,3,74.0,64.0,2.0,0.0,0.0,0.0,0.0,-5.8,0.0,-5.8
2022,Royal Challengers Bangalore,PWH de Silva,16,38.0,43.0,7.0,342.0,430.0,26.0,72.0,-50.4,104.5,54.1
2024,Chennai Super Kings,TU Deshpande,13,0.0,1.0,0.0,288.0,424.0,17.0,96.0,-1.3,55.7,54.4
2024,Lucknow Super Giants,D Padikkal,7,38.0,53.0,7.0,0.0,0.0,0.0,0.0,-66.8,0.0,-66.8
2019,Sunrisers Hyderabad,S Nadeem,3,0.0,0.0,0.0,54.0,90.0,2.0,6.0,0.0,-20.1,-20.1
2024,Rajasthan Royals,Avesh Khan,15,10.0,5.0,0.0,329.0,526.0,19.0,131.0,3.6,14.0,17.6
2012,Delhi Daredevils,V Sehwag,16,495.0,307.0,15.0,24.0,45.0,0.0,6.0,119.0,-20.6,98.4
2021,Kolkata Knight Riders,CV Varun,17,2.0,4.0,0.0,408.0,448.0,18.0,54.0,-1.9,75.2,73.3
2023,Kolkata Knight Riders,VG Arora,5,3.0,2.0,0.0,96.0,146.0,5.0,36.0,0.7,0.8,1.5
2021,Punjab Kings,KL Rahul,13,626.0,451.0,9.0,0.0,0.0,0.0,0.0,127.6,0.0,127.6
2014,Delhi Daredevils,WD Parnell,8,2.0,2.0,1.0,181.0,223.0,6.0,55.0,-6.2,8.2,1.9
2016,Mumbai Indians,JC Buttler,14,255.0,184.0,11.0,0.0,0.0,0.0,0.0,-4.2,0.0,-4.2
2026,Lucknow Super Giants,MR Marsh,13,563.0,345.0,12.0,0.0,0.0,0.0,0.0,50.8,0.0,50.8
2013,Kolkata Knight Riders,B Lee,3,21.0,12.0,1.0,72.0,86.0,4.0,24.0,3.1,8.5,11.6
2020,Kolkata Knight Riders,EJG Morgan,14,418.0,302.0,10.0,0.0,0.0,0.0,0.0,38.8,0.0,38.8
2020,Sunrisers Hyderabad,JM Bairstow,11,345.0,272.0,11.0,0.0,0.0,0.0,0.0,4.6,0.0,4.6
2024,Gujarat Titans,DA Miller,9,210.0,139.0,6.0,0.0,0.0,0.0,0.0,8.3,0.0,8.3
2024,Sunrisers Hyderabad,JD Unadkat,11,24.0,26.0,2.0,187.0,319.0,8.0,43.0,-20.4,-39.4,-59.8
2009,Chennai Super Kings,M Muralitharan,25,9.0,10.0,3.0,588.0,590.0,29.0,114.0,-19.0,159.2,140.2
2016,Delhi Daredevils,Z Khan,12,6.0,13.0,2.0,262.0,337.0,10.0,63.0,-20.5,11.7,-8.8
2007,Deccan Chargers,SB Bangar,9,47.0,49.0,5.0,150.0,219.0,4.0,24.0,-33.1,-33.9,-67.0
2009,Mumbai Indians,DS Kulkarni,9,9.0,17.0,2.0,180.0,246.0,6.0,18.0,-20.0,-31.0,-51.0
2023,Sunrisers Hyderabad,GD Phillips,5,39.0,22.0,5.0,18.0,20.0,1.0,0.0,-15.6,6.5,-9.1
2021,Punjab Kings,Arshdeep Singh,12,2.0,3.0,0.0,248.0,342.0,18.0,92.0,-0.9,27.8,26.9
2015,Rajasthan Royals,SPD Smith,12,293.0,221.0,11.0,0.0,0.0,0.0,0.0,2.0,0.0,2.0
2015,Sunrisers Hyderabad,A Ashish Reddy,6,73.0,46.0,3.0,36.0,50.0,3.0,18.0,3.8,9.2,12.9
2015,Mumbai Indians,LMP Simmons,13,540.0,441.0,12.0,0.0,0.0,0.0,0.0,31.1,0.0,31.1
2016,Sunrisers Hyderabad,AP Tare,2,8.0,15.0,2.0,0.0,0.0,0.0,0.0,-19.0,0.0,-19.0
2021,Royal Challengers Bangalore,D Padikkal,14,411.0,328.0,13.0,0.0,0.0,0.0,0.0,6.7,0.0,6.7
2019,Kolkata Knight Riders,Shubman Gill,13,296.0,238.0,9.0,0.0,0.0,0.0,0.0,-8.6,0.0,-8.6
2011,Kochi Tuskers Kerala,BJ Hodge,14,285.0,236.0,8.0,66.0,77.0,7.0,6.0,15.1,31.2,46.4
2012,Kolkata Knight Riders,JH Kallis,17,409.0,384.0,16.0,324.0,403.0,15.0,54.0,-50.0,11.5,-38.5
2009,Chennai Super Kings,S Badrinath,26,533.0,467.0,20.0,0.0,0.0,0.0,0.0,-18.2,0.0,-18.2
2009,Deccan Chargers,Anirudh Singh,4,63.0,66.0,4.0,0.0,0.0,0.0,0.0,-21.6,0.0,-21.6
2016,Delhi Daredevils,JP Duminy,9,191.0,156.0,5.0,42.0,55.0,2.0,0.0,-3.2,2.0,-1.2
2011,Kolkata Knight Riders,B Lee,12,5.0,9.0,2.0,272.0,338.0,5.0,110.0,-15.7,-41.0,-56.6
2012,Deccan Chargers,JP Duminy,9,244.0,190.0,3.0,72.0,104.0,1.0,0.0,40.7,-27.2,13.4
2021,Delhi Capitals,K Rabada,15,13.0,6.0,0.0,336.0,456.0,15.0,102.0,7.2,-17.9,-10.7
2016,Kings XI Punjab,KC Cariappa,5,13.0,11.0,1.0,102.0,159.0,3.0,6.0,-4.5,-31.0,-35.5
2015,Mumbai Indians,J Suchith,12,48.0,32.0,1.0,234.0,337.0,10.0,6.0,6.6,-31.9,-25.3
2026,Mumbai Indians,TA Boult,5,8.0,4.0,1.0,97.0,188.0,2.0,25.0,-2.9,-44.6,-47.6
2015,Kings XI Punjab,MG Johnson,9,31.0,36.0,4.0,215.0,336.0,9.0,41.0,-33.6,-50.4,-84.0
2007,Chennai Super Kings,MS Gony,16,35.0,23.0,1.0,360.0,443.0,17.0,30.0,4.8,32.7,37.6
2017,Sunrisers Hyderabad,Rashid Khan,14,11.0,9.0,2.0,324.0,358.0,17.0,30.0,-10.2,89.6,79.3
2014,Kings XI Punjab,GJ Bailey,16,257.0,190.0,9.0,0.0,0.0,0.0,0.0,-1.6,0.0,-1.6
2016,Royal Challengers Bangalore,TM Head,3,54.0,40.0,2.0,0.0,0.0,0.0,0.0,-1.6,0.0,-1.6
2014,Kings XI Punjab,Sandeep Sharma,11,2.0,5.0,0.0,241.0,354.0,18.0,43.0,-3.6,7.1,3.5
2016,Rising Pune Supergiants,IK Pathan,4,11.0,13.0,2.0,48.0,61.0,0.0,6.0,-14.5,-8.7,-23.2
2017,Delhi Daredevils,CJ Anderson,11,142.0,123.0,7.0,113.0,186.0,3.0,36.0,-25.5,-46.8,-72.4
2012,Kolkata Knight Riders,B Lee,10,42.0,20.0,2.0,228.0,299.0,7.0,78.0,10.1,-24.7,-14.6
2026,Gujarat Titans,B Sai Sudharsan,17,722.0,457.0,16.0,0.0,0.0,0.0,0.0,43.4,0.0,43.4
2022,Mumbai Indians,D Brevis,7,161.0,113.0,7.0,3.0,8.0,1.0,3.0,6.3,1.8,8.1
2013,Sunrisers Hyderabad,A Mishra,17,89.0,96.0,3.0,372.0,394.0,21.0,84.0,-19.0,97.4,78.5
2018,Sunrisers Hyderabad,Rashid Khan,17,59.0,31.0,5.0,408.0,458.0,21.0,114.0,-5.3,125.8,120.5
2014,Delhi Daredevils,JP Duminy,14,410.0,305.0,8.0,198.0,240.0,3.0,12.0,43.8,-14.2,29.6
2024,Royal Challengers Bengaluru,F du Plessis,15,438.0,271.0,14.0,0.0,0.0,0.0,0.0,28.3,0.0,28.3
2024,Mumbai Indians,S Gopal,3,0.0,0.0,0.0,42.0,67.0,3.0,0.0,0.0,0.6,0.6
2019,Sunrisers Hyderabad,V Shankar,14,244.0,193.0,11.0,48.0,70.0,1.0,18.0,-22.7,-11.3,-34.0
2022,Rajasthan Royals,YBK Jaiswal,10,258.0,194.0,10.0,1.0,6.0,0.0,1.0,6.4,-4.7,1.7
2015,Mumbai Indians,UBT Chand,5,102.0,83.0,5.0,0.0,0.0,0.0,0.0,-11.7,0.0,-11.7
2024,Sunrisers Hyderabad,Abdul Samad,12,182.0,108.0,9.0,0.0,0.0,0.0,0.0,-2.7,0.0,-2.7
2026,Royal Challengers Bengaluru,Rasikh Salam,12,3.0,2.0,0.0,257.0,405.0,19.0,83.0,0.5,55.2,55.7
2024,Gujarat Titans,R Sai Kishore,5,13.0,6.0,1.0,90.0,137.0,7.0,18.0,-0.7,16.5,15.9
2017,Kings XI Punjab,Swapnil Singh,4,12.0,19.0,2.0,42.0,61.0,1.0,0.0,-19.2,-10.9,-30.1
2009,Chennai Super Kings,Joginder Sharma,7,20.0,18.0,1.0,90.0,146.0,4.0,12.0,-4.0,-34.3,-38.3
2025,Royal Challengers Bengaluru,TH David,9,187.0,101.0,3.0,0.0,0.0,0.0,0.0,47.5,0.0,47.5
2013,Mumbai Indians,MM Patel,4,0.0,0.0,0.0,90.0,137.0,3.0,30.0,0.0,-30.5,-30.5
2023,Sunrisers Hyderabad,Abhishek Sharma,11,226.0,157.0,11.0,72.0,124.0,2.0,6.0,-14.6,-30.3,-44.9
2019,Kings XI Punjab,AJ Tye,6,0.0,2.0,0.0,132.0,233.0,3.0,54.0,-2.2,-67.7,-69.9
2023,Chennai Super Kings,DL Chahar,10,1.0,2.0,0.0,204.0,297.0,13.0,24.0,-1.3,24.7,23.4
2023,Gujarat Titans,MM Sharma,14,0.0,1.0,0.0,265.0,361.0,27.0,115.0,-1.1,115.6,114.4
2012,Kings XI Punjab,N Saini,10,140.0,141.0,10.0,0.0,0.0,0.0,0.0,-51.7,0.0,-51.7
2015,Kolkata Knight Riders,RV Uthappa,13,364.0,277.0,12.0,0.0,0.0,0.0,0.0,18.7,0.0,18.7
2012,Rajasthan Royals,SP Goswami,6,69.0,67.0,5.0,0.0,0.0,0.0,0.0,-25.2,0.0,-25.2
2009,Kolkata Knight Riders,MC Henriques,4,38.0,40.0,2.0,73.0,107.0,2.0,24.0,-11.1,-21.3,-32.4
2021,Kolkata Knight Riders,M Prasidh Krishna,10,0.0,1.0,0.0,231.0,351.0,12.0,81.0,-1.0,-39.7,-40.6
2020,Delhi Capitals,AT Carey,3,32.0,29.0,2.0,0.0,0.0,0.0,0.0,-13.6,0.0,-13.6
2012,Pune Warriors,CJ Ferguson,4,50.0,63.0,4.0,0.0,0.0,0.0,0.0,-33.7,0.0,-33.7
2021,Mumbai Indians,JJ Bumrah,14,16.0,17.0,2.0,330.0,410.0,21.0,144.0,-12.5,63.4,51.0
2021,Sunrisers Hyderabad,KK Ahmed,7,1.0,2.0,1.0,162.0,219.0,5.0,42.0,-6.9,-20.8,-27.8
2019,Royal Challengers Bangalore,NA Saini,13,2.0,4.0,1.0,288.0,397.0,11.0,90.0,-8.1,-7.0,-15.2
2016,Rising Pune Supergiants,SS Tiwary,7,170.0,141.0,6.0,0.0,0.0,0.0,0.0,-9.8,0.0,-9.8
2020,Delhi Capitals,SS Iyer,17,519.0,421.0,15.0,0.0,0.0,0.0,0.0,-1.8,0.0,-1.8
2026,Delhi Capitals,Mukesh Kumar,10,0.0,0.0,0.0,188.0,353.0,6.0,42.0,0.0,-61.8,-61.8
2022,Chennai Super Kings,AT Rayudu,11,274.0,224.0,10.0,0.0,0.0,0.0,0.0,-14.0,0.0,-14.0
2012,Kings XI Punjab,RJ Harris,5,18.0,11.0,1.0,108.0,130.0,8.0,18.0,0.8,26.0,26.8
2017,Delhi Daredevils,Mohammed Shami,8,36.0,24.0,4.0,156.0,243.0,5.0,30.0,-12.6,-42.9,-55.4
2022,Punjab Kings,P Simran Singh,1,14.0,11.0,1.0,0.0,0.0,0.0,0.0,-2.7,0.0,-2.7
2024,Chennai Super Kings,M Theekshana,5,0.0,0.0,0.0,120.0,144.0,2.0,6.0,0.0,16.2,16.2
2018,Sunrisers Hyderabad,B Kumar,12,13.0,16.0,1.0,277.0,354.0,9.0,91.0,-11.2,24.3,13.1
2017,Rising Pune Supergiant,F du Plessis,1,8.0,7.0,1.0,0.0,0.0,0.0,0.0,-5.3,0.0,-5.3
2007,Rajasthan Royals,T Kohli,2,10.0,15.0,2.0,0.0,0.0,0.0,0.0,-16.5,0.0,-16.5
2016,Mumbai Indians,UBT Chand,1,0.0,4.0,1.0,0.0,0.0,0.0,0.0,-10.0,0.0,-10.0
2011,Kolkata Knight Riders,BJ Haddin,1,18.0,11.0,1.0,0.0,0.0,0.0,0.0,2.5,0.0,2.5
2016,Kolkata Knight Riders,GB Hogg,5,0.0,0.0,0.0,96.0,142.0,4.0,24.0,0.0,-11.5,-11.5
2018,Sunrisers Hyderabad,B Stanlake,4,5.0,2.0,0.0,96.0,130.0,5.0,6.0,2.7,7.7,10.4
2013,Rajasthan Royals,R Dravid,17,471.0,425.0,16.0,0.0,0.0,0.0,0.0,0.6,0.0,0.6
2026,Gujarat Titans,Kumar Kushagra,1,18.0,14.0,1.0,0.0,0.0,0.0,0.0,-6.3,0.0,-6.3
2022,Gujarat Titans,AS Joseph,9,5.0,7.0,1.0,180.0,264.0,7.0,54.0,-9.1,-20.9,-29.9
2011,Royal Challengers Bangalore,R Ninan,2,3.0,6.0,1.0,36.0,65.0,3.0,6.0,-8.8,-10.7,-19.5
2023,Lucknow Super Giants,Yash Thakur,9,0.0,0.0,0.0,191.0,289.0,13.0,83.0,0.0,17.5,17.5
2022,Lucknow Super Giants,Avesh Khan,13,22.0,13.0,1.0,286.0,416.0,18.0,106.0,1.6,14.8,16.4
2013,Mumbai Indians,NM Coulter-Nile,1,9.0,6.0,1.0,24.0,29.0,1.0,0.0,-3.1,-1.1,-4.2
2015,Delhi Daredevils,SS Tiwary,6,109.0,78.0,0.0,0.0,0.0,0.0,0.0,21.8,0.0,21.8
2026,Gujarat Titans,N Sindhu,5,63.0,50.0,5.0,0.0,0.0,0.0,0.0,-30.2,0.0,-30.2
2018,Rajasthan Royals,DJM Short,7,115.0,99.0,7.0,18.0,19.0,1.0,0.0,-33.6,6.3,-27.4
2021,Punjab Kings,M Shahrukh Khan,10,153.0,114.0,6.0,0.0,0.0,0.0,0.0,7.9,0.0,7.9
2011,Chennai Super Kings,S Randiv,8,2.0,4.0,1.0,174.0,223.0,6.0,18.0,-7.8,-13.2,-21.0
2007,Delhi Daredevils,AB de Villiers,6,95.0,98.0,4.0,0.0,0.0,0.0,0.0,-25.6,0.0,-25.6
2011,Chennai Super Kings,S Badrinath,13,396.0,313.0,6.0,0.0,0.0,0.0,0.0,66.3,0.0,66.3
2012,Mumbai Indians,CJ McKay,2,8.0,15.0,1.0,42.0,60.0,1.0,12.0,-12.1,-11.3,-23.4
2017,Sunrisers Hyderabad,Mohammad Nabi,3,2.0,3.0,1.0,66.0,58.0,2.0,0.0,-7.1,25.7,18.7
2017,Gujarat Lions,SS Agarwal,1,0.0,0.0,0.0,24.0,42.0,1.0,0.0,0.0,-10.4,-10.4
2012,Mumbai Indians,KA Pollard,14,220.0,159.0,9.0,263.0,350.0,16.0,48.0,11.5,10.8,22.3
2017,Kings XI Punjab,MP Stoinis,5,17.0,24.0,3.0,63.0,110.0,2.0,15.0,-25.7,-30.5,-56.2
2017,Kings XI Punjab,R Tewatia,3,19.0,11.0,1.0,54.0,49.0,3.0,0.0,1.6,26.1,27.7
2009,Royal Challengers Bangalore,ND Doshi,1,0.0,0.0,0.0,24.0,17.0,1.0,6.0,0.0,12.6,12.6
2015,Kolkata Knight Riders,KC Cariappa,1,0.0,0.0,0.0,12.0,28.0,1.0,0.0,0.0,-9.6,-9.6
2022,Delhi Capitals,TL Seifert,2,24.0,19.0,2.0,0.0,0.0,0.0,0.0,-6.5,0.0,-6.5
2015,Royal Challengers Bangalore,Mandeep Singh,9,157.0,100.0,6.0,0.0,0.0,0.0,0.0,19.7,0.0,19.7
2022,Mumbai Indians,R Sanjay Yadav,1,0.0,2.0,1.0,12.0,23.0,0.0,0.0,-8.3,-10.4,-18.7
2024,Delhi Capitals,I Sharma,9,1.0,7.0,0.0,162.0,265.0,10.0,24.0,-7.9,3.3,-4.6
2016,Royal Challengers Bangalore,SN Khan,4,66.0,31.0,2.0,0.0,0.0,0.0,0.0,19.8,0.0,19.8
2019,Mumbai Indians,E Lewis,3,48.0,52.0,3.0,0.0,0.0,0.0,0.0,-24.6,0.0,-24.6
2023,Lucknow Super Giants,Swapnil Singh,2,2.0,4.0,0.0,12.0,18.0,0.0,0.0,-2.6,-4.6,-7.2
2016,Mumbai Indians,LMP Simmons,1,8.0,8.0,1.0,0.0,0.0,0.0,0.0,-6.0,0.0,-6.0
2019,Kings XI Punjab,CV Varun,1,0.0,0.0,0.0,18.0,35.0,1.0,0.0,0.0,-9.7,-9.7
2017,Rising Pune Supergiant,A Zampa,6,5.0,7.0,1.0,119.0,163.0,7.0,17.0,-8.1,4.9,-3.2
2025,Chennai Super Kings,RA Tripathi,5,55.0,57.0,5.0,0.0,0.0,0.0,0.0,-45.4,0.0,-45.4
2025,Royal Challengers Bengaluru,Rasikh Salam,2,0.0,0.0,0.0,36.0,70.0,1.0,6.0,0.0,-18.6,-18.6
2015,Mumbai Indians,P Suyal,3,0.0,0.0,0.0,60.0,95.0,0.0,24.0,0.0,-28.0,-28.0
2021,Delhi Capitals,LI Meriwala,1,0.0,0.0,0.0,18.0,32.0,1.0,0.0,0.0,-7.2,-7.2
2023,Punjab Kings,Mohit Rathee,1,1.0,2.0,0.0,12.0,29.0,0.0,0.0,-1.3,-15.6,-16.9
2025,Kolkata Knight Riders,A Nortje,2,0.0,0.0,0.0,42.0,83.0,1.0,12.0,0.0,-22.2,-22.2
2024,Delhi Capitals,Kumar Kushagra,3,3.0,7.0,3.0,0.0,0.0,0.0,0.0,-23.3,0.0,-23.3
2009,Delhi Daredevils,VY Mahesh,2,0.0,0.0,0.0,30.0,48.0,2.0,6.0,0.0,-6.1,-6.1
2026,Gujarat Titans,MJ Suthar,3,0.0,0.0,0.0,36.0,68.0,2.0,18.0,0.0,-8.8,-8.8
2017,Gujarat Lions,MM Patel,2,0.0,1.0,1.0,42.0,57.0,1.0,0.0,-7.0,-6.5,-13.5
2009,Rajasthan Royals,SW Tait,8,12.0,13.0,1.0,187.0,264.0,10.0,79.0,-6.4,-10.4,-16.9
2014,Mumbai Indians,M de Lange,1,1.0,2.0,1.0,24.0,32.0,2.0,6.0,-7.2,5.9,-1.4
2011,Kochi Tuskers Kerala,Y Gnaneswara Rao,2,19.0,17.0,1.0,6.0,7.0,0.0,0.0,-2.0,-1.0,-3.0
2021,Sunrisers Hyderabad,Virat Singh,2,15.0,26.0,2.0,0.0,0.0,0.0,0.0,-21.6,0.0,-21.6
2011,Deccan Chargers,IR Jaggi,2,28.0,37.0,2.0,0.0,0.0,0.0,0.0,-17.1,0.0,-17.1
2022,Punjab Kings,PN Mankad,1,4.0,1.0,0.0,0.0,0.0,0.0,0.0,2.8,0.0,2.8
2024,Rajasthan Royals,KA Maharaj,2,1.0,2.0,1.0,36.0,39.0,2.0,0.0,-7.6,16.1,8.6
2021,Punjab Kings,CJ Jordan,4,32.0,21.0,2.0,72.0,96.0,4.0,24.0,-0.3,1.4,1.1
2011,Deccan Chargers,MJ Lumb,1,0.0,2.0,1.0,0.0,0.0,0.0,0.0,-7.7,0.0,-7.7
2011,Rajasthan Royals,PR Shah,1,5.0,5.0,1.0,0.0,0.0,0.0,0.0,-5.8,0.0,-5.8
2017,Delhi Daredevils,AP Tare,3,18.0,23.0,3.0,0.0,0.0,0.0,0.0,-24.5,0.0,-24.5
2023,Royal Challengers Bangalore,Akash Deep,2,17.0,8.0,1.0,30.0,59.0,1.0,6.0,2.0,-17.7,-15.7
2024,Kolkata Knight Riders,MK Pandey,1,42.0,31.0,1.0,0.0,0.0,0.0,0.0,0.3,0.0,0.3
2017,Kings XI Punjab,EJG Morgan,4,65.0,62.0,4.0,0.0,0.0,0.0,0.0,-22.7,0.0,-22.7
2015,Kings XI Punjab,SE Marsh,4,81.0,58.0,4.0,0.0,0.0,0.0,0.0,-0.0,0.0,-0.0
2021,Chennai Super Kings,Imran Tahir,1,0.0,0.0,0.0,24.0,16.0,2.0,0.0,0.0,19.6,19.6
2017,Royal Challengers Bangalore,Iqbal Abdulla,2,5.0,7.0,0.0,30.0,55.0,2.0,0.0,-2.2,-10.7,-12.9
2019,Royal Challengers Bangalore,Gurkeerat Singh,3,98.0,70.0,3.0,0.0,0.0,0.0,0.0,6.7,0.0,6.7
2026,Punjab Kings,Yash Thakur,1,0.0,0.0,0.0,24.0,55.0,2.0,6.0,0.0,-10.5,-10.5
2012,Mumbai Indians,AC Blizzard,1,0.0,3.0,1.0,0.0,0.0,0.0,0.0,-8.8,0.0,-8.8
2009,Chennai Super Kings,NLTC Perera,1,0.0,0.0,0.0,6.0,19.0,0.0,6.0,0.0,-12.3,-12.3
2025,Kolkata Knight Riders,C Sakariya,1,0.0,0.0,0.0,18.0,39.0,0.0,0.0,0.0,-15.6,-15.6
2022,Sunrisers Hyderabad,Abhishek Sharma,14,426.0,320.0,14.0,24.0,38.0,0.0,0.0,24.8,-12.4,12.4
2022,Sunrisers Hyderabad,J Suchith,5,2.0,8.0,2.0,108.0,140.0,7.0,6.0,-18.3,17.7,-0.5
2017,Kolkata Knight Riders,CA Lynn,7,295.0,163.0,6.0,0.0,0.0,0.0,0.0,89.4,0.0,89.4
2022,Mumbai Indians,TH David,8,186.0,86.0,5.0,0.0,0.0,0.0,0.0,60.1,0.0,60.1
2013,Rajasthan Royals,JP Faulkner,16,57.0,57.0,5.0,379.0,427.0,28.0,151.0,-28.1,119.0,90.9
2021,Delhi Capitals,AR Patel,12,40.0,46.0,5.0,276.0,306.0,15.0,30.0,-34.0,62.6,28.6
2026,Delhi Capitals,AR Patel,14,173.0,132.0,10.0,264.0,360.0,11.0,12.0,-48.8,52.3,3.6
2024,Mumbai Indians,G Coetzee,10,14.0,22.0,4.0,201.0,341.0,13.0,69.0,-37.5,-3.2,-40.7
2013,Rajasthan Royals,AM Rahane,18,488.0,458.0,14.0,0.0,0.0,0.0,0.0,-4.8,0.0,-4.8
2014,Sunrisers Hyderabad,DW Steyn,14,22.0,26.0,2.0,336.0,431.0,11.0,102.0,-18.8,-2.8,-21.6
2017,Gujarat Lions,RA Jadeja,12,158.0,113.0,4.0,228.0,349.0,5.0,24.0,19.3,-77.9,-58.6
2023,Gujarat Titans,Noor Ahmad,13,8.0,9.0,2.0,283.0,369.0,16.0,43.0,-14.1,51.5,37.4
2024,Mumbai Indians,HH Pandya,14,216.0,151.0,12.0,216.0,387.0,11.0,36.0,-32.4,-52.2,-84.6
2011,Kochi Tuskers Kerala,RA Jadeja,14,283.0,228.0,9.0,252.0,305.0,8.0,66.0,12.5,-3.0,9.5
2009,Delhi Daredevils,A Nehra,17,24.0,21.0,1.0,390.0,442.0,25.0,138.0,-3.0,110.2,107.2
2012,Pune Warriors,M Kartik,11,26.0,21.0,0.0,216.0,266.0,4.0,6.0,4.7,-29.0,-24.3
2024,Royal Challengers Bengaluru,GJ Maxwell,10,52.0,43.0,9.0,96.0,129.0,6.0,6.0,-51.6,24.9,-26.6
2023,Delhi Capitals,DA Warner,14,516.0,392.0,13.0,0.0,0.0,0.0,0.0,2.9,0.0,2.9
2024,Rajasthan Royals,SO Hetmyer,9,113.0,69.0,5.0,0.0,0.0,0.0,0.0,-2.2,0.0,-2.2
2012,Delhi Daredevils,UBT Chand,2,36.0,34.0,2.0,0.0,0.0,0.0,0.0,-7.5,0.0,-7.5
2026,Sunrisers Hyderabad,Aniket Verma,8,79.0,54.0,5.0,0.0,0.0,0.0,0.0,-17.5,0.0,-17.5
2018,Kolkata Knight Riders,Shivam Mavi,9,13.0,15.0,3.0,168.0,270.0,5.0,42.0,-22.1,-46.8,-68.9
2026,Royal Challengers Bengaluru,KH Pandya,16,226.0,155.0,6.0,303.0,425.0,14.0,15.0,-0.7,45.5,44.8
2009,Royal Challengers Bangalore,Pankaj Singh,5,2.0,4.0,2.0,90.0,146.0,4.0,12.0,-14.0,-32.5,-46.4
2022,Sunrisers Hyderabad,Umran Malik,14,4.0,8.0,1.0,295.0,444.0,22.0,37.0,-11.2,9.5,-1.7
2023,Punjab Kings,Arshdeep Singh,14,2.0,2.0,0.0,305.0,493.0,17.0,101.0,-0.3,-25.2,-25.4
2021,Punjab Kings,MA Agarwal,12,441.0,314.0,11.0,0.0,0.0,0.0,0.0,65.5,0.0,65.5
2016,Delhi Daredevils,CH Morris,12,195.0,109.0,3.0,264.0,308.0,13.0,96.0,58.4,66.8,125.1
2007,Deccan Chargers,SB Styris,8,112.0,123.0,6.0,162.0,199.0,3.0,48.0,-47.2,-5.7,-52.8
2019,Chennai Super Kings,Harbhajan Singh,11,1.0,3.0,1.0,264.0,312.0,16.0,18.0,-8.3,74.5,66.2
2021,Sunrisers Hyderabad,JJ Roy,5,150.0,121.0,5.0,0.0,0.0,0.0,0.0,-0.3,0.0,-0.3
2023,Lucknow Super Giants,PN Mankad,5,93.0,72.0,3.0,0.0,0.0,0.0,0.0,-5.2,0.0,-5.2
2011,Delhi Daredevils,AM Salvi,2,0.0,0.0,0.0,48.0,66.0,3.0,18.0,0.0,-0.4,-0.4
2024,Lucknow Super Giants,Yash Thakur,10,0.0,0.0,0.0,213.0,402.0,11.0,83.0,0.0,-60.2,-60.2
2020,Rajasthan Royals,R Parag,8,86.0,77.0,6.0,12.0,27.0,0.0,0.0,-32.6,-14.4,-46.9
2007,Royal Challengers Bangalore,CL White,8,114.0,102.0,5.0,6.0,24.0,0.0,0.0,-17.5,-17.6,-35.1
2012,Mumbai Indians,MM Patel,12,2.0,7.0,0.0,280.0,367.0,15.0,82.0,-5.1,6.9,1.7
2021,Rajasthan Royals,C Sakariya,14,16.0,25.0,4.0,312.0,426.0,14.0,90.0,-32.1,-15.3,-47.4
2016,Rising Pune Supergiants,AM Rahane,14,480.0,379.0,10.0,0.0,0.0,0.0,0.0,34.9,0.0,34.9
2023,Rajasthan Royals,Dhruv Jurel,11,152.0,88.0,6.0,0.0,0.0,0.0,0.0,16.7,0.0,16.7
2017,Royal Challengers Bangalore,STR Binny,7,78.0,76.0,5.0,36.0,50.0,4.0,0.0,-29.4,12.6,-16.8
2021,Sunrisers Hyderabad,S Kaul,8,8.0,8.0,0.0,180.0,247.0,7.0,72.0,0.3,-17.6,-17.4
2022,Punjab Kings,OF Smith,6,51.0,44.0,3.0,90.0,178.0,6.0,18.0,-16.5,-43.0,-59.5
2013,Kings XI Punjab,Gurkeerat Singh,9,108.0,95.0,8.0,0.0,0.0,0.0,0.0,-28.0,0.0,-28.0
2018,Delhi Daredevils,CH Morris,4,46.0,26.0,1.0,84.0,143.0,3.0,30.0,10.9,-27.2,-16.3
2024,Chennai Super Kings,MJ Santner,3,14.0,17.0,3.0,54.0,64.0,2.0,0.0,-23.9,14.4,-9.6
2012,Kolkata Knight Riders,YK Pathan,17,194.0,169.0,10.0,132.0,182.0,3.0,0.0,-32.4,-34.2,-66.5
2017,Rising Pune Supergiant,Washington Sundar,10,9.0,12.0,0.0,180.0,185.0,8.0,6.0,-3.3,59.7,56.4
2022,Gujarat Titans,DA Miller,16,481.0,337.0,7.0,0.0,0.0,0.0,0.0,79.1,0.0,79.1
2022,Punjab Kings,S Dhawan,14,460.0,375.0,12.0,0.0,0.0,0.0,0.0,12.5,0.0,12.5
2015,Delhi Daredevils,NM Coulter-Nile,11,20.0,18.0,3.0,255.0,321.0,15.0,60.0,-17.5,45.0,27.5
2022,Kolkata Knight Riders,N Rana,14,361.0,251.0,13.0,12.0,23.0,0.0,0.0,27.1,-10.2,16.9
2025,Sunrisers Hyderabad,PJ Cummins,14,97.0,58.0,4.0,298.0,450.0,16.0,70.0,3.4,35.5,38.9
2018,Royal Challengers Bangalore,M Vohra,4,55.0,47.0,4.0,0.0,0.0,0.0,0.0,-20.2,0.0,-20.2
2009,Chennai Super Kings,JDP Oram,8,88.0,93.0,6.0,93.0,133.0,5.0,39.0,-35.5,-8.2,-43.7
2021,Sunrisers Hyderabad,Rashid Khan,14,83.0,69.0,8.0,336.0,375.0,18.0,54.0,-31.8,70.5,38.7
2023,Kolkata Knight Riders,CV Varun,14,1.0,9.0,0.0,316.0,429.0,20.0,76.0,-9.3,62.5,53.2
2024,Delhi Capitals,A Nortje,6,4.0,8.0,2.0,132.0,294.0,7.0,54.0,-18.2,-80.3,-98.5
2009,Kolkata Knight Riders,BJ Hodge,16,464.0,400.0,13.0,150.0,202.0,9.0,12.0,22.2,-3.3,19.0
2012,Deccan Chargers,S Dhawan,15,569.0,439.0,12.0,36.0,55.0,3.0,0.0,86.3,-1.7,84.6
2022,Mumbai Indians,M Ashwin,8,12.0,14.0,2.0,174.0,228.0,9.0,6.0,-15.9,10.9,-4.9
2014,Kings XI Punjab,V Sehwag,17,455.0,315.0,17.0,0.0,0.0,0.0,0.0,46.6,0.0,46.6
2017,Royal Challengers Bangalore,AF Milne,4,7.0,12.0,2.0,84.0,134.0,3.0,30.0,-17.2,-23.9,-41.1
2009,Rajasthan Royals,YK Pathan,27,576.0,384.0,22.0,414.0,489.0,12.0,42.0,97.8,-10.9,86.9
2011,Rajasthan Royals,ND Doshi,3,0.0,13.0,1.0,32.0,62.0,1.0,6.0,-18.5,-25.0,-43.5
2012,Chennai Super Kings,SB Jakati,15,7.0,12.0,0.0,246.0,336.0,9.0,12.0,-5.2,-38.4,-43.6
2018,Kolkata Knight Riders,RV Uthappa,16,351.0,265.0,16.0,0.0,0.0,0.0,0.0,-28.4,0.0,-28.4
2024,Royal Challengers Bengaluru,V Kohli,15,741.0,479.0,12.0,0.0,0.0,0.0,0.0,98.1,0.0,98.1
2011,Delhi Daredevils,DA Warner,13,324.0,276.0,13.0,0.0,0.0,0.0,0.0,-2.6,0.0,-2.6
2011,Delhi Daredevils,NV Ojha,14,160.0,161.0,13.0,0.0,0.0,0.0,0.0,-62.5,0.0,-62.5
2019,Rajasthan Royals,LS Livingstone,4,70.0,48.0,3.0,6.0,13.0,0.0,0.0,0.6,-6.7,-6.1
2026,Lucknow Super Giants,Prince Yadav,14,0.0,1.0,0.0,312.0,459.0,16.0,102.0,-1.2,56.1,54.9
2009,Chennai Super Kings,R Ashwin,13,38.0,55.0,4.0,312.0,306.0,15.0,66.0,-39.3,96.1,56.8
2011,Deccan Chargers,A Mishra,14,68.0,49.0,4.0,320.0,358.0,19.0,92.0,-3.1,79.8,76.7
2020,Chennai Super Kings,Imran Tahir,3,13.0,10.0,0.0,66.0,76.0,1.0,6.0,1.4,0.5,2.0
2024,Gujarat Titans,Shubman Gill,12,426.0,289.0,11.0,0.0,0.0,0.0,0.0,14.9,0.0,14.9
2011,Rajasthan Royals,DH Yagnik,4,16.0,22.0,1.0,0.0,0.0,0.0,0.0,-11.2,0.0,-11.2
2009,Delhi Daredevils,MC Henriques,1,11.0,5.0,1.0,24.0,35.0,1.0,12.0,0.1,-4.4,-4.2
2023,Mumbai Indians,Arjun Tendulkar,4,13.0,9.0,1.0,59.0,92.0,3.0,11.0,-3.3,-3.3,-6.5
2014,Kings XI Punjab,WP Saha,13,362.0,249.0,11.0,0.0,0.0,0.0,0.0,45.4,0.0,45.4
2019,Mumbai Indians,SA Yadav,15,424.0,324.0,13.0,0.0,0.0,0.0,0.0,10.4,0.0,10.4
2007,Deccan Chargers,H Das,1,2.0,5.0,1.0,0.0,0.0,0.0,0.0,-9.3,0.0,-9.3
2017,Kolkata Knight Riders,Kuldeep Yadav,12,20.0,22.0,2.0,246.0,340.0,12.0,60.0,-14.5,-4.1,-18.6
2024,Royal Challengers Bengaluru,LH Ferguson,7,1.0,1.0,1.0,144.0,255.0,9.0,42.0,-6.3,-19.1,-25.4
2014,Rajasthan Royals,AM Nayar,4,43.0,47.0,3.0,0.0,0.0,0.0,0.0,-20.5,0.0,-20.5
2012,Chennai Super Kings,DJ Bravo,18,371.0,264.0,8.0,346.0,462.0,15.0,124.0,64.6,-16.9,47.8
2026,Gujarat Titans,Arshad Khan,6,23.0,11.0,1.0,104.0,172.0,6.0,38.0,3.5,-1.0,2.6
2011,Kolkata Knight Riders,L Balaji,14,4.0,2.0,0.0,266.0,371.0,10.0,96.0,2.1,-46.9,-44.8
2013,Rajasthan Royals,MDKJ Perera,2,14.0,13.0,2.0,0.0,0.0,0.0,0.0,-9.1,0.0,-9.1
2020,Delhi Capitals,A Mishra,3,0.0,0.0,0.0,60.0,72.0,3.0,0.0,0.0,9.1,9.1
2013,Kings XI Punjab,P Kumar,15,47.0,39.0,5.0,338.0,373.0,12.0,92.0,-22.9,25.2,2.3
2019,Rajasthan Royals,RA Tripathi,7,141.0,118.0,6.0,0.0,0.0,0.0,0.0,-18.7,0.0,-18.7
2014,Royal Challengers Bangalore,S Rana,7,73.0,65.0,3.0,12.0,16.0,0.0,0.0,-13.4,-3.4,-16.8
2015,Sunrisers Hyderabad,DW Steyn,6,20.0,13.0,1.0,114.0,170.0,3.0,24.0,-1.0,-29.1,-30.1
2023,Delhi Capitals,Mustafizur Rahman,2,1.0,1.0,0.0,42.0,79.0,1.0,18.0,-0.1,-22.5,-22.6
2009,Mumbai Indians,AM Nayar,14,251.0,203.0,11.0,72.0,84.0,4.0,6.0,-4.4,9.1,4.7
2012,Deccan Chargers,Ankit Sharma,9,18.0,13.0,3.0,145.0,165.0,4.0,13.0,-13.2,2.8,-10.4
2012,Kings XI Punjab,DJ Hussey,15,396.0,305.0,10.0,54.0,63.0,3.0,12.0,45.8,9.6,55.3
2024,Lucknow Super Giants,Mohsin Khan,10,2.0,1.0,0.0,228.0,385.0,10.0,66.0,0.7,-28.8,-28.0
2017,Royal Challengers Bangalore,A Choudhary,5,25.0,20.0,1.0,101.0,144.0,5.0,24.0,-1.5,-4.0,-5.6
2020,Mumbai Indians,RG Sharma,12,332.0,260.0,12.0,0.0,0.0,0.0,0.0,-3.0,0.0,-3.0
2020,Kings XI Punjab,CJ Jordan,9,29.0,31.0,3.0,189.0,304.0,9.0,93.0,-24.3,-33.8,-58.1
2017,Delhi Daredevils,CH Morris,9,154.0,94.0,5.0,186.0,240.0,12.0,78.0,28.2,37.9,66.0
2018,Sunrisers Hyderabad,RK Bhui,1,0.0,5.0,1.0,0.0,0.0,0.0,0.0,-11.6,0.0,-11.6
2015,Sunrisers Hyderabad,KV Sharma,14,104.0,85.0,6.0,239.0,332.0,10.0,6.0,-24.8,-21.4,-46.2
2022,Mumbai Indians,KA Pollard,11,144.0,134.0,10.0,84.0,125.0,4.0,18.0,-63.1,-7.8,-70.9
2017,Delhi Daredevils,Z Khan,11,4.0,13.0,1.0,241.0,313.0,10.0,30.0,-15.1,11.4,-3.8
2023,Lucknow Super Giants,KH Pandya,15,188.0,165.0,10.0,252.0,313.0,9.0,12.0,-51.6,32.7,-18.9
2020,Sunrisers Hyderabad,Sandeep Sharma,13,12.0,15.0,2.0,312.0,374.0,14.0,78.0,-17.4,51.6,34.2
2009,Mumbai Indians,AP Tare,4,50.0,36.0,4.0,0.0,0.0,0.0,0.0,-6.8,0.0,-6.8
2011,Deccan Chargers,S Sohal,10,249.0,191.0,9.0,0.0,0.0,0.0,0.0,24.5,0.0,24.5
2013,Sunrisers Hyderabad,A Ashish Reddy,10,125.0,89.0,6.0,40.0,70.0,3.0,10.0,-0.4,-12.5,-12.9
2012,Pune Warriors,AC Thomas,4,19.0,15.0,2.0,84.0,109.0,3.0,30.0,-8.2,-5.3,-13.5
2013,Kings XI Punjab,P Awana,14,1.0,9.0,2.0,324.0,412.0,15.0,66.0,-20.2,-8.6,-28.8
2014,Mumbai Indians,SL Malinga,10,2.0,4.0,0.0,235.0,253.0,16.0,103.0,-2.5,102.4,99.9
2022,Delhi Capitals,AR Patel,13,182.0,120.0,3.0,258.0,321.0,6.0,18.0,32.5,-7.9,24.6
2013,Royal Challengers Bangalore,SS Tiwary,6,109.0,106.0,4.0,0.0,0.0,0.0,0.0,-12.8,0.0,-12.8
2012,Pune Warriors,JD Ryder,11,256.0,212.0,9.0,42.0,70.0,1.0,0.0,2.7,-22.6,-19.9
2017,Kings XI Punjab,M Vohra,9,229.0,159.0,9.0,0.0,0.0,0.0,0.0,8.6,0.0,8.6
2023,Mumbai Indians,RG Sharma,16,332.0,250.0,16.0,0.0,0.0,0.0,0.0,-43.6,0.0,-43.6
2013,Mumbai Indians,AN Ahmed,2,0.0,0.0,0.0,42.0,45.0,3.0,6.0,0.0,12.7,12.7
2020,Kolkata Knight Riders,Kuldeep Yadav,5,13.0,21.0,0.0,72.0,92.0,1.0,18.0,-10.3,-6.8,-17.1
2024,Mumbai Indians,Naman Dhir,7,140.0,79.0,6.0,28.0,55.0,0.0,0.0,7.7,-21.3,-13.6
2023,Delhi Capitals,P Dubey,1,16.0,20.0,1.0,18.0,19.0,1.0,0.0,-11.7,7.1,-4.6
2022,Lucknow Super Giants,MP Stoinis,11,156.0,106.0,7.0,42.0,79.0,4.0,12.0,-5.0,-7.8,-12.8
2023,Sunrisers Hyderabad,B Kumar,14,42.0,47.0,3.0,306.0,425.0,16.0,114.0,-28.4,42.7,14.3
2012,Kings XI Punjab,P Awana,12,4.0,5.0,0.0,282.0,372.0,17.0,78.0,-1.1,16.0,14.9
2013,Royal Challengers Bangalore,CA Pujara,4,92.0,99.0,4.0,0.0,0.0,0.0,0.0,-18.1,0.0,-18.1
2019,Mumbai Indians,BCJ Cutting,3,18.0,17.0,2.0,12.0,27.0,1.0,0.0,-12.2,-8.4,-20.6
2020,Chennai Super Kings,RD Gaikwad,6,204.0,169.0,3.0,0.0,0.0,0.0,0.0,11.9,0.0,11.9
2014,Rajasthan Royals,R Tewatia,3,16.0,13.0,1.0,54.0,59.0,2.0,0.0,-3.4,9.5,6.1
2026,Gujarat Titans,JO Holder,11,65.0,52.0,5.0,230.0,290.0,17.0,32.0,-29.6,107.6,78.0
2016,Kolkata Knight Riders,G Gambhir,15,501.0,411.0,11.0,0.0,0.0,0.0,0.0,17.7,0.0,17.7
2015,Mumbai Indians,M de Lange,1,0.0,0.0,0.0,24.0,30.0,0.0,12.0,0.0,-2.7,-2.7
2024,Punjab Kings,P Simran Singh,14,334.0,213.0,13.0,0.0,0.0,0.0,0.0,0.9,0.0,0.9
2014,Kolkata Knight Riders,SA Yadav,11,164.0,117.0,5.0,6.0,8.0,0.0,0.0,7.2,-1.9,5.2
2021,Mumbai Indians,AF Milne,4,16.0,17.0,2.0,84.0,131.0,3.0,18.0,-12.4,-25.2,-37.6
2026,Rajasthan Royals,RA Jadeja,13,266.0,197.0,4.0,198.0,277.0,10.0,0.0,-1.5,33.6,32.1
2011,Rajasthan Royals,AL Menaria,12,180.0,152.0,9.0,90.0,121.0,2.0,18.0,-18.0,-21.1,-39.2
2013,Chennai Super Kings,SK Raina,17,548.0,365.0,12.0,12.0,23.0,1.0,0.0,139.8,-5.7,134.2
2018,Rajasthan Royals,JC Buttler,13,548.0,353.0,10.0,0.0,0.0,0.0,0.0,107.5,0.0,107.5
2025,Gujarat Titans,G Coetzee,4,17.0,11.0,2.0,72.0,131.0,2.0,30.0,-8.2,-27.6,-35.8
2011,Chennai Super Kings,S Anirudha,5,83.0,74.0,4.0,0.0,0.0,0.0,0.0,-9.9,0.0,-9.9
2021,Rajasthan Royals,K Yadav,1,0.0,4.0,0.0,12.0,16.0,0.0,0.0,-3.9,-3.7,-7.5
2025,Punjab Kings,Arshdeep Singh,16,2.0,6.0,1.0,350.0,518.0,21.0,116.0,-11.3,70.8,59.5
2014,Kings XI Punjab,DA Miller,16,446.0,299.0,9.0,0.0,0.0,0.0,0.0,82.7,0.0,82.7
2025,Sunrisers Hyderabad,Mohammed Shami,9,10.0,10.0,1.0,180.0,337.0,6.0,12.0,-8.1,-64.2,-72.3
2017,Delhi Daredevils,PJ Cummins,12,77.0,53.0,5.0,277.0,373.0,15.0,91.0,-7.2,18.7,11.5
2015,Delhi Daredevils,Z Khan,7,0.0,0.0,0.0,145.0,156.0,7.0,36.0,0.0,43.1,43.1
2019,Delhi Capitals,Avesh Khan,1,4.0,3.0,0.0,18.0,30.0,0.0,0.0,0.7,-10.7,-9.9
2018,Sunrisers Hyderabad,MK Pandey,13,284.0,246.0,11.0,0.0,0.0,0.0,0.0,-47.0,0.0,-47.0
2007,Kings XI Punjab,WA Mota,3,26.0,27.0,1.0,18.0,36.0,1.0,0.0,-7.6,-10.9,-18.5
2007,Deccan Chargers,AS Yadav,6,49.0,39.0,5.0,0.0,0.0,0.0,0.0,-21.5,0.0,-21.5
2026,Lucknow Super Giants,MD Choudhary,10,170.0,120.0,6.0,0.0,0.0,0.0,0.0,-13.9,0.0,-13.9
2025,Lucknow Super Giants,N Pooran,14,524.0,267.0,11.0,0.0,0.0,0.0,0.0,135.1,0.0,135.1
2012,Royal Challengers Bangalore,AB de Villiers,13,319.0,198.0,8.0,0.0,0.0,0.0,0.0,79.1,0.0,79.1
2026,Royal Challengers Bengaluru,JR Hazlewood,13,0.0,1.0,1.0,309.0,494.0,15.0,81.0,-7.2,15.0,7.7
2023,Delhi Capitals,SN Khan,4,53.0,62.0,4.0,0.0,0.0,0.0,0.0,-39.3,0.0,-39.3
2014,Kolkata Knight Riders,CA Lynn,2,58.0,49.0,2.0,0.0,0.0,0.0,0.0,-2.2,0.0,-2.2
2014,Rajasthan Royals,KW Richardson,7,1.0,2.0,1.0,162.0,206.0,9.0,60.0,-7.2,24.4,17.2
2009,Kings XI Punjab,J Theron,7,2.0,5.0,2.0,144.0,187.0,6.0,66.0,-15.0,-2.3,-17.3
2024,Gujarat Titans,Azmatullah Omarzai,7,42.0,33.0,4.0,126.0,186.0,4.0,6.0,-19.8,-0.2,-20.0
2018,Royal Challengers Bangalore,P Negi,2,3.0,5.0,1.0,24.0,49.0,1.0,0.0,-8.2,-16.8,-25.1
2025,Rajasthan Royals,Yudhvir Singh,4,0.0,0.0,0.0,66.0,131.0,4.0,0.0,0.0,-22.0,-22.0
2012,Deccan Chargers,AA Jhunjhunwala,4,24.0,26.0,2.0,36.0,38.0,1.0,0.0,-13.3,3.3,-10.0
2007,Delhi Daredevils,MF Maharoof,10,125.0,79.0,6.0,216.0,249.0,15.0,66.0,6.7,75.9,82.6
2018,Rajasthan Royals,STR Binny,5,44.0,39.0,4.0,12.0,33.0,0.0,0.0,-22.1,-19.7,-41.8
2013,Royal Challengers Bangalore,KL Rahul,2,20.0,16.0,2.0,0.0,0.0,0.0,0.0,-6.3,0.0,-6.3
2023,Sunrisers Hyderabad,Sanvir Singh,2,11.0,9.0,1.0,0.0,0.0,0.0,0.0,-5.2,0.0,-5.2
2026,Chennai Super Kings,MW Short,3,60.0,51.0,3.0,19.0,39.0,0.0,0.0,-22.7,-12.6,-35.2
2019,Rajasthan Royals,R Parag,7,160.0,126.0,4.0,84.0,121.0,2.0,0.0,5.3,-20.3,-15.0
2026,Chennai Super Kings,Gurjapneet Singh,8,0.0,0.0,0.0,151.0,233.0,4.0,43.0,0.0,-12.4,-12.4
2024,Punjab Kings,Arshdeep Singh,14,4.0,3.0,1.0,302.0,505.0,19.0,98.0,-5.8,4.9,-0.9
2009,Kolkata Knight Riders,AN Ghosh,2,7.0,8.0,2.0,0.0,0.0,0.0,0.0,-12.3,0.0,-12.3
2012,Kings XI Punjab,BA Bhatt,5,6.0,2.0,0.0,99.0,136.0,2.0,15.0,4.0,-25.0,-21.0
2018,Delhi Daredevils,S Nadeem,6,6.0,8.0,0.0,90.0,161.0,3.0,0.0,-2.2,-42.7,-44.9
2011,Rajasthan Royals,STR Binny,3,37.0,31.0,1.0,24.0,44.0,0.0,6.0,2.0,-19.7,-17.7
2014,Delhi Daredevils,R Sharma,2,0.0,0.0,0.0,36.0,65.0,1.0,0.0,0.0,-21.3,-21.3
2019,Rajasthan Royals,IS Sodhi,2,6.0,11.0,1.0,43.0,67.0,4.0,1.0,-11.5,3.2,-8.3
2011,Deccan Chargers,Anand Rajan,2,0.0,0.0,0.0,30.0,50.0,3.0,18.0,0.0,-1.5,-1.5
2023,Lucknow Super Giants,A Mishra,7,19.0,30.0,1.0,114.0,149.0,7.0,24.0,-20.3,23.8,3.5
2012,Delhi Daredevils,AJ Finch,2,55.0,51.0,2.0,0.0,0.0,0.0,0.0,-4.3,0.0,-4.3
2022,Sunrisers Hyderabad,Abdul Samad,2,4.0,7.0,2.0,6.0,8.0,0.0,0.0,-15.2,-1.6,-16.8
2019,Kolkata Knight Riders,S Sandeep Warrier,3,0.0,0.0,0.0,72.0,85.0,2.0,0.0,0.0,6.5,6.5
2009,Mumbai Indians,RR Raje,4,12.0,9.0,1.0,41.0,72.0,1.0,11.0,-3.0,-25.5,-28.5
2009,Rajasthan Royals,Kamran Khan,8,3.0,5.0,1.0,142.0,177.0,9.0,34.0,-7.5,19.9,12.3
2026,Kolkata Knight Riders,Navdeep Saini,1,0.0,0.0,0.0,18.0,37.0,0.0,0.0,0.0,-13.4,-13.4
2013,Mumbai Indians,YS Chahal,1,0.0,0.0,0.0,24.0,34.0,0.0,6.0,0.0,-10.3,-10.3
2020,Rajasthan Royals,YBK Jaiswal,3,40.0,44.0,3.0,0.0,0.0,0.0,0.0,-22.0,0.0,-22.0
2021,Delhi Capitals,AM Rahane,1,8.0,8.0,1.0,0.0,0.0,0.0,0.0,-6.2,0.0,-6.2
2009,Royal Challengers Bangalore,JD Ryder,5,56.0,49.0,5.0,102.0,115.0,3.0,12.0,-18.6,1.3,-17.2
2007,Kings XI Punjab,S Sohal,2,4.0,8.0,2.0,0.0,0.0,0.0,0.0,-16.4,0.0,-16.4
2025,Mumbai Indians,RJ Gleeson,1,0.0,0.0,0.0,21.0,39.0,1.0,9.0,0.0,-5.6,-5.6
2013,Royal Challengers Bangalore,KK Nair,2,9.0,12.0,2.0,0.0,0.0,0.0,0.0,-13.6,0.0,-13.6
2013,Kings XI Punjab,BA Bhatt,2,0.0,0.0,0.0,30.0,32.0,1.0,0.0,0.0,2.1,2.1
2025,Punjab Kings,MJ Owen,1,0.0,2.0,1.0,0.0,0.0,0.0,0.0,-8.6,0.0,-8.6
2023,Chennai Super Kings,RS Hangargekar,2,0.0,0.0,0.0,36.0,60.0,3.0,12.0,0.0,0.5,0.5
2009,Kings XI Punjab,T Kohli,2,1.0,4.0,1.0,0.0,0.0,0.0,0.0,-9.0,0.0,-9.0
2013,Kolkata Knight Riders,S Ladda,1,0.0,0.0,0.0,12.0,18.0,1.0,0.0,0.0,-0.7,-0.7
2017,Delhi Daredevils,AR Bawne,1,12.0,12.0,0.0,0.0,0.0,0.0,0.0,-0.3,0.0,-0.3
2015,Royal Challengers Bangalore,SA Abbott,2,15.0,13.0,1.0,30.0,57.0,0.0,0.0,-5.7,-25.9,-31.6
2011,Kolkata Knight Riders,LR Shukla,1,14.0,10.0,1.0,0.0,0.0,0.0,0.0,-1.6,0.0,-1.6
2013,Kolkata Knight Riders,P Dogra,1,5.0,8.0,1.0,0.0,0.0,0.0,0.0,-9.2,0.0,-9.2
2017,Mumbai Indians,SS Tiwary,1,52.0,43.0,0.0,0.0,0.0,0.0,0.0,7.6,0.0,7.6
2019,Sunrisers Hyderabad,RK Bhui,1,7.0,12.0,1.0,0.0,0.0,0.0,0.0,-11.2,0.0,-11.2
2012,Mumbai Indians,AN Ahmed,1,0.0,0.0,0.0,12.0,17.0,0.0,0.0,0.0,-5.3,-5.3
2018,Sunrisers Hyderabad,KK Ahmed,1,0.0,0.0,0.0,18.0,38.0,0.0,6.0,0.0,-16.8,-16.8
2020,Mumbai Indians,JJ Bumrah,15,5.0,3.0,0.0,360.0,404.0,27.0,162.0,1.5,166.6,168.2
2024,Gujarat Titans,MM Sharma,12,2.0,15.0,2.0,234.0,425.0,13.0,114.0,-27.1,-42.8,-69.9
2025,Mumbai Indians,V Puthur,5,0.0,0.0,0.0,72.0,109.0,6.0,12.0,0.0,16.5,16.5
2021,Royal Challengers Bangalore,KA Jamieson,9,65.0,55.0,3.0,168.0,269.0,9.0,36.0,-5.7,-37.7,-43.4
2009,Royal Challengers Bangalore,JH Kallis,31,933.0,826.0,25.0,618.0,829.0,19.0,108.0,30.1,-101.3,-71.2
2020,Royal Challengers Bangalore,D Padikkal,15,473.0,379.0,14.0,0.0,0.0,0.0,0.0,7.8,0.0,7.8
2025,Punjab Kings,SS Iyer,17,604.0,345.0,12.0,0.0,0.0,0.0,0.0,116.1,0.0,116.1
2009,Kings XI Punjab,SM Katich,9,145.0,117.0,8.0,0.0,0.0,0.0,0.0,-9.0,0.0,-9.0
2013,Kings XI Punjab,Mandeep Singh,14,260.0,223.0,12.0,0.0,0.0,0.0,0.0,-7.5,0.0,-7.5
2009,Delhi Daredevils,AM Salvi,5,0.0,0.0,0.0,102.0,134.0,4.0,12.0,0.0,-9.5,-9.5
2013,Chennai Super Kings,B Laughlin,2,4.0,9.0,1.0,42.0,71.0,1.0,18.0,-10.4,-22.2,-32.6
2023,Royal Challengers Bangalore,Shahbaz Ahmed,8,42.0,39.0,4.0,42.0,95.0,1.0,6.0,-25.5,-40.3,-65.8
2011,Delhi Daredevils,S Nadeem,5,0.0,1.0,1.0,114.0,142.0,4.0,12.0,-7.0,-3.5,-10.5
2018,Kings XI Punjab,MM Sharma,9,10.0,13.0,1.0,178.0,322.0,7.0,64.0,-10.2,-72.0,-82.3
2015,Sunrisers Hyderabad,KL Rahul,8,142.0,126.0,5.0,0.0,0.0,0.0,0.0,-16.9,0.0,-16.9
2025,Sunrisers Hyderabad,Aniket Verma,12,236.0,142.0,9.0,0.0,0.0,0.0,0.0,11.7,0.0,11.7
2026,Delhi Capitals,T Stubbs,13,275.0,216.0,6.0,0.0,0.0,0.0,0.0,-28.2,0.0,-28.2
2022,Kolkata Knight Riders,TG Southee,9,2.0,12.0,4.0,210.0,275.0,14.0,72.0,-35.0,44.8,9.8
2016,Delhi Daredevils,Mohammed Shami,8,2.0,4.0,0.0,151.0,244.0,5.0,49.0,-2.5,-45.2,-47.7
2022,Lucknow Super Giants,DJ Hooda,14,451.0,330.0,13.0,24.0,43.0,1.0,6.0,36.7,-10.2,26.5
2022,Lucknow Super Giants,A Badoni,11,161.0,130.0,8.0,12.0,11.0,2.0,0.0,-27.8,13.8,-14.0
2021,Kolkata Knight Riders,AD Russell,10,183.0,120.0,6.0,114.0,188.0,11.0,60.0,32.3,-4.8,27.5
2019,Mumbai Indians,RG Sharma,15,405.0,315.0,14.0,0.0,0.0,0.0,0.0,-13.6,0.0,-13.6
2025,Chennai Super Kings,DP Conway,6,156.0,119.0,5.0,0.0,0.0,0.0,0.0,-20.5,0.0,-20.5
2021,Kolkata Knight Riders,SP Narine,14,62.0,47.0,8.0,336.0,361.0,16.0,48.0,-31.3,74.6,43.4
2011,Pune Warriors,M Manhas,10,114.0,123.0,10.0,42.0,42.0,0.0,6.0,-59.4,0.3,-59.1
2007,Delhi Daredevils,Mohammad Asif,8,3.0,6.0,2.0,192.0,296.0,8.0,60.0,-15.1,-41.7,-56.8
2018,Royal Challengers Bangalore,YS Chahal,14,0.0,4.0,0.0,300.0,363.0,12.0,30.0,-4.6,41.5,36.9
2024,Chennai Super Kings,Mustafizur Rahman,9,0.0,0.0,0.0,206.0,318.0,14.0,86.0,0.0,36.1,36.1
2026,Lucknow Super Giants,Abdul Samad,8,116.0,88.0,6.0,1.0,6.0,0.0,1.0,-27.6,-4.6,-32.3
2026,Delhi Capitals,M Tiwari,3,18.0,8.0,0.0,60.0,87.0,4.0,12.0,8.0,14.0,22.1
2018,Kings XI Punjab,BB Sran,6,3.0,7.0,1.0,132.0,229.0,4.0,42.0,-11.0,-51.4,-62.3
2018,Kings XI Punjab,AS Rajpoot,8,11.0,18.0,2.0,157.0,223.0,11.0,24.0,-20.9,23.5,2.5
2014,Chennai Super Kings,M Manhas,5,35.0,23.0,2.0,0.0,0.0,0.0,0.0,-1.6,0.0,-1.6
2007,Chennai Super Kings,S Badrinath,11,192.0,130.0,6.0,0.0,0.0,0.0,0.0,25.5,0.0,25.5
2016,Kings XI Punjab,Sandeep Sharma,14,8.0,9.0,0.0,300.0,366.0,15.0,84.0,-1.6,56.8,55.2
2026,Kolkata Knight Riders,C Green,14,322.0,221.0,9.0,132.0,234.0,7.0,12.0,-6.8,-15.9,-22.8
2012,Royal Challengers Bangalore,RR Bhatkal,1,0.0,2.0,1.0,12.0,35.0,0.0,0.0,-8.0,-23.2,-31.3
2017,Sunrisers Hyderabad,Mustafizur Rahman,1,0.0,0.0,0.0,16.0,34.0,0.0,4.0,0.0,-16.5,-16.5
2007,Rajasthan Royals,SK Trivedi,15,5.0,12.0,1.0,288.0,399.0,13.0,48.0,-13.6,-11.2,-24.8
2018,Delhi Daredevils,RR Pant,14,684.0,394.0,13.0,0.0,0.0,0.0,0.0,188.0,0.0,188.0
2019,Delhi Capitals,CA Ingram,12,184.0,154.0,10.0,0.0,0.0,0.0,0.0,-35.4,0.0,-35.4
2011,Kings XI Punjab,RJ Harris,13,31.0,39.0,5.0,282.0,382.0,16.0,114.0,-36.4,-6.6,-43.0
2009,Deccan Chargers,AA Bilakhia,7,69.0,85.0,5.0,0.0,0.0,0.0,0.0,-40.9,0.0,-40.9
2014,Royal Challengers Bangalore,JA Morkel,7,45.0,41.0,3.0,96.0,126.0,4.0,0.0,-14.7,-4.1,-18.8
2018,Mumbai Indians,HH Pandya,13,260.0,195.0,9.0,256.0,381.0,18.0,52.0,-5.9,17.0,11.1
2011,Deccan Chargers,DB Ravi Teja,9,183.0,144.0,7.0,6.0,9.0,0.0,0.0,7.6,-3.0,4.6
2017,Kings XI Punjab,MM Sharma,14,51.0,50.0,6.0,274.0,410.0,13.0,106.0,-36.1,-31.2,-67.3
2023,Mumbai Indians,N Wadhera,10,241.0,166.0,9.0,0.0,0.0,0.0,0.0,5.2,0.0,5.2
2013,Sunrisers Hyderabad,KV Sharma,13,85.0,86.0,4.0,209.0,230.0,11.0,17.0,-19.8,35.5,15.7
2022,Royal Challengers Bangalore,MK Lomror,7,86.0,57.0,5.0,12.0,18.0,0.0,0.0,-5.2,-5.2,-10.4
2013,Chennai Super Kings,AS Rajpoot,2,2.0,6.0,0.0,24.0,35.0,1.0,0.0,-4.1,-7.3,-11.4
2011,Royal Challengers Bangalore,A Mithun,12,27.0,20.0,3.0,204.0,321.0,5.0,54.0,-10.1,-86.5,-96.5
2016,Royal Challengers Bangalore,YS Chahal,13,0.0,0.0,0.0,295.0,401.0,21.0,43.0,0.0,47.3,47.3
2017,Royal Challengers Bangalore,P Negi,12,144.0,111.0,8.0,193.0,197.0,16.0,31.0,-17.0,104.3,87.2
2022,Sunrisers Hyderabad,Kartik Tyagi,2,7.0,6.0,2.0,48.0,79.0,1.0,12.0,-11.9,-19.8,-31.7
2016,Kings XI Punjab,NS Naik,2,23.0,31.0,2.0,0.0,0.0,0.0,0.0,-22.5,0.0,-22.5
2021,Kolkata Knight Riders,Shubman Gill,17,478.0,402.0,17.0,0.0,0.0,0.0,0.0,-21.9,0.0,-21.9
2023,Royal Challengers Bangalore,Anuj Rawat,7,91.0,71.0,3.0,0.0,0.0,0.0,0.0,-6.3,0.0,-6.3
2012,Delhi Daredevils,NV Ojha,16,255.0,224.0,11.0,0.0,0.0,0.0,0.0,-23.1,0.0,-23.1
2024,Lucknow Super Giants,DJ Hooda,9,145.0,105.0,8.0,18.0,22.0,0.0,0.0,-25.4,-0.8,-26.1
2014,Chennai Super Kings,MM Sharma,16,1.0,3.0,0.0,323.0,452.0,23.0,125.0,-2.4,39.8,37.4
2023,Delhi Capitals,MR Marsh,9,128.0,97.0,8.0,121.0,170.0,12.0,19.0,-27.0,40.8,13.8
2026,Lucknow Super Giants,MP Yadav,4,5.0,5.0,1.0,96.0,182.0,0.0,18.0,-7.2,-56.5,-63.7
2026,Rajasthan Royals,SB Dubey,6,81.0,58.0,4.0,0.0,0.0,0.0,0.0,-14.6,0.0,-14.6
2025,Delhi Capitals,Mukesh Kumar,12,0.0,0.0,0.0,237.0,408.0,12.0,69.0,0.0,-24.1,-24.1
2015,Chennai Super Kings,MM Sharma,16,28.0,18.0,2.0,342.0,481.0,14.0,84.0,-4.8,-25.5,-30.3
2016,Gujarat Lions,PV Tambe,7,7.0,19.0,0.0,96.0,143.0,5.0,6.0,-13.4,-9.4,-22.8
2019,Kings XI Punjab,SM Curran,9,95.0,55.0,4.0,198.0,323.0,10.0,72.0,12.1,-41.5,-29.4
2015,Chennai Super Kings,RA Jadeja,17,132.0,126.0,7.0,256.0,330.0,11.0,40.0,-45.9,11.2,-34.6
2011,Chennai Super Kings,SK Raina,16,438.0,325.0,14.0,165.0,201.0,4.0,33.0,53.2,-10.4,42.8
2014,Kolkata Knight Riders,RV Uthappa,16,660.0,479.0,15.0,0.0,0.0,0.0,0.0,96.4,0.0,96.4
2024,Gujarat Titans,V Shankar,7,83.0,72.0,5.0,0.0,0.0,0.0,0.0,-33.3,0.0,-33.3
2012,Kings XI Punjab,Azhar Mahmood,11,186.0,142.0,8.0,256.0,329.0,14.0,100.0,1.2,18.4,19.6
2013,Royal Challengers Bangalore,MA Agarwal,5,67.0,62.0,5.0,0.0,0.0,0.0,0.0,-17.3,0.0,-17.3
2014,Sunrisers Hyderabad,S Dhawan,14,377.0,319.0,12.0,0.0,0.0,0.0,0.0,-6.2,0.0,-6.2
2019,Mumbai Indians,SD Lad,1,15.0,13.0,1.0,0.0,0.0,0.0,0.0,-5.1,0.0,-5.1
2019,Kings XI Punjab,CH Gayle,13,490.0,319.0,12.0,0.0,0.0,0.0,0.0,80.1,0.0,80.1
2026,Delhi Capitals,KK Nair,2,18.0,18.0,2.0,0.0,0.0,0.0,0.0,-16.8,0.0,-16.8
2026,Mumbai Indians,Naman Dhir,14,318.0,216.0,12.0,0.0,0.0,0.0,0.0,-24.1,0.0,-24.1
2026,Gujarat Titans,GD Phillips,5,67.0,54.0,4.0,0.0,0.0,0.0,0.0,-23.7,0.0,-23.7
2014,Kolkata Knight Riders,PP Chawla,11,31.0,19.0,2.0,237.0,303.0,14.0,51.0,-2.1,36.9,34.9
2017,Royal Challengers Bangalore,SR Watson,8,71.0,78.0,6.0,161.0,245.0,5.0,53.0,-45.1,-40.7,-85.8
2024,Rajasthan Royals,YS Chahal,15,0.0,0.0,0.0,348.0,546.0,18.0,84.0,0.0,-8.6,-8.6
2007,Delhi Daredevils,V Sehwag,14,406.0,220.0,11.0,66.0,133.0,3.0,12.0,128.3,-43.9,84.5
2020,Chennai Super Kings,DL Chahar,14,7.0,12.0,1.0,312.0,396.0,12.0,42.0,-12.2,10.6,-1.5
2021,Chennai Super Kings,F du Plessis,16,633.0,458.0,14.0,0.0,0.0,0.0,0.0,98.5,0.0,98.5
2022,Chennai Super Kings,MS Dhoni,13,232.0,188.0,7.0,0.0,0.0,0.0,0.0,-15.1,0.0,-15.1
2011,Delhi Daredevils,CA Ingram,3,21.0,26.0,2.0,0.0,0.0,0.0,0.0,-14.7,0.0,-14.7
2013,Pune Warriors,Yuvraj Singh,13,238.0,190.0,12.0,132.0,152.0,6.0,0.0,-9.6,8.6,-1.0
2017,Gujarat Lions,SK Raina,14,442.0,307.0,10.0,72.0,102.0,1.0,0.0,66.6,-18.0,48.7
2018,Kolkata Knight Riders,M Prasidh Krishna,7,1.0,5.0,0.0,168.0,260.0,10.0,84.0,-4.7,-1.0,-5.7
2022,Punjab Kings,Arshdeep Singh,14,21.0,29.0,3.0,300.0,385.0,10.0,132.0,-30.0,18.2,-11.8
2020,Sunrisers Hyderabad,JO Holder,7,66.0,53.0,2.0,168.0,233.0,14.0,54.0,-2.6,37.4,34.8
2015,Delhi Daredevils,DJ Muthuswami,6,1.0,3.0,1.0,84.0,101.0,4.0,6.0,-8.5,10.9,2.4
2011,Chennai Super Kings,DJ Bravo,6,11.0,6.0,1.0,120.0,157.0,6.0,12.0,-0.7,-1.0,-1.7
2007,Kolkata Knight Riders,Umar Gul,6,39.0,19.0,3.0,135.0,184.0,12.0,45.0,1.0,34.6,35.6
2026,Mumbai Indians,JJ Bumrah,13,7.0,7.0,1.0,294.0,410.0,4.0,78.0,-7.6,12.1,4.5
2023,Gujarat Titans,HH Pandya,15,346.0,253.0,11.0,150.0,228.0,3.0,0.0,1.2,-34.9,-33.6
2022,Punjab Kings,JM Sharma,10,234.0,143.0,8.0,0.0,0.0,0.0,0.0,35.3,0.0,35.3
2011,Kings XI Punjab,AC Gilchrist,14,383.0,295.0,14.0,0.0,0.0,0.0,0.0,33.2,0.0,33.2
2020,Kolkata Knight Riders,LH Ferguson,5,43.0,29.0,0.0,119.0,148.0,6.0,35.0,9.4,19.8,29.2
2020,Sunrisers Hyderabad,B Kumar,4,0.0,2.0,1.0,85.0,99.0,3.0,31.0,-8.3,13.9,5.6
2022,Kolkata Knight Riders,AS Roy,2,0.0,2.0,1.0,42.0,55.0,1.0,0.0,-8.0,-4.8,-12.8
2014,Sunrisers Hyderabad,MC Henriques,4,9.0,14.0,2.0,60.0,96.0,4.0,12.0,-17.4,-7.9,-25.3
2007,Chennai Super Kings,S Vidyut,8,145.0,109.0,8.0,12.0,22.0,1.0,0.0,-7.7,-3.2,-11.0
2014,Kings XI Punjab,Karanveer Singh,5,1.0,1.0,0.0,120.0,164.0,11.0,18.0,-0.1,30.5,30.3
2024,Mumbai Indians,SZ Mulani,2,1.0,1.0,0.0,30.0,57.0,0.0,6.0,-0.3,-19.6,-19.9
2025,Rajasthan Royals,SV Samson,9,285.0,203.0,9.0,0.0,0.0,0.0,0.0,-19.2,0.0,-19.2
2016,Sunrisers Hyderabad,DA Warner,17,848.0,560.0,14.0,0.0,0.0,0.0,0.0,196.8,0.0,196.8
2024,Rajasthan Royals,T Kohler-Cadmore,3,48.0,54.0,3.0,0.0,0.0,0.0,0.0,-36.0,0.0,-36.0
2009,Chennai Super Kings,GJ Bailey,3,63.0,66.0,3.0,0.0,0.0,0.0,0.0,-14.6,0.0,-14.6
2009,Mumbai Indians,AG Murtaza,3,0.0,0.0,0.0,72.0,91.0,3.0,12.0,0.0,-2.6,-2.6
2013,Chennai Super Kings,DJ Bravo,18,121.0,106.0,8.0,375.0,497.0,32.0,219.0,-27.0,86.7,59.8
2025,Royal Challengers Bengaluru,JM Sharma,11,261.0,148.0,7.0,0.0,0.0,0.0,0.0,41.2,0.0,41.2
2025,Lucknow Super Giants,Shahbaz Ahmed,3,9.0,8.0,1.0,51.0,102.0,1.0,9.0,-6.7,-31.9,-38.6
2025,Gujarat Titans,M Shahrukh Khan,11,179.0,100.0,6.0,6.0,13.0,1.0,0.0,23.3,0.4,23.6
2022,Kolkata Knight Riders,CV Varun,11,12.0,18.0,0.0,234.0,332.0,6.0,36.0,-8.3,-40.3,-48.6
2015,Chennai Super Kings,MEK Hussey,4,77.0,70.0,4.0,0.0,0.0,0.0,0.0,-17.0,0.0,-17.0
2021,Rajasthan Royals,YBK Jaiswal,10,249.0,168.0,10.0,0.0,0.0,0.0,0.0,20.8,0.0,20.8
2016,Delhi Daredevils,CR Brathwaite,8,83.0,38.0,6.0,139.0,189.0,7.0,19.0,5.2,4.7,9.9
2019,Mumbai Indians,M Markande,3,6.0,5.0,1.0,36.0,59.0,1.0,0.0,-5.4,-15.2,-20.6
2011,Mumbai Indians,JEC Franklin,7,107.0,78.0,2.0,61.0,99.0,3.0,18.0,21.2,-19.1,2.1
2021,Royal Challengers Bangalore,GJ Maxwell,14,513.0,356.0,11.0,96.0,135.0,3.0,6.0,108.1,-20.0,88.1
2017,Mumbai Indians,AT Rayudu,5,91.0,78.0,5.0,0.0,0.0,0.0,0.0,-19.1,0.0,-19.1
2025,Royal Challengers Bengaluru,R Shepherd,7,70.0,24.0,2.0,84.0,151.0,6.0,12.0,28.9,-10.8,18.0
2026,Rajasthan Royals,Ravi Singh,1,4.0,2.0,1.0,0.0,0.0,0.0,0.0,-4.4,0.0,-4.4
2007,Delhi Daredevils,B Geeves,2,0.0,0.0,0.0,48.0,91.0,1.0,6.0,0.0,-34.4,-34.4
2020,Kolkata Knight Riders,AD Russell,10,117.0,81.0,9.0,108.0,175.0,6.0,60.0,-20.2,-14.2,-34.4
2024,Punjab Kings,R Dhawan,1,0.0,0.0,0.0,18.0,35.0,0.0,0.0,0.0,-11.8,-11.8
2023,Delhi Capitals,MK Pandey,9,160.0,146.0,9.0,0.0,0.0,0.0,0.0,-53.4,0.0,-53.4
2009,Chennai Super Kings,A Flintoff,3,62.0,53.0,2.0,66.0,105.0,2.0,24.0,0.8,-26.2,-25.4
2012,Kings XI Punjab,P Dogra,3,15.0,24.0,2.0,0.0,0.0,0.0,0.0,-20.6,0.0,-20.6
2026,Lucknow Super Giants,Mohsin Khan,7,0.0,4.0,2.0,168.0,228.0,11.0,30.0,-17.0,64.4,47.4
2026,Sunrisers Hyderabad,PJ Cummins,8,30.0,19.0,3.0,192.0,307.0,8.0,42.0,-11.3,-0.3,-11.6
2022,Sunrisers Hyderabad,Fazalhaq Farooqi,3,2.0,8.0,0.0,72.0,110.0,2.0,18.0,-7.2,-18.5,-25.8
2017,Kings XI Punjab,I Sharma,6,8.0,12.0,2.0,108.0,179.0,0.0,6.0,-16.2,-59.9,-76.2
2007,Royal Challengers Bangalore,SB Joshi,4,6.0,14.0,2.0,55.0,82.0,1.0,7.0,-20.0,-16.8,-36.8
2009,Deccan Chargers,DB Ravi Teja,6,65.0,70.0,3.0,0.0,0.0,0.0,0.0,-19.5,0.0,-19.5
2021,Mumbai Indians,NM Coulter-Nile,5,4.0,5.0,2.0,120.0,127.0,7.0,48.0,-12.8,39.7,26.9
2015,Delhi Daredevils,S Nadeem,3,2.0,7.0,1.0,42.0,43.0,0.0,0.0,-12.1,0.6,-11.5
2022,Kolkata Knight Riders,RK Singh,7,174.0,117.0,5.0,0.0,0.0,0.0,0.0,17.3,0.0,17.3
2023,Kolkata Knight Riders,Liton Das,1,4.0,4.0,1.0,0.0,0.0,0.0,0.0,-6.5,0.0,-6.5
2020,Mumbai Indians,J Yadav,2,0.0,0.0,0.0,42.0,43.0,1.0,6.0,0.0,8.2,8.2
2011,Mumbai Indians,SL Malinga,16,8.0,9.0,2.0,378.0,375.0,28.0,138.0,-12.6,167.8,155.2
2007,Kings XI Punjab,Gagandeep Singh,4,0.0,0.0,0.0,84.0,141.0,3.0,24.0,0.0,-31.5,-31.5
2017,Kings XI Punjab,HM Amla,10,420.0,288.0,7.0,0.0,0.0,0.0,0.0,80.0,0.0,80.0
2023,Kolkata Knight Riders,K Khejroliya,2,0.0,0.0,0.0,26.0,64.0,2.0,14.0,0.0,-19.9,-19.9
2013,Delhi Daredevils,MC Juneja,7,125.0,128.0,7.0,0.0,0.0,0.0,0.0,-33.5,0.0,-33.5
2007,Deccan Chargers,PM Sarvesh Kumar,2,1.0,2.0,0.0,30.0,42.0,1.0,0.0,-1.1,-4.4,-5.5
2011,Rajasthan Royals,AA Chavan,2,1.0,3.0,0.0,30.0,27.0,0.0,0.0,-1.9,1.2,-0.6
2024,Kolkata Knight Riders,N Rana,2,42.0,34.0,2.0,0.0,0.0,0.0,0.0,-9.8,0.0,-9.8
2025,Rajasthan Royals,KT Maphaka,2,8.0,2.0,0.0,30.0,54.0,1.0,6.0,5.6,-8.6,-3.0
2026,Lucknow Super Giants,DS Rathi,10,2.0,5.0,0.0,234.0,397.0,5.0,24.0,-4.2,-62.3,-66.5
2007,Mumbai Indians,MA Khote,3,24.0,22.0,2.0,30.0,51.0,2.0,12.0,-10.8,-5.9,-16.6
2014,Kolkata Knight Riders,JH Kallis,8,151.0,129.0,6.0,132.0,186.0,4.0,12.0,-13.7,-22.5,-36.2
2025,Rajasthan Royals,Akash Madhwal,4,4.0,9.0,0.0,90.0,166.0,4.0,42.0,-6.7,-26.6,-33.4
2023,Kolkata Knight Riders,AS Roy,4,23.0,19.0,2.0,48.0,65.0,3.0,6.0,-10.6,7.4,-3.1
2015,Royal Challengers Bangalore,AB Dinda,2,0.0,0.0,0.0,30.0,62.0,0.0,0.0,0.0,-31.0,-31.0
2013,Sunrisers Hyderabad,Anand Rajan,2,0.0,0.0,0.0,48.0,42.0,2.0,12.0,0.0,16.4,16.4
2014,Mumbai Indians,P Suyal,1,0.0,0.0,0.0,18.0,35.0,1.0,0.0,0.0,-10.6,-10.6
2013,Pune Warriors,UA Birla,1,7.0,14.0,1.0,0.0,0.0,0.0,0.0,-11.2,0.0,-11.2
2014,Kolkata Knight Riders,MS Bisla,1,3.0,9.0,1.0,0.0,0.0,0.0,0.0,-11.5,0.0,-11.5
2022,Mumbai Indians,T Stubbs,2,2.0,4.0,1.0,0.0,0.0,0.0,0.0,-8.3,0.0,-8.3
2021,Punjab Kings,JA Richardson,3,15.0,24.0,2.0,66.0,117.0,3.0,12.0,-19.6,-31.0,-50.5
2024,Chennai Super Kings,Mukesh Choudhary,1,0.0,0.0,0.0,6.0,27.0,0.0,0.0,0.0,-19.3,-19.3
2020,Royal Challengers Bangalore,DW Steyn,3,1.0,2.0,0.0,70.0,133.0,1.0,22.0,-1.3,-49.5,-50.8
2009,Chennai Super Kings,C Ganapathy,1,0.0,0.0,0.0,6.0,13.0,0.0,0.0,0.0,-7.4,-7.4
2021,Kolkata Knight Riders,KL Nagarkoti,1,0.0,2.0,1.0,12.0,25.0,0.0,0.0,-7.9,-13.2,-21.1
2014,Royal Challengers Bangalore,NJ Maddinson,2,16.0,14.0,2.0,0.0,0.0,0.0,0.0,-9.3,0.0,-9.3
2012,Royal Challengers Bangalore,M Kaif,1,14.0,16.0,1.0,0.0,0.0,0.0,0.0,-7.1,0.0,-7.1
2025,Kolkata Knight Riders,R Powell,1,5.0,5.0,1.0,0.0,0.0,0.0,0.0,-7.1,0.0,-7.1
2007,Mumbai Indians,VS Yeligati,2,2.0,2.0,1.0,30.0,59.0,0.0,6.0,-6.1,-26.8,-32.9
2017,Mumbai Indians,R Vinay Kumar,1,0.0,0.0,0.0,18.0,31.0,2.0,0.0,0.0,-0.1,-0.1
2022,Sunrisers Hyderabad,S Gopal,1,9.0,7.0,0.0,18.0,34.0,1.0,0.0,0.9,-8.8,-7.9
2020,Rajasthan Royals,DA Miller,1,0.0,0.0,0.0,0.0,0.0,0.0,0.0,0.0,0.0,0.0
2016,Mumbai Indians,S Gopal,1,2.0,16.0,1.0,18.0,18.0,0.0,0.0,-20.4,1.3,-19.1
2022,Gujarat Titans,DG Nalkande,2,0.0,0.0,0.0,31.0,59.0,2.0,1.0,0.0,-13.8,-13.8
2022,Mumbai Indians,M Markande,2,0.0,0.0,0.0,42.0,57.0,1.0,0.0,0.0,-6.2,-6.2
2016,Royal Challengers Bangalore,STR Binny,12,63.0,39.0,4.0,102.0,134.0,1.0,0.0,-3.1,-19.6,-22.7
2024,Kolkata Knight Riders,SP Narine,14,488.0,270.0,13.0,330.0,368.0,17.0,24.0,87.1,133.4,220.5
2012,Delhi Daredevils,S Nadeem,12,0.0,2.0,0.0,270.0,318.0,8.0,36.0,-2.0,-0.2,-2.2
2020,Delhi Capitals,HV Patel,5,21.0,24.0,2.0,90.0,134.0,3.0,18.0,-16.7,-18.0,-34.8
2014,Sunrisers Hyderabad,DA Warner,14,528.0,375.0,11.0,0.0,0.0,0.0,0.0,82.2,0.0,82.2
2021,Delhi Capitals,PP Shaw,15,479.0,301.0,14.0,0.0,0.0,0.0,0.0,94.4,0.0,94.4
2022,Punjab Kings,JM Bairstow,11,253.0,175.0,11.0,0.0,0.0,0.0,0.0,13.2,0.0,13.2
2015,Chennai Super Kings,DJ Bravo,17,195.0,148.0,8.0,314.0,426.0,26.0,206.0,-10.8,98.6,87.8
2015,Sunrisers Hyderabad,B Kumar,14,17.0,10.0,1.0,310.0,407.0,18.0,119.0,-0.5,45.9,45.3
2024,Delhi Capitals,T Stubbs,14,378.0,198.0,6.0,12.0,15.0,3.0,0.0,103.8,17.2,120.9
2012,Deccan Chargers,V Pratap Singh,9,0.0,1.0,1.0,204.0,296.0,10.0,42.0,-7.0,-31.1,-38.1
2021,Chennai Super Kings,DL Chahar,15,1.0,1.0,0.0,324.0,451.0,14.0,30.0,0.0,-24.6,-24.6
2016,Delhi Daredevils,MA Agarwal,3,27.0,25.0,3.0,0.0,0.0,0.0,0.0,-15.9,0.0,-15.9
2018,Royal Challengers Bangalore,PA Patel,6,153.0,109.0,5.0,0.0,0.0,0.0,0.0,4.6,0.0,4.6
2026,Kolkata Knight Riders,Ramandeep Singh,6,82.0,68.0,5.0,16.0,31.0,1.0,10.0,-31.3,-3.9,-35.1
2007,Rajasthan Royals,Sohail Tanvir,11,36.0,29.0,3.0,247.0,266.0,22.0,103.0,-11.1,133.4,122.3
2013,Mumbai Indians,DR Smith,13,418.0,341.0,13.0,30.0,59.0,2.0,6.0,41.2,-17.6,23.5
2013,Royal Challengers Bangalore,V Kohli,16,634.0,457.0,14.0,0.0,0.0,0.0,0.0,134.3,0.0,134.3
2009,Kolkata Knight Riders,BB McCullum,18,399.0,349.0,15.0,0.0,0.0,0.0,0.0,-8.7,0.0,-8.7
2009,Delhi Daredevils,DL Vettori,10,67.0,59.0,3.0,209.0,278.0,9.0,59.0,-6.9,-16.6,-23.5
2020,Kings XI Punjab,Mandeep Singh,7,130.0,109.0,6.0,0.0,0.0,0.0,0.0,-17.8,0.0,-17.8
2011,Kolkata Knight Riders,G Gambhir,15,378.0,317.0,11.0,0.0,0.0,0.0,0.0,20.6,0.0,20.6
2015,Sunrisers Hyderabad,TA Boult,7,0.0,0.0,0.0,168.0,236.0,9.0,42.0,0.0,0.5,0.5
2019,Kings XI Punjab,Mandeep Singh,12,165.0,120.0,4.0,12.0,26.0,0.0,0.0,14.0,-13.4,0.6
2021,Sunrisers Hyderabad,Abhishek Sharma,8,98.0,75.0,6.0,60.0,64.0,4.0,0.0,-10.9,20.6,9.6
2011,Deccan Chargers,I Sharma,12,4.0,5.0,0.0,264.0,314.0,11.0,60.0,-0.8,6.5,5.7
2019,Kolkata Knight Riders,N Rana,12,344.0,235.0,10.0,48.0,72.0,3.0,6.0,40.0,-2.8,37.2
2013,Mumbai Indians,KD Karthik,19,510.0,411.0,17.0,0.0,0.0,0.0,0.0,39.7,0.0,39.7
2024,Kolkata Knight Riders,Ramandeep Singh,9,125.0,62.0,4.0,4.0,9.0,0.0,4.0,26.9,-3.4,23.5
2009,Kolkata Knight Riders,DJ Hussey,10,192.0,145.0,7.0,84.0,114.0,0.0,0.0,15.7,-34.4,-18.7
2020,Royal Challengers Bangalore,YS Chahal,15,1.0,3.0,1.0,343.0,405.0,21.0,66.0,-8.5,94.2,85.8
2016,Rising Pune Supergiants,UT Khawaja,6,127.0,100.0,5.0,0.0,0.0,0.0,0.0,-3.3,0.0,-3.3
2025,Gujarat Titans,I Sharma,7,0.0,0.0,0.0,110.0,205.0,4.0,26.0,0.0,-38.0,-38.0
2013,Delhi Daredevils,BJ Rohrer,8,193.0,140.0,6.0,6.0,12.0,0.0,0.0,26.5,-6.3,20.2
2025,Royal Challengers Bengaluru,V Kohli,15,657.0,454.0,12.0,0.0,0.0,0.0,0.0,29.5,0.0,29.5
2011,Delhi Daredevils,AB Agarkar,7,7.0,6.0,0.0,162.0,231.0,8.0,54.0,1.2,-19.1,-17.9
2011,Rajasthan Royals,SR Watson,11,330.0,253.0,10.0,216.0,241.0,6.0,60.0,42.9,7.6,50.5
2012,Deccan Chargers,J Theron,2,7.0,6.0,0.0,48.0,66.0,2.0,24.0,0.9,-4.1,-3.2
2017,Sunrisers Hyderabad,NV Ojha,5,79.0,65.0,4.0,0.0,0.0,0.0,0.0,-11.3,0.0,-11.3
2026,Delhi Capitals,P Nissanka,10,278.0,175.0,10.0,0.0,0.0,0.0,0.0,-10.0,0.0,-10.0
2013,Delhi Daredevils,CM Gautam,3,44.0,34.0,2.0,0.0,0.0,0.0,0.0,-0.2,0.0,-0.2
2012,Mumbai Indians,PP Ojha,9,4.0,14.0,1.0,180.0,220.0,9.0,30.0,-16.2,14.6,-1.6
2024,Royal Challengers Bengaluru,Mohammed Siraj,14,12.0,8.0,1.0,324.0,496.0,15.0,96.0,-4.2,16.1,11.9
2026,Delhi Capitals,DA Miller,10,211.0,137.0,6.0,0.0,0.0,0.0,0.0,6.2,0.0,6.2
2009,Royal Challengers Bangalore,RE van der Merwe,11,123.0,100.0,9.0,228.0,275.0,11.0,72.0,-24.0,18.5,-5.5
2011,Kochi Tuskers Kerala,S Sreesanth,9,1.0,9.0,1.0,191.0,206.0,7.0,29.0,-13.7,18.9,5.2
2018,Rajasthan Royals,RA Tripathi,12,226.0,167.0,9.0,0.0,0.0,0.0,0.0,-7.1,0.0,-7.1
2026,Lucknow Super Giants,JP Inglis,5,266.0,143.0,5.0,0.0,0.0,0.0,0.0,53.7,0.0,53.7
2009,Kings XI Punjab,RS Sodhi,1,4.0,2.0,0.0,0.0,0.0,0.0,0.0,2.0,0.0,2.0
2016,Rising Pune Supergiants,RP Singh,4,0.0,0.0,0.0,72.0,111.0,3.0,18.0,0.0,-13.7,-13.7
2012,Kings XI Punjab,Bipul Sharma,4,72.0,47.0,2.0,46.0,79.0,0.0,4.0,13.2,-33.2,-20.0
2023,Mumbai Indians,PP Chawla,16,25.0,22.0,2.0,366.0,495.0,22.0,18.0,-11.7,52.5,40.8
2018,Kings XI Punjab,AJ Finch,9,134.0,100.0,8.0,0.0,0.0,0.0,0.0,-19.6,0.0,-19.6
2022,Rajasthan Royals,KK Nair,2,16.0,18.0,2.0,0.0,0.0,0.0,0.0,-14.9,0.0,-14.9
2009,Royal Challengers Bangalore,MV Boucher,11,163.0,126.0,6.0,0.0,0.0,0.0,0.0,6.5,0.0,6.5
2018,Rajasthan Royals,DS Kulkarni,8,6.0,7.0,0.0,119.0,188.0,4.0,5.0,-2.0,-27.8,-29.8
2018,Rajasthan Royals,AM Rahane,14,370.0,313.0,13.0,0.0,0.0,0.0,0.0,-46.1,0.0,-46.1
2020,Mumbai Indians,SA Yadav,15,480.0,331.0,9.0,0.0,0.0,0.0,0.0,88.5,0.0,88.5
2021,Sunrisers Hyderabad,WP Saha,9,131.0,140.0,9.0,0.0,0.0,0.0,0.0,-61.6,0.0,-61.6
2025,Mumbai Indians,RD Rickelton,14,388.0,257.0,13.0,0.0,0.0,0.0,0.0,-11.9,0.0,-11.9
2013,Sunrisers Hyderabad,PA Reddy,7,91.0,101.0,7.0,0.0,0.0,0.0,0.0,-38.6,0.0,-38.6
2007,Mumbai Indians,DJ Bravo,9,178.0,134.0,6.0,171.0,232.0,11.0,50.0,7.2,19.4,26.6
2009,Deccan Chargers,A Symonds,24,678.0,507.0,19.0,462.0,532.0,19.0,78.0,101.9,36.0,137.9
2024,Lucknow Super Giants,Ravi Bishnoi,14,4.0,6.0,2.0,262.0,383.0,10.0,40.0,-15.5,-3.6,-19.1
2014,Sunrisers Hyderabad,DJG Sammy,10,108.0,91.0,7.0,84.0,157.0,3.0,24.0,-31.8,-47.7,-79.5
2026,Sunrisers Hyderabad,Harsh Dubey,8,13.0,9.0,2.0,132.0,228.0,8.0,30.0,-10.2,-4.7,-14.9
2019,Delhi Capitals,K Rabada,12,14.0,15.0,3.0,282.0,368.0,25.0,138.0,-20.3,103.1,82.8
2021,Delhi Capitals,MP Stoinis,10,89.0,72.0,4.0,67.0,117.0,2.0,6.0,-3.8,-36.5,-40.3
2019,Chennai Super Kings,AT Rayudu,17,282.0,303.0,12.0,0.0,0.0,0.0,0.0,-106.2,0.0,-106.2
2024,Kolkata Knight Riders,RK Singh,11,168.0,113.0,9.0,0.0,0.0,0.0,0.0,-21.3,0.0,-21.3
2025,Chennai Super Kings,M Pathirana,12,0.0,0.0,0.0,251.0,424.0,13.0,143.0,0.0,-23.5,-23.5
2016,Delhi Daredevils,A Mishra,14,4.0,14.0,2.0,276.0,344.0,13.0,36.0,-22.9,35.4,12.5
2012,Mumbai Indians,DJ Jacobs,1,0.0,10.0,1.0,0.0,0.0,0.0,0.0,-15.2,0.0,-15.2
2013,Delhi Daredevils,DPMD Jayawardene,15,331.0,313.0,14.0,0.0,0.0,0.0,0.0,-31.1,0.0,-31.1
2012,Deccan Chargers,DB Ravi Teja,2,4.0,4.0,2.0,0.0,0.0,0.0,0.0,-11.9,0.0,-11.9
2023,Punjab Kings,K Rabada,6,0.0,2.0,1.0,138.0,232.0,7.0,36.0,-8.3,-25.0,-33.3
2011,Royal Challengers Bangalore,Z Khan,15,21.0,24.0,2.0,354.0,455.0,14.0,120.0,-13.7,-25.0,-38.7
2017,Delhi Daredevils,A Mishra,14,49.0,52.0,1.0,233.0,343.0,10.0,11.0,-10.1,-37.9,-47.9
2015,Kings XI Punjab,V Sehwag,8,99.0,84.0,7.0,0.0,0.0,0.0,0.0,-25.4,0.0,-25.4
2020,Kolkata Knight Riders,KD Karthik,14,169.0,134.0,12.0,0.0,0.0,0.0,0.0,-46.1,0.0,-46.1
2023,Kolkata Knight Riders,Suyash Sharma,11,0.0,0.0,0.0,234.0,321.0,10.0,36.0,0.0,6.9,6.9
2013,Royal Challengers Bangalore,R Vinay Kumar,16,70.0,44.0,1.0,361.0,493.0,23.0,133.0,19.5,5.5,25.0
2020,Chennai Super Kings,SN Thakur,9,12.0,21.0,1.0,194.0,275.0,10.0,78.0,-15.4,3.5,-11.8
2026,Mumbai Indians,SA Yadav,13,270.0,183.0,13.0,0.0,0.0,0.0,0.0,-36.2,0.0,-36.2
2023,Lucknow Super Giants,KR Mayers,13,379.0,263.0,13.0,42.0,59.0,0.0,0.0,6.1,-9.4,-3.3
2013,Rajasthan Royals,A Chandila,8,4.0,6.0,0.0,150.0,156.0,6.0,6.0,-2.1,18.6,16.4
2016,Kolkata Knight Riders,UT Yadav,9,9.0,5.0,1.0,156.0,234.0,10.0,54.0,-2.6,1.1,-1.5
2022,Rajasthan Royals,YS Chahal,17,5.0,8.0,1.0,408.0,527.0,27.0,108.0,-10.2,91.4,81.1
2022,Sunrisers Hyderabad,RA Tripathi,14,413.0,261.0,12.0,0.0,0.0,0.0,0.0,77.9,0.0,77.9
2015,Kolkata Knight Riders,PP Chawla,13,54.0,47.0,4.0,210.0,269.0,11.0,12.0,-21.3,18.5,-2.8
2016,Kolkata Knight Riders,Shakib Al Hasan,10,114.0,106.0,5.0,186.0,243.0,5.0,30.0,-28.1,-9.7,-37.8
2019,Kolkata Knight Riders,AD Russell,13,510.0,249.0,9.0,181.0,287.0,11.0,43.0,193.5,-21.9,171.6
2019,Royal Challengers Bangalore,SO Hetmyer,5,90.0,73.0,5.0,0.0,0.0,0.0,0.0,-16.4,0.0,-16.4
2012,Mumbai Indians,Harbhajan Singh,17,108.0,80.0,9.0,324.0,384.0,6.0,18.0,-25.7,-26.9,-52.6
2015,Delhi Daredevils,SS Iyer,14,439.0,342.0,13.0,0.0,0.0,0.0,0.0,22.7,0.0,22.7
2023,Mumbai Indians,TH David,15,231.0,146.0,8.0,0.0,0.0,0.0,0.0,19.4,0.0,19.4
2025,Mumbai Indians,SA Yadav,16,717.0,427.0,11.0,0.0,0.0,0.0,0.0,140.3,0.0,140.3
2013,Pune Warriors,M Manhas,2,13.0,17.0,0.0,0.0,0.0,0.0,0.0,-3.8,0.0,-3.8
2022,Delhi Capitals,C Sakariya,3,0.0,0.0,0.0,66.0,84.0,3.0,18.0,0.0,7.1,7.1
2015,Rajasthan Royals,JP Faulkner,13,144.0,109.0,8.0,270.0,426.0,8.0,102.0,-23.4,-76.4,-99.8
2013,Mumbai Indians,KA Pollard,18,420.0,281.0,10.0,186.0,292.0,10.0,66.0,88.6,-45.0,43.6
2026,Chennai Super Kings,Noor Ahmad,14,11.0,23.0,3.0,306.0,428.0,13.0,24.0,-35.1,40.3,5.2
2017,Royal Challengers Bangalore,CH Gayle,9,200.0,163.0,9.0,0.0,0.0,0.0,0.0,-24.4,0.0,-24.4
2011,Kings XI Punjab,Mandeep Singh,5,47.0,41.0,4.0,0.0,0.0,0.0,0.0,-16.3,0.0,-16.3
2009,Kings XI Punjab,AB Barath,3,42.0,42.0,2.0,0.0,0.0,0.0,0.0,-8.2,0.0,-8.2
2018,Chennai Super Kings,KM Asif,2,0.0,0.0,0.0,36.0,75.0,3.0,6.0,0.0,-15.5,-15.5
2024,Kolkata Knight Riders,VR Iyer,13,370.0,233.0,8.0,6.0,28.0,0.0,0.0,47.7,-20.9,26.8
2009,Deccan Chargers,Harmeet Singh,15,0.0,1.0,1.0,281.0,366.0,11.0,71.0,-7.0,-20.6,-27.6
2013,Royal Challengers Bangalore,M Kartik,11,2.0,3.0,1.0,234.0,284.0,9.0,36.0,-7.1,-3.6,-10.7
2018,Delhi Daredevils,A Mishra,10,1.0,2.0,0.0,222.0,264.0,12.0,24.0,-1.3,50.5,49.2
2020,Sunrisers Hyderabad,DA Warner,16,548.0,407.0,13.0,1.0,2.0,0.0,0.0,58.5,-0.9,57.6
2022,Sunrisers Hyderabad,Shashank Singh,6,69.0,47.0,4.0,12.0,20.0,0.0,0.0,-7.1,-7.2,-14.3
2009,Mumbai Indians,ST Jayasuriya,16,254.0,223.0,16.0,168.0,231.0,9.0,42.0,-43.7,-11.7,-55.4
2012,Rajasthan Royals,OA Shah,13,340.0,256.0,7.0,0.0,0.0,0.0,0.0,51.0,0.0,51.0
2011,Delhi Daredevils,Y Venugopal Rao,14,336.0,280.0,12.0,12.0,26.0,0.0,0.0,-0.1,-14.5,-14.5
2013,Rajasthan Royals,S Sreesanth,7,1.0,4.0,1.0,130.0,163.0,5.0,16.0,-9.1,-10.4,-19.5
2020,Royal Challengers Bangalore,V Kohli,15,466.0,384.0,11.0,0.0,0.0,0.0,0.0,3.9,0.0,3.9
2025,Delhi Capitals,Sameer Rizvi,4,121.0,79.0,3.0,0.0,0.0,0.0,0.0,8.4,0.0,8.4
2023,Lucknow Super Giants,DJ Hooda,12,84.0,90.0,10.0,6.0,8.0,0.0,0.0,-75.3,-1.3,-76.6
2009,Delhi Daredevils,PJ Sangwan,21,16.0,24.0,1.0,466.0,618.0,24.0,82.0,-13.0,-13.1,-26.0
2023,Punjab Kings,S Dhawan,11,373.0,261.0,9.0,0.0,0.0,0.0,0.0,29.0,0.0,29.0
2014,Rajasthan Royals,DS Kulkarni,8,35.0,25.0,0.0,162.0,221.0,6.0,42.0,7.3,-11.8,-4.4
2021,Chennai Super Kings,SN Thakur,16,5.0,5.0,1.0,359.0,527.0,21.0,125.0,-5.8,-31.0,-36.8
2007,Royal Challengers Bangalore,J Arunkumar,3,23.0,23.0,3.0,0.0,0.0,0.0,0.0,-16.7,0.0,-16.7
2022,Lucknow Super Giants,MK Pandey,6,88.0,80.0,6.0,0.0,0.0,0.0,0.0,-27.7,0.0,-27.7
2013,Mumbai Indians,MG Johnson,17,39.0,36.0,4.0,384.0,459.0,24.0,78.0,-21.2,51.7,30.5
2018,Chennai Super Kings,KM Jadhav,1,24.0,22.0,0.0,0.0,0.0,0.0,0.0,0.9,0.0,0.9
2007,Royal Challengers Bangalore,SP Goswami,3,82.0,85.0,3.0,0.0,0.0,0.0,0.0,-18.4,0.0,-18.4
2022,Gujarat Titans,R Sai Kishore,5,0.0,0.0,0.0,96.0,121.0,6.0,12.0,0.0,19.7,19.7
2024,Chennai Super Kings,M Pathirana,6,0.0,0.0,0.0,132.0,169.0,13.0,66.0,0.0,79.5,79.5
2009,Delhi Daredevils,UT Yadav,7,3.0,4.0,0.0,144.0,184.0,6.0,36.0,-1.0,-4.2,-5.2
2024,Royal Challengers Bengaluru,KV Sharma,9,31.0,15.0,2.0,144.0,254.0,7.0,6.0,-0.1,-40.7,-40.8
2023,Punjab Kings,Atharva Taide,7,186.0,129.0,6.0,0.0,0.0,0.0,0.0,7.7,0.0,7.7
2009,Rajasthan Royals,M Rawat,3,16.0,19.0,0.0,0.0,0.0,0.0,0.0,-2.2,0.0,-2.2
2019,Sunrisers Hyderabad,KK Ahmed,9,0.0,1.0,1.0,209.0,287.0,19.0,53.0,-7.1,61.5,54.5
2020,Kolkata Knight Riders,Shivam Mavi,8,10.0,14.0,2.0,156.0,212.0,9.0,42.0,-18.2,13.5,-4.7
2011,Mumbai Indians,AC Blizzard,6,120.0,87.0,6.0,0.0,0.0,0.0,0.0,7.7,0.0,7.7
2018,Rajasthan Royals,JD Unadkat,15,49.0,38.0,4.0,302.0,486.0,11.0,110.0,-17.4,-71.3,-88.7
2018,Sunrisers Hyderabad,Shakib Al Hasan,17,239.0,197.0,9.0,342.0,456.0,14.0,24.0,-24.0,4.4,-19.5
2011,Chennai Super Kings,MS Dhoni,13,392.0,247.0,9.0,0.0,0.0,0.0,0.0,101.8,0.0,101.8
2009,Rajasthan Royals,Niraj Patel,2,18.0,38.0,2.0,0.0,0.0,0.0,0.0,-28.2,0.0,-28.2
2016,Kings XI Punjab,HM Amla,6,157.0,119.0,6.0,0.0,0.0,0.0,0.0,-0.3,0.0,-0.3
2014,Chennai Super Kings,A Nehra,4,0.0,0.0,0.0,90.0,142.0,8.0,36.0,0.0,4.3,4.3
2007,Deccan Chargers,RP Singh,14,27.0,24.0,4.0,308.0,442.0,15.0,98.0,-22.3,-22.1,-44.4
2021,Sunrisers Hyderabad,MK Pandey,8,292.0,236.0,6.0,0.0,0.0,0.0,0.0,27.2,0.0,27.2
2013,Chennai Super Kings,DP Nannes,5,0.0,0.0,0.0,119.0,158.0,4.0,29.0,0.0,-19.5,-19.5
2023,Rajasthan Royals,JE Root,2,10.0,15.0,1.0,12.0,14.0,0.0,0.0,-13.0,-0.6,-13.7
2024,Mumbai Indians,Mohammad Nabi,7,35.0,31.0,4.0,74.0,109.0,2.0,2.0,-27.3,-7.2,-34.6
2025,Kolkata Knight Riders,SP Narine,12,246.0,144.0,11.0,270.0,351.0,12.0,30.0,-1.6,54.9,53.3
2011,Rajasthan Royals,AS Raut,4,60.0,58.0,3.0,6.0,8.0,0.0,0.0,-12.9,-2.0,-14.9
2016,Royal Challengers Bangalore,T Shamsi,4,0.0,0.0,0.0,96.0,147.0,3.0,18.0,0.0,-23.3,-23.3
2020,Kings XI Punjab,K Gowtham,2,42.0,27.0,1.0,48.0,84.0,1.0,6.0,6.6,-26.4,-19.7
2024,Punjab Kings,JM Sharma,12,187.0,142.0,11.0,0.0,0.0,0.0,0.0,-44.8,0.0,-44.8
2024,Kolkata Knight Riders,PVD Chameera,1,0.0,0.0,0.0,18.0,48.0,0.0,6.0,0.0,-24.1,-24.1
2013,Mumbai Indians,AP Tare,5,123.0,84.0,5.0,0.0,0.0,0.0,0.0,19.7,0.0,19.7
2017,Sunrisers Hyderabad,Yuvraj Singh,11,252.0,177.0,9.0,12.0,22.0,1.0,0.0,18.3,-3.4,14.8
2017,Gujarat Lions,IK Pathan,1,2.0,3.0,1.0,12.0,26.0,0.0,6.0,-7.0,-12.6,-19.7
2025,Delhi Capitals,J Fraser-McGurk,6,55.0,52.0,6.0,0.0,0.0,0.0,0.0,-46.0,0.0,-46.0
2026,Mumbai Indians,Q de Kock,3,132.0,81.0,2.0,0.0,0.0,0.0,0.0,17.8,0.0,17.8
2023,Rajasthan Royals,A Zampa,6,10.0,16.0,3.0,132.0,188.0,8.0,24.0,-25.6,13.7,-12.0
2016,Rising Pune Supergiants,JA Morkel,2,16.0,9.0,1.0,30.0,66.0,2.0,6.0,0.0,-21.2,-21.2
2009,Rajasthan Royals,S Narwal,5,14.0,12.0,2.0,94.0,185.0,5.0,18.0,-9.0,-60.7,-69.6
2015,Kings XI Punjab,Gurkeerat Singh,5,35.0,39.0,5.0,54.0,66.0,3.0,0.0,-36.0,8.2,-27.8
2021,Royal Challengers Bangalore,GHS Garton,5,2.0,4.0,1.0,90.0,135.0,3.0,18.0,-7.9,-21.7,-29.5
2024,Mumbai Indians,TH David,11,241.0,152.0,8.0,0.0,0.0,0.0,0.0,4.9,0.0,4.9
2018,Royal Challengers Bangalore,C de Grandhomme,9,131.0,84.0,4.0,90.0,129.0,2.0,12.0,13.7,-18.7,-5.0
2012,Deccan Chargers,BB Samantray,1,2.0,2.0,0.0,0.0,0.0,0.0,0.0,-0.0,0.0,-0.0
2012,Delhi Daredevils,Sunny Gupta,1,0.0,1.0,1.0,18.0,47.0,0.0,0.0,-7.0,-29.3,-36.3
2023,Rajasthan Royals,Abdul Basith,1,1.0,1.0,0.0,0.0,0.0,0.0,0.0,-0.1,0.0,-0.1
2026,Mumbai Indians,RG Sharma,9,283.0,180.0,9.0,0.0,0.0,0.0,0.0,-2.6,0.0,-2.6
2013,Pune Warriors,SPD Smith,7,159.0,132.0,4.0,0.0,0.0,0.0,0.0,13.0,0.0,13.0
2023,Rajasthan Royals,K Yadav,2,0.0,0.0,0.0,42.0,68.0,2.0,12.0,0.0,-6.4,-6.4
2020,Chennai Super Kings,KV Sharma,5,0.0,0.0,0.0,114.0,165.0,5.0,18.0,0.0,-11.6,-11.6
2021,Sunrisers Hyderabad,PK Garg,5,72.0,74.0,5.0,0.0,0.0,0.0,0.0,-27.9,0.0,-27.9
2023,Lucknow Super Giants,JD Unadkat,3,9.0,7.0,1.0,48.0,92.0,0.0,18.0,-5.0,-33.9,-38.8
2012,Mumbai Indians,SA Yadav,1,0.0,4.0,1.0,0.0,0.0,0.0,0.0,-9.7,0.0,-9.7
2009,Rajasthan Royals,SD Chitnis,1,6.0,8.0,1.0,0.0,0.0,0.0,0.0,-8.0,0.0,-8.0
2012,Deccan Chargers,PA Patel,13,194.0,165.0,11.0,0.0,0.0,0.0,0.0,-26.5,0.0,-26.5
2017,Royal Challengers Bangalore,TM Head,7,151.0,108.0,4.0,48.0,81.0,2.0,18.0,16.7,-17.5,-0.8
2026,Gujarat Titans,R Sai Kishore,2,0.0,0.0,0.0,24.0,46.0,1.0,0.0,0.0,-9.6,-9.6
2018,Royal Challengers Bangalore,SN Khan,6,51.0,41.0,5.0,0.0,0.0,0.0,0.0,-24.0,0.0,-24.0
2019,Chennai Super Kings,KV Sharma,1,0.0,0.0,0.0,17.0,33.0,1.0,5.0,0.0,-8.5,-8.5
2023,Lucknow Super Giants,KS Sharma,2,12.0,21.0,2.0,0.0,0.0,0.0,0.0,-23.2,0.0,-23.2
2007,Kolkata Knight Riders,BB McCullum,4,188.0,92.0,3.0,0.0,0.0,0.0,0.0,79.2,0.0,79.2
2012,Kolkata Knight Riders,JD Unadkat,1,0.0,0.0,0.0,18.0,32.0,0.0,6.0,0.0,-13.6,-13.6
2022,Kolkata Knight Riders,SP Jackson,5,23.0,26.0,4.0,0.0,0.0,0.0,0.0,-29.7,0.0,-29.7
2014,Chennai Super Kings,DJ Hussey,4,116.0,94.0,2.0,17.0,38.0,2.0,17.0,7.2,-5.5,1.7
2023,Sunrisers Hyderabad,AJ Hosein,1,16.0,10.0,0.0,24.0,40.0,1.0,0.0,4.6,-5.8,-1.3
2012,Pune Warriors,LJ Wright,1,0.0,0.0,0.0,12.0,24.0,0.0,0.0,0.0,-12.2,-12.2
2018,Chennai Super Kings,KV Sharma,5,0.0,0.0,0.0,57.0,89.0,4.0,9.0,0.0,-2.5,-2.5
2021,Kolkata Knight Riders,TL Seifert,1,2.0,4.0,1.0,0.0,0.0,0.0,0.0,-7.9,0.0,-7.9
2013,Kolkata Knight Riders,R McLaren,2,3.0,6.0,2.0,42.0,94.0,3.0,12.0,-14.8,-35.5,-50.2
2020,Kolkata Knight Riders,CJ Green,1,0.0,0.0,0.0,17.0,24.0,0.0,5.0,0.0,-5.3,-5.3
2016,Kings XI Punjab,F Behardien,3,14.0,13.0,2.0,0.0,0.0,0.0,0.0,-12.4,0.0,-12.4
2012,Deccan Chargers,PA Reddy,4,73.0,59.0,3.0,0.0,0.0,0.0,0.0,-0.3,0.0,-0.3
2015,Mumbai Indians,PP Ojha,1,0.0,0.0,0.0,12.0,23.0,0.0,0.0,0.0,-10.5,-10.5
2023,Delhi Capitals,YV Dhull,3,16.0,23.0,3.0,0.0,0.0,0.0,0.0,-27.2,0.0,-27.2
2025,Chennai Super Kings,SK Rasheed,5,71.0,63.0,5.0,0.0,0.0,0.0,0.0,-39.2,0.0,-39.2
2024,Chennai Super Kings,Simarjeet Singh,4,0.0,0.0,0.0,72.0,121.0,5.0,18.0,0.0,-1.4,-1.4
2009,Chennai Super Kings,MEK Hussey,3,37.0,44.0,2.0,0.0,0.0,0.0,0.0,-15.6,0.0,-15.6
2013,Rajasthan Royals,S Badree,1,0.0,0.0,0.0,24.0,34.0,0.0,0.0,0.0,-12.1,-12.1
2026,Chennai Super Kings,KK Ahmed,5,0.0,0.0,0.0,101.0,146.0,2.0,11.0,0.0,5.1,5.1
2021,Rajasthan Royals,Anuj Rawat,1,0.0,1.0,1.0,0.0,0.0,0.0,0.0,-7.0,0.0,-7.0
2015,Delhi Daredevils,Q de Kock,3,122.0,77.0,3.0,0.0,0.0,0.0,0.0,28.5,0.0,28.5
2013,Sunrisers Hyderabad,Ankit Sharma,1,0.0,0.0,0.0,12.0,17.0,0.0,0.0,0.0,-5.9,-5.9
2011,Deccan Chargers,I Malhotra,1,7.0,4.0,0.0,6.0,23.0,0.0,0.0,3.2,-17.0,-13.9
2024,Royal Challengers Bengaluru,H Sharma,1,0.0,0.0,0.0,12.0,29.0,0.0,0.0,0.0,-14.8,-14.8
2011,Rajasthan Royals,FY Fazal,2,19.0,19.0,1.0,0.0,0.0,0.0,0.0,-3.5,0.0,-3.5
2020,Mumbai Indians,DS Kulkarni,1,3.0,2.0,0.0,18.0,22.0,0.0,0.0,0.7,-3.1,-2.5
2007,Kings XI Punjab,U Kaul,1,0.0,1.0,0.0,0.0,0.0,0.0,0.0,-1.1,0.0,-1.1
2007,Kolkata Knight Riders,BAW Mendis,1,0.0,0.0,0.0,24.0,24.0,1.0,6.0,0.0,7.6,7.6
2025,Rajasthan Royals,KS Rathore,1,0.0,5.0,1.0,0.0,0.0,0.0,0.0,-12.4,0.0,-12.4
2009,Kings XI Punjab,RR Bose,1,0.0,0.0,0.0,12.0,24.0,0.0,0.0,0.0,-12.1,-12.1
2024,Royal Challengers Bengaluru,SS Prabhudessai,1,24.0,18.0,1.0,0.0,0.0,0.0,0.0,-3.3,0.0,-3.3
2026,Sunrisers Hyderabad,DA Payne,2,6.0,5.0,0.0,30.0,70.0,2.0,0.0,-0.2,-18.4,-18.7
2014,Chennai Super Kings,DJ Bravo,1,8.0,3.0,0.0,0.0,0.0,0.0,0.0,4.6,0.0,4.6
2020,Chennai Super Kings,Monu Kumar,1,0.0,0.0,0.0,12.0,20.0,0.0,6.0,0.0,-6.3,-6.3
2025,Lucknow Super Giants,MP Breetzke,1,14.0,12.0,1.0,0.0,0.0,0.0,0.0,-7.3,0.0,-7.3
2012,Mumbai Indians,R Shukla,1,0.0,0.0,0.0,18.0,31.0,0.0,0.0,0.0,-13.3,-13.3
2021,Royal Challengers Bangalore,NA Saini,1,2.0,4.0,1.0,12.0,27.0,0.0,0.0,-7.8,-14.7,-22.4
2012,Kolkata Knight Riders,PJ Sangwan,1,0.0,0.0,0.0,24.0,42.0,1.0,0.0,0.0,-12.4,-12.4
2021,Sunrisers Hyderabad,Mujeeb Ur Rahman,1,1.0,1.0,0.0,24.0,29.0,2.0,6.0,0.0,7.6,7.7
2016,Royal Challengers Bangalore,D Wiese,1,5.0,4.0,0.0,24.0,49.0,0.0,6.0,0.5,-22.3,-21.8
2018,Sunrisers Hyderabad,CJ Jordan,1,0.0,0.0,0.0,24.0,31.0,0.0,6.0,0.0,-3.3,-3.3
2021,Sunrisers Hyderabad,T Natarajan,2,0.0,0.0,0.0,48.0,69.0,2.0,24.0,0.0,-6.7,-6.7
2020,Kings XI Punjab,GJ Maxwell,13,108.0,106.0,7.0,126.0,169.0,3.0,6.0,-45.8,-17.5,-63.3
2007,Royal Challengers Bangalore,P Kumar,13,112.0,98.0,9.0,268.0,366.0,11.0,64.0,-42.6,-14.3,-57.0
2007,Kings XI Punjab,PP Chawla,15,90.0,59.0,4.0,281.0,389.0,17.0,30.0,4.7,14.5,19.3
2009,Rajasthan Royals,MM Patel,15,37.0,31.0,3.0,287.0,359.0,19.0,59.0,-11.8,42.0,30.3
2025,Rajasthan Royals,M Theekshana,11,10.0,27.0,2.0,252.0,410.0,11.0,48.0,-34.4,-20.0,-54.4
2013,Pune Warriors,MR Marsh,9,140.0,106.0,6.0,116.0,182.0,7.0,30.0,3.1,-25.8,-22.7
2024,Kolkata Knight Riders,PD Salt,12,435.0,239.0,11.0,0.0,0.0,0.0,0.0,82.9,0.0,82.9
2026,Punjab Kings,N Wadhera,6,65.0,57.0,6.0,0.0,0.0,0.0,0.0,-40.9,0.0,-40.9
2018,Rajasthan Royals,S Gopal,10,50.0,45.0,2.0,186.0,236.0,11.0,6.0,-12.8,30.5,17.8
2009,Deccan Chargers,RG Sharma,32,766.0,617.0,27.0,252.0,314.0,13.0,42.0,36.3,10.8,47.1
2025,Rajasthan Royals,Fazalhaq Farooqi,5,2.0,2.0,0.0,102.0,210.0,0.0,18.0,-0.4,-76.3,-76.7
2026,Mumbai Indians,RD Rickelton,12,448.0,240.0,11.0,0.0,0.0,0.0,0.0,73.7,0.0,73.7
2019,Chennai Super Kings,RA Jadeja,16,106.0,88.0,2.0,324.0,343.0,15.0,54.0,-0.6,95.6,94.9
2019,Royal Challengers Bangalore,TG Southee,3,9.0,9.0,0.0,54.0,118.0,1.0,12.0,-0.8,-50.7,-51.5
2023,Royal Challengers Bangalore,Vijaykumar Vyshak,7,13.0,9.0,1.0,144.0,253.0,9.0,36.0,-3.3,-30.1,-33.4
2024,Punjab Kings,RD Chahar,9,21.0,15.0,1.0,186.0,279.0,10.0,36.0,-4.0,8.5,4.6
2016,Gujarat Lions,BB McCullum,16,354.0,262.0,16.0,0.0,0.0,0.0,0.0,-5.7,0.0,-5.7
2018,Kings XI Punjab,KL Rahul,14,659.0,416.0,12.0,0.0,0.0,0.0,0.0,135.5,0.0,135.5
2011,Mumbai Indians,RW Price,1,0.0,0.0,0.0,18.0,33.0,0.0,0.0,0.0,-15.5,-15.5
2018,Kings XI Punjab,MK Tiwary,4,47.0,44.0,3.0,6.0,10.0,0.0,0.0,-17.4,-3.6,-21.0
2009,Kings XI Punjab,IK Pathan,28,472.0,344.0,17.0,580.0,816.0,32.0,220.0,47.1,-26.5,20.6
2014,Kings XI Punjab,CA Pujara,6,125.0,124.0,4.0,0.0,0.0,0.0,0.0,-19.7,0.0,-19.7
2015,Kolkata Knight Riders,G Gambhir,13,327.0,278.0,13.0,0.0,0.0,0.0,0.0,-25.0,0.0,-25.0
2016,Rising Pune Supergiants,F du Plessis,6,206.0,162.0,6.0,0.0,0.0,0.0,0.0,4.7,0.0,4.7
2023,Sunrisers Hyderabad,Abdul Samad,8,169.0,128.0,4.0,0.0,0.0,0.0,0.0,2.5,0.0,2.5
2023,Kolkata Knight Riders,Rahmanullah Gurbaz,11,227.0,170.0,11.0,0.0,0.0,0.0,0.0,-28.4,0.0,-28.4
2018,Kings XI Punjab,R Ashwin,14,102.0,71.0,8.0,304.0,410.0,10.0,42.0,-24.7,-14.0,-38.7
2023,Rajasthan Royals,JO Holder,8,12.0,11.0,2.0,171.0,284.0,4.0,75.0,-11.9,-55.5,-67.4
2026,Sunrisers Hyderabad,Ishan Kishan,15,602.0,330.0,14.0,0.0,0.0,0.0,0.0,105.4,0.0,105.4
2013,Mumbai Indians,PP Ojha,15,2.0,4.0,1.0,314.0,381.0,16.0,32.0,-8.1,15.2,7.1
2020,Sunrisers Hyderabad,PK Garg,10,133.0,111.0,9.0,0.0,0.0,0.0,0.0,-38.5,0.0,-38.5
2023,Gujarat Titans,DA Miller,13,259.0,178.0,8.0,0.0,0.0,0.0,0.0,13.2,0.0,13.2
2009,Delhi Daredevils,AB de Villiers,20,576.0,474.0,14.0,0.0,0.0,0.0,0.0,59.5,0.0,59.5
2014,Kolkata Knight Riders,SP Narine,16,10.0,14.0,1.0,384.0,407.0,21.0,168.0,-11.2,144.4,133.2
2009,Royal Challengers Bangalore,R Dravid,23,527.0,433.0,20.0,0.0,0.0,0.0,0.0,16.5,0.0,16.5
2011,Kings XI Punjab,BA Bhatt,8,0.0,5.0,0.0,167.0,229.0,9.0,48.0,-4.8,-9.9,-14.7
2025,Kolkata Knight Riders,Rahmanullah Gurbaz,5,74.0,53.0,4.0,0.0,0.0,0.0,0.0,-17.1,0.0,-17.1
2025,Chennai Super Kings,D Brevis,6,225.0,125.0,6.0,0.0,0.0,0.0,0.0,40.8,0.0,40.8
2013,Kolkata Knight Riders,JH Kallis,16,311.0,322.0,14.0,318.0,394.0,16.0,90.0,-60.3,15.6,-44.6
2016,Rising Pune Supergiants,M Ashwin,10,0.0,1.0,1.0,171.0,241.0,7.0,51.0,-7.1,-7.9,-15.0
2009,Kolkata Knight Riders,LR Shukla,12,119.0,111.0,7.0,156.0,206.0,6.0,42.0,-25.8,-15.1,-40.9
2022,Lucknow Super Giants,Ravi Bishnoi,14,0.0,1.0,0.0,324.0,456.0,13.0,54.0,-1.2,-22.5,-23.7
2022,Punjab Kings,R Dhawan,6,37.0,40.0,2.0,114.0,156.0,6.0,6.0,-18.6,1.9,-16.7
2020,Mumbai Indians,JL Pattinson,10,15.0,13.0,1.0,213.0,320.0,11.0,39.0,-6.0,-23.2,-29.3
2009,Rajasthan Royals,M Morkel,4,17.0,24.0,2.0,84.0,106.0,0.0,12.0,-18.2,-22.4,-40.6
2012,Chennai Super Kings,DE Bollinger,6,3.0,5.0,1.0,108.0,157.0,8.0,30.0,-8.1,0.1,-7.9
2016,Sunrisers Hyderabad,A Nehra,8,1.0,1.0,0.0,156.0,199.0,9.0,18.0,-0.1,23.7,23.6
2021,Royal Challengers Bangalore,AB de Villiers,14,313.0,211.0,10.0,0.0,0.0,0.0,0.0,51.2,0.0,51.2
2011,Kings XI Punjab,SD Chitnis,1,9.0,9.0,1.0,0.0,0.0,0.0,0.0,-5.7,0.0,-5.7
2026,Punjab Kings,LH Ferguson,3,0.0,0.0,0.0,66.0,141.0,1.0,24.0,0.0,-45.4,-45.4
2016,Kings XI Punjab,MM Sharma,14,32.0,26.0,4.0,291.0,407.0,13.0,111.0,-19.9,-0.9,-20.8
2023,Mumbai Indians,C Green,16,452.0,282.0,9.0,228.0,361.0,6.0,48.0,86.8,-56.4,30.3
2025,Rajasthan Royals,JC Archer,12,63.0,50.0,5.0,273.0,431.0,11.0,87.0,-26.7,-4.3,-31.0
2018,Mumbai Indians,JP Duminy,5,36.0,40.0,1.0,18.0,36.0,0.0,0.0,-13.6,-15.7,-29.4
2025,Chennai Super Kings,S Dube,14,357.0,270.0,11.0,12.0,33.0,0.0,0.0,-30.1,-18.3,-48.4
2011,Pune Warriors,R Sharma,14,24.0,21.0,2.0,300.0,273.0,16.0,60.0,-8.2,123.7,115.5
2013,Sunrisers Hyderabad,CL White,13,209.0,191.0,12.0,12.0,16.0,1.0,0.0,-36.8,1.3,-35.5
2011,Delhi Daredevils,UT Yadav,6,1.0,5.0,1.0,108.0,169.0,2.0,12.0,-9.8,-51.1,-60.9
2026,Delhi Capitals,Ashutosh Sharma,8,171.0,94.0,5.0,0.0,0.0,0.0,0.0,24.8,0.0,24.8
2016,Kolkata Knight Riders,PP Chawla,12,27.0,26.0,3.0,212.0,273.0,11.0,38.0,-17.7,26.0,8.3
2018,Kings XI Punjab,AJ Tye,14,32.0,38.0,6.0,336.0,448.0,24.0,138.0,-46.9,86.6,39.7
2018,Delhi Daredevils,HV Patel,5,60.0,33.0,0.0,105.0,167.0,7.0,27.0,24.5,-5.7,18.7
2026,Mumbai Indians,Krish Bhagat,3,10.0,21.0,1.0,36.0,63.0,0.0,18.0,-21.9,-13.4,-35.3
2024,Rajasthan Royals,Sandeep Sharma,10,0.0,0.0,0.0,228.0,311.0,13.0,84.0,0.0,64.6,64.6
2018,Kolkata Knight Riders,SP Narine,16,357.0,188.0,16.0,366.0,467.0,17.0,90.0,55.7,50.4,106.1
2022,Royal Challengers Bangalore,Mohammed Siraj,15,30.0,33.0,2.0,306.0,514.0,9.0,66.0,-20.1,-126.3,-146.3
2026,Mumbai Indians,HH Pandya,10,206.0,149.0,9.0,136.0,259.0,4.0,16.0,-31.4,-55.1,-86.5
2026,Gujarat Titans,Mohammed Siraj,17,5.0,16.0,2.0,372.0,562.0,19.0,72.0,-26.6,66.5,39.9
2026,Rajasthan Royals,TU Deshpande,7,26.0,14.0,2.0,138.0,275.0,4.0,48.0,-3.4,-65.7,-69.1
2019,Sunrisers Hyderabad,Sandeep Sharma,11,6.0,3.0,0.0,256.0,352.0,12.0,76.0,2.7,4.2,7.0
2007,Rajasthan Royals,GC Smith,11,441.0,362.0,9.0,0.0,0.0,0.0,0.0,33.8,0.0,33.8
2020,Sunrisers Hyderabad,T Natarajan,16,3.0,5.0,0.0,377.0,504.0,16.0,155.0,-2.8,17.2,14.5
2025,Chennai Super Kings,A Kamboj,8,14.0,12.0,2.0,129.0,172.0,8.0,3.0,-12.6,48.7,36.1
2007,Rajasthan Royals,SA Asnodkar,9,311.0,233.0,8.0,0.0,0.0,0.0,0.0,38.0,0.0,38.0
2026,Rajasthan Royals,Sandeep Sharma,6,0.0,0.0,0.0,118.0,224.0,5.0,46.0,0.0,-33.4,-33.4
2024,Kolkata Knight Riders,Harshit Rana,11,0.0,0.0,0.0,253.0,383.0,19.0,85.0,0.0,57.7,57.7
2023,Delhi Capitals,AR Patel,14,283.0,203.0,10.0,282.0,338.0,11.0,6.0,-0.9,48.5,47.6
2020,Sunrisers Hyderabad,SP Goswami,2,0.0,4.0,2.0,0.0,0.0,0.0,0.0,-16.1,0.0,-16.1
2021,Delhi Capitals,SPD Smith,7,152.0,135.0,6.0,0.0,0.0,0.0,0.0,-14.9,0.0,-14.9
2014,Kings XI Punjab,Shivam Sharma,4,5.0,3.0,1.0,96.0,121.0,3.0,18.0,-4.4,0.3,-4.0
2026,Punjab Kings,Shashank Singh,11,132.0,70.0,6.0,60.0,88.0,4.0,12.0,9.8,13.0,22.8
2012,Delhi Daredevils,P Negi,7,36.0,29.0,1.0,132.0,152.0,7.0,12.0,1.4,21.6,23.0
2019,Kings XI Punjab,DA Miller,10,213.0,164.0,8.0,0.0,0.0,0.0,0.0,-4.8,0.0,-4.8
2025,Royal Challengers Bengaluru,PD Salt,13,403.0,229.0,12.0,0.0,0.0,0.0,0.0,43.2,0.0,43.2
2012,Kolkata Knight Riders,MS Bisla,7,213.0,160.0,7.0,0.0,0.0,0.0,0.0,21.7,0.0,21.7
2007,Kolkata Knight Riders,RT Ponting,4,39.0,53.0,3.0,0.0,0.0,0.0,0.0,-31.0,0.0,-31.0
2022,Royal Challengers Bangalore,GJ Maxwell,13,301.0,178.0,10.0,144.0,165.0,6.0,6.0,56.5,23.8,80.3
2024,Mumbai Indians,SA Yadav,11,345.0,206.0,10.0,0.0,0.0,0.0,0.0,44.6,0.0,44.6
2025,Delhi Capitals,Ashutosh Sharma,9,204.0,127.0,7.0,0.0,0.0,0.0,0.0,9.7,0.0,9.7
2019,Rajasthan Royals,S Gopal,14,63.0,46.0,4.0,288.0,347.0,20.0,36.0,-9.3,82.3,73.0
2017,Kolkata Knight Riders,NM Coulter-Nile,8,14.0,12.0,3.0,170.0,228.0,15.0,44.0,-16.3,48.1,31.8
2011,Kochi Tuskers Kerala,PA Patel,13,202.0,183.0,9.0,0.0,0.0,0.0,0.0,-19.2,0.0,-19.2
2011,Kolkata Knight Riders,JD Unadkat,6,0.0,0.0,0.0,108.0,150.0,6.0,24.0,0.0,-8.3,-8.3
2019,Mumbai Indians,SL Malinga,12,0.0,0.0,0.0,269.0,438.0,16.0,119.0,0.0,-36.1,-36.1
2009,Deccan Chargers,KAJ Roach,2,10.0,9.0,1.0,48.0,80.0,0.0,18.0,-4.8,-30.8,-35.6
2022,Mumbai Indians,JD Unadkat,5,59.0,37.0,1.0,120.0,190.0,6.0,42.0,10.7,-18.7,-8.0
2023,Rajasthan Royals,KM Asif,4,0.0,2.0,1.0,84.0,138.0,3.0,18.0,-8.1,-22.2,-30.3
2024,Chennai Super Kings,MS Dhoni,11,161.0,73.0,3.0,0.0,0.0,0.0,0.0,49.9,0.0,49.9
2023,Royal Challengers Bangalore,F du Plessis,14,730.0,475.0,13.0,0.0,0.0,0.0,0.0,127.3,0.0,127.3
2020,Chennai Super Kings,PP Chawla,7,0.0,0.0,0.0,126.0,191.0,6.0,18.0,0.0,-19.0,-19.0
2024,Kolkata Knight Riders,CV Varun,14,0.0,0.0,0.0,300.0,402.0,21.0,48.0,0.0,91.4,91.4
2025,Chennai Super Kings,SM Curran,5,114.0,84.0,5.0,72.0,133.0,1.0,6.0,-18.0,-36.1,-54.1
2009,Rajasthan Royals,SK Trivedi,18,29.0,32.0,4.0,333.0,412.0,17.0,93.0,-27.0,22.1,-4.9
2009,Kolkata Knight Riders,BAW Mendis,6,1.0,2.0,1.0,144.0,183.0,5.0,42.0,-7.0,-9.7,-16.7
2013,Rajasthan Royals,DH Yagnik,9,125.0,96.0,7.0,0.0,0.0,0.0,0.0,-7.7,0.0,-7.7
2021,Royal Challengers Bangalore,KS Bharat,7,191.0,156.0,5.0,0.0,0.0,0.0,0.0,9.5,0.0,9.5
2025,Gujarat Titans,R Tewatia,12,99.0,59.0,6.0,0.0,0.0,0.0,0.0,-8.3,0.0,-8.3
2013,Kings XI Punjab,MG Neser,1,0.0,0.0,0.0,24.0,62.0,0.0,12.0,0.0,-37.5,-37.5
2026,Delhi Capitals,T Vijay,1,0.0,0.0,0.0,12.0,29.0,0.0,0.0,0.0,-13.0,-13.0
2021,Punjab Kings,MC Henriques,5,31.0,32.0,2.0,60.0,45.0,4.0,6.0,-11.3,41.1,29.9
2021,Delhi Capitals,TK Curran,3,21.0,17.0,1.0,68.0,104.0,4.0,26.0,-1.3,-10.4,-11.7
2009,Rajasthan Royals,SM Harwood,3,9.0,14.0,0.0,60.0,73.0,3.0,24.0,-5.0,6.5,1.5
2014,Delhi Daredevils,KP Pietersen,11,294.0,233.0,10.0,0.0,0.0,0.0,0.0,4.7,0.0,4.7
2024,Rajasthan Royals,Dhruv Jurel,11,195.0,141.0,7.0,0.0,0.0,0.0,0.0,-17.4,0.0,-17.4
2014,Kings XI Punjab,BE Hendricks,3,0.0,1.0,1.0,72.0,126.0,4.0,30.0,-7.1,-22.9,-30.0
2016,Royal Challengers Bangalore,KM Jadhav,3,42.0,32.0,0.0,0.0,0.0,0.0,0.0,6.4,0.0,6.4
2016,Sunrisers Hyderabad,S Dhawan,17,501.0,429.0,12.0,0.0,0.0,0.0,0.0,-8.8,0.0,-8.8
2011,Pune Warriors,JD Ryder,13,292.0,197.0,13.0,92.0,118.0,4.0,14.0,40.9,-1.4,39.6
2019,Kings XI Punjab,Harpreet Brar,2,20.0,12.0,0.0,30.0,48.0,0.0,0.0,7.0,-15.6,-8.7
2014,Chennai Super Kings,MS Dhoni,15,371.0,250.0,5.0,0.0,0.0,0.0,0.0,70.3,0.0,70.3
2019,Sunrisers Hyderabad,YK Pathan,8,40.0,45.0,3.0,6.0,8.0,0.0,0.0,-26.4,-1.7,-28.1
2023,Kolkata Knight Riders,JJ Roy,8,285.0,188.0,8.0,0.0,0.0,0.0,0.0,27.9,0.0,27.9
2014,Rajasthan Royals,Iqbal Abdulla,1,0.0,0.0,0.0,12.0,17.0,0.0,0.0,0.0,-4.6,-4.6
2022,Lucknow Super Giants,PVD Chameera,12,43.0,28.0,3.0,264.0,384.0,9.0,60.0,-7.3,-40.9,-48.2
2023,Mumbai Indians,CJ Jordan,6,6.0,12.0,2.0,132.0,237.0,3.0,60.0,-19.6,-59.8,-79.4
2025,Sunrisers Hyderabad,HV Patel,13,21.0,26.0,2.0,263.0,430.0,16.0,89.0,-22.5,4.4,-18.1
2026,Chennai Super Kings,MJ Henry,3,7.0,10.0,2.0,60.0,130.0,2.0,6.0,-17.3,-36.8,-54.0
2024,Delhi Capitals,Rasikh Salam,8,28.0,30.0,4.0,147.0,269.0,9.0,51.0,-32.1,-28.2,-60.3
2017,Rising Pune Supergiant,MS Dhoni,15,290.0,250.0,11.0,0.0,0.0,0.0,0.0,-29.9,0.0,-29.9
2019,Rajasthan Royals,SPD Smith,10,319.0,275.0,8.0,0.0,0.0,0.0,0.0,-15.2,0.0,-15.2
2024,Kolkata Knight Riders,VG Arora,10,1.0,1.0,0.0,180.0,276.0,11.0,24.0,-0.3,23.5,23.2
2013,Kolkata Knight Riders,DB Das,6,75.0,74.0,5.0,0.0,0.0,0.0,0.0,-23.9,0.0,-23.9
2019,Royal Challengers Bangalore,MP Stoinis,10,211.0,156.0,4.0,100.0,145.0,2.0,16.0,22.6,-25.9,-3.3
2026,Rajasthan Royals,R Parag,14,309.0,196.0,13.0,24.0,38.0,2.0,0.0,-11.2,4.4,-6.8
2012,Kolkata Knight Riders,R Bhatia,17,35.0,28.0,3.0,319.0,389.0,13.0,66.0,-10.1,11.2,1.1
2022,Kolkata Knight Riders,PJ Cummins,5,63.0,24.0,4.0,119.0,212.0,7.0,41.0,12.7,-36.1,-23.4
2007,Kings XI Punjab,K Goel,6,76.0,78.0,5.0,12.0,25.0,0.0,0.0,-28.3,-12.2,-40.6
2013,Kings XI Punjab,Harmeet Singh,3,3.0,4.0,0.0,68.0,87.0,5.0,20.0,-1.1,10.2,9.1
2025,Delhi Capitals,KK Nair,8,198.0,115.0,7.0,0.0,0.0,0.0,0.0,14.2,0.0,14.2
2022,Lucknow Super Giants,E Lewis,5,73.0,56.0,3.0,0.0,0.0,0.0,0.0,-3.6,0.0,-3.6
2025,Kolkata Knight Riders,AM Rahane,12,390.0,264.0,11.0,0.0,0.0,0.0,0.0,0.5,0.0,0.5
2015,Royal Challengers Bangalore,V Kohli,16,505.0,386.0,11.0,11.0,10.0,0.0,0.0,55.3,1.5,56.8
2016,Kings XI Punjab,AR Patel,14,111.0,77.0,6.0,287.0,388.0,13.0,35.0,-7.6,2.3,-5.3
2026,Rajasthan Royals,YBK Jaiswal,16,427.0,280.0,14.0,0.0,0.0,0.0,0.0,-17.8,0.0,-17.8
2007,Mumbai Indians,SS Tiwary,2,26.0,20.0,2.0,0.0,0.0,0.0,0.0,-6.5,0.0,-6.5
2015,Kolkata Knight Riders,RN ten Doeschate,5,61.0,45.0,3.0,6.0,4.0,0.0,0.0,-5.2,2.3,-2.9
2012,Delhi Daredevils,DPMD Jayawardene,15,335.0,298.0,10.0,0.0,0.0,0.0,0.0,-4.8,0.0,-4.8
2012,Pune Warriors,AG Murtaza,1,3.0,5.0,0.0,12.0,11.0,0.0,0.0,-2.1,0.7,-1.4
2018,Kings XI Punjab,Yuvraj Singh,7,65.0,73.0,5.0,12.0,23.0,0.0,0.0,-41.8,-10.2,-52.0
2012,Royal Challengers Bangalore,V Kohli,15,364.0,326.0,12.0,18.0,49.0,0.0,6.0,-15.7,-30.6,-46.3
2017,Sunrisers Hyderabad,V Shankar,4,101.0,75.0,2.0,0.0,0.0,0.0,0.0,12.4,0.0,12.4
2009,Kolkata Knight Riders,SS Shaikh,1,6.0,7.0,0.0,0.0,0.0,0.0,0.0,-0.2,0.0,-0.2
2009,Kolkata Knight Riders,MK Tiwary,12,237.0,186.0,9.0,6.0,11.0,1.0,6.0,13.2,1.7,14.9
2016,Sunrisers Hyderabad,B Kumar,17,43.0,27.0,5.0,396.0,490.0,23.0,162.0,-17.1,95.3,78.2
2014,Rajasthan Royals,PV Tambe,13,5.0,9.0,1.0,294.0,356.0,15.0,36.0,-11.1,46.5,35.4
2022,Kolkata Knight Riders,Rasikh Salam,2,7.0,6.0,1.0,24.0,28.0,0.0,0.0,-5.9,-3.0,-8.9
2017,Mumbai Indians,TG Southee,3,7.0,3.0,0.0,60.0,96.0,3.0,12.0,3.9,-11.8,-7.9
2017,Gujarat Lions,BB McCullum,11,319.0,217.0,11.0,0.0,0.0,0.0,0.0,26.9,0.0,26.9
2025,Gujarat Titans,SE Rutherford,11,291.0,185.0,9.0,0.0,0.0,0.0,0.0,15.7,0.0,15.7
2026,Rajasthan Royals,SO Hetmyer,7,78.0,69.0,6.0,0.0,0.0,0.0,0.0,-43.3,0.0,-43.3
2015,Delhi Daredevils,JD Unadkat,1,0.0,0.0,0.0,18.0,30.0,0.0,0.0,0.0,-11.4,-11.4
2011,Rajasthan Royals,A Singh,9,1.0,4.0,2.0,171.0,215.0,9.0,45.0,-14.8,5.8,-9.0
2009,Kings XI Punjab,WA Mota,7,30.0,48.0,4.0,54.0,61.0,3.0,24.0,-38.2,11.9,-26.3
2021,Chennai Super Kings,JR Hazlewood,9,0.0,0.0,0.0,210.0,293.0,11.0,42.0,0.0,-5.8,-5.8
2019,Kolkata Knight Riders,Y Prithvi Raj,2,0.0,1.0,0.0,30.0,57.0,1.0,0.0,-1.1,-18.6,-19.7
2015,Royal Challengers Bangalore,SN Khan,8,111.0,71.0,4.0,0.0,0.0,0.0,0.0,8.5,0.0,8.5
2020,Delhi Capitals,SO Hetmyer,11,185.0,125.0,8.0,0.0,0.0,0.0,0.0,3.3,0.0,3.3
2026,Punjab Kings,XC Bartlett,9,29.0,13.0,1.0,201.0,388.0,5.0,71.0,6.8,-85.6,-78.8
2011,Mumbai Indians,AG Murtaza,5,2.0,5.0,0.0,120.0,117.0,3.0,12.0,-2.8,18.0,15.2
2013,Chennai Super Kings,WP Saha,3,70.0,56.0,3.0,0.0,0.0,0.0,0.0,3.6,0.0,3.6
2015,Kings XI Punjab,GJ Maxwell,11,145.0,112.0,11.0,60.0,97.0,2.0,0.0,-33.4,-22.3,-55.7
2007,Chennai Super Kings,P Amarnath,6,0.0,0.0,0.0,132.0,236.0,7.0,18.0,0.0,-52.1,-52.1
2007,Chennai Super Kings,MS Dhoni,14,414.0,310.0,10.0,0.0,0.0,0.0,0.0,39.1,0.0,39.1
2009,Kings XI Punjab,B Lee,9,39.0,43.0,3.0,207.0,260.0,5.0,75.0,-21.8,-17.1,-38.8
2022,Kolkata Knight Riders,AJ Finch,5,86.0,61.0,5.0,0.0,0.0,0.0,0.0,-3.8,0.0,-3.8
2024,Rajasthan Royals,SB Dubey,3,33.0,19.0,2.0,0.0,0.0,0.0,0.0,-1.3,0.0,-1.3
2020,Sunrisers Hyderabad,KK Ahmed,7,0.0,2.0,1.0,154.0,242.0,8.0,46.0,-8.3,-23.9,-32.2
2017,Gujarat Lions,JJ Roy,3,59.0,40.0,2.0,0.0,0.0,0.0,0.0,4.7,0.0,4.7
2020,Kings XI Punjab,SS Cottrell,6,0.0,2.0,1.0,120.0,176.0,6.0,18.0,-8.3,-10.9,-19.2
2025,Kolkata Knight Riders,A Raghuvanshi,11,300.0,215.0,9.0,0.0,0.0,0.0,0.0,-12.9,0.0,-12.9
2023,Royal Challengers Bangalore,KM Jadhav,1,12.0,10.0,0.0,0.0,0.0,0.0,0.0,0.8,0.0,0.8
2019,Sunrisers Hyderabad,MJ Guptill,3,81.0,53.0,3.0,0.0,0.0,0.0,0.0,5.9,0.0,5.9
2013,Royal Challengers Bangalore,DT Christian,2,6.0,15.0,2.0,36.0,55.0,0.0,6.0,-19.8,-20.7,-40.5
2013,Kings XI Punjab,Azhar Mahmood,11,196.0,154.0,10.0,263.0,330.0,15.0,101.0,-6.3,22.0,15.7
2025,Royal Challengers Bengaluru,N Thushara,1,0.0,0.0,0.0,24.0,26.0,1.0,6.0,0.0,12.1,12.1
2025,Chennai Super Kings,Urvil Patel,3,68.0,32.0,3.0,0.0,0.0,0.0,0.0,10.2,0.0,10.2
2021,Punjab Kings,SN Khan,2,0.0,4.0,2.0,0.0,0.0,0.0,0.0,-16.0,0.0,-16.0
2022,Mumbai Indians,Anmolpreet Singh,2,13.0,13.0,2.0,0.0,0.0,0.0,0.0,-12.0,0.0,-12.0
2016,Royal Challengers Bangalore,HV Patel,5,0.0,0.0,0.0,84.0,147.0,1.0,30.0,0.0,-46.5,-46.5
2026,Kolkata Knight Riders,R Powell,7,190.0,141.0,4.0,0.0,0.0,0.0,0.0,-7.6,0.0,-7.6
2021,Rajasthan Royals,BA Stokes,1,0.0,3.0,1.0,6.0,12.0,0.0,0.0,-9.1,-6.1,-15.2
2014,Royal Challengers Bangalore,M Muralitharan,5,0.0,0.0,0.0,96.0,124.0,3.0,0.0,0.0,-6.7,-6.7
2013,Royal Challengers Bangalore,TM Dilshan,5,76.0,93.0,5.0,6.0,10.0,0.0,0.0,-34.3,-4.3,-38.6
2023,Rajasthan Royals,Navdeep Saini,1,0.0,0.0,0.0,24.0,40.0,3.0,6.0,0.0,6.1,6.1
2012,Royal Challengers Bangalore,S Aravind,1,14.0,8.0,0.0,18.0,48.0,0.0,0.0,5.9,-30.4,-24.5
2024,Rajasthan Royals,D Ferreira,2,8.0,11.0,2.0,0.0,0.0,0.0,0.0,-17.6,0.0,-17.6
2019,Sunrisers Hyderabad,Basil Thampi,3,1.0,1.0,0.0,72.0,110.0,0.0,12.0,-0.1,-32.8,-32.9
2021,Delhi Capitals,RV Patel,2,25.0,27.0,1.0,18.0,22.0,0.0,6.0,-6.5,-3.8,-10.3
2016,Kings XI Punjab,MG Johnson,3,5.0,14.0,2.0,66.0,106.0,2.0,12.0,-22.2,-21.8,-44.0
2024,Punjab Kings,Sikandar Raza,2,43.0,38.0,2.0,12.0,22.0,0.0,0.0,-12.1,-7.8,-19.9
2023,Lucknow Super Giants,M Vohra,1,10.0,11.0,1.0,0.0,0.0,0.0,0.0,-8.5,0.0,-8.5
2013,Delhi Daredevils,P Negi,1,0.0,0.0,0.0,24.0,28.0,0.0,6.0,0.0,-4.3,-4.3
2011,Chennai Super Kings,KMDN Kulasekara,1,0.0,0.0,0.0,18.0,26.0,1.0,0.0,0.0,-3.3,-3.3
2007,Rajasthan Royals,AD Mascarenhas,1,9.0,8.0,1.0,24.0,29.0,2.0,0.0,-5.1,8.0,2.9
2023,Mumbai Indians,D Jansen,1,0.0,0.0,0.0,24.0,53.0,1.0,12.0,0.0,-17.9,-17.9
2026,Punjab Kings,BJ Dwarshuis,1,0.0,0.0,0.0,24.0,51.0,1.0,6.0,0.0,-14.1,-14.1
2011,Pune Warriors,NL McCullum,2,26.0,22.0,1.0,30.0,34.0,0.0,0.0,-1.1,-4.9,-6.0
2016,Gujarat Lions,DW Steyn,1,1.0,2.0,1.0,12.0,17.0,0.0,0.0,-7.2,-4.3,-11.5
2013,Kings XI Punjab,Bipul Sharma,1,0.0,0.0,0.0,24.0,21.0,1.0,0.0,0.0,7.4,7.4
2018,Delhi Daredevils,NV Ojha,1,1.0,4.0,1.0,0.0,0.0,0.0,0.0,-9.6,0.0,-9.6
2013,Mumbai Indians,JDP Oram,1,0.0,0.0,0.0,24.0,22.0,0.0,12.0,0.0,2.5,2.5
2025,Royal Challengers Bengaluru,B Kumar,14,14.0,25.0,3.0,312.0,483.0,17.0,108.0,-33.9,33.7,-0.1
2009,Kolkata Knight Riders,AB Agarkar,18,106.0,86.0,3.0,318.0,487.0,10.0,84.0,4.3,-108.7,-104.4
2020,Rajasthan Royals,JC Archer,14,113.0,63.0,6.0,334.0,365.0,20.0,124.0,5.6,128.7,134.3
2018,Delhi Daredevils,PP Shaw,9,245.0,160.0,8.0,0.0,0.0,0.0,0.0,22.9,0.0,22.9
2016,Gujarat Lions,SB Jakati,6,1.0,2.0,0.0,120.0,178.0,2.0,12.0,-1.2,-35.7,-37.0
2017,Kings XI Punjab,AR Patel,14,227.0,162.0,8.0,288.0,362.0,15.0,24.0,14.0,34.2,48.2
2025,Punjab Kings,KA Jamieson,4,0.0,5.0,0.0,90.0,147.0,5.0,18.0,-6.0,0.6,-5.3
2020,Royal Challengers Bangalore,Washington Sundar,15,111.0,95.0,6.0,300.0,298.0,8.0,18.0,-25.5,68.2,42.7
2023,Gujarat Titans,Rashid Khan,17,130.0,60.0,4.0,402.0,552.0,27.0,78.0,38.5,75.8,114.3
2024,Kolkata Knight Riders,MA Starc,13,9.0,11.0,2.0,251.0,444.0,17.0,65.0,-17.0,-12.3,-29.3
2013,Pune Warriors,RV Uthappa,16,434.0,371.0,15.0,0.0,0.0,0.0,0.0,19.9,0.0,19.9
2019,Mumbai Indians,Ishan Kishan,6,101.0,100.0,5.0,0.0,0.0,0.0,0.0,-31.5,0.0,-31.5
2024,Royal Challengers Bengaluru,Saurav Chauhan,3,18.0,15.0,3.0,0.0,0.0,0.0,0.0,-18.8,0.0,-18.8
2012,Chennai Super Kings,MEK Hussey,8,261.0,236.0,8.0,0.0,0.0,0.0,0.0,-6.6,0.0,-6.6
2013,Kolkata Knight Riders,YK Pathan,16,332.0,240.0,11.0,54.0,73.0,1.0,6.0,43.7,-15.9,27.8
2016,Mumbai Indians,KA Pollard,12,207.0,144.0,8.0,36.0,81.0,0.0,12.0,4.7,-40.5,-35.8
2015,Kolkata Knight Riders,M Morkel,7,4.0,3.0,0.0,168.0,206.0,10.0,30.0,0.5,33.8,34.4
2023,Royal Challengers Bangalore,HV Patel,13,6.0,6.0,2.0,282.0,454.0,14.0,126.0,-12.4,-36.2,-48.6
2020,Kolkata Knight Riders,RA Tripathi,11,230.0,181.0,10.0,0.0,0.0,0.0,0.0,-15.7,0.0,-15.7
2022,Mumbai Indians,RG Sharma,14,268.0,223.0,14.0,0.0,0.0,0.0,0.0,-34.6,0.0,-34.6
2025,Delhi Capitals,Abishek Porel,13,301.0,205.0,12.0,0.0,0.0,0.0,0.0,-24.2,0.0,-24.2
2007,Delhi Daredevils,S Dhawan,14,340.0,295.0,9.0,0.0,0.0,0.0,0.0,-6.6,0.0,-6.6
2014,Chennai Super Kings,BW Hilfenhaus,8,0.0,0.0,0.0,168.0,246.0,8.0,54.0,0.0,-16.8,-16.8
2014,Royal Challengers Bangalore,AB Dinda,9,4.0,12.0,1.0,186.0,270.0,5.0,54.0,-15.1,-38.4,-53.5
2020,Kolkata Knight Riders,PJ Cummins,14,146.0,114.0,7.0,312.0,409.0,12.0,60.0,-20.9,1.1,-19.8
2011,Royal Challengers Bangalore,V Kohli,16,557.0,460.0,12.0,102.0,139.0,2.0,12.0,61.0,-24.5,36.5
2011,Kolkata Knight Riders,JH Kallis,15,424.0,378.0,12.0,144.0,170.0,7.0,42.0,8.9,16.0,24.9
2012,Mumbai Indians,HH Gibbs,3,81.0,88.0,2.0,0.0,0.0,0.0,0.0,-13.8,0.0,-13.8
2025,Sunrisers Hyderabad,Zeeshan Ansari,10,0.0,0.0,0.0,203.0,333.0,6.0,23.0,0.0,-45.9,-45.9
2007,Kolkata Knight Riders,DJ Hussey,13,319.0,259.0,11.0,78.0,130.0,2.0,12.0,-7.5,-33.8,-41.3
2007,Kolkata Knight Riders,WP Saha,10,159.0,119.0,5.0,0.0,0.0,0.0,0.0,9.9,0.0,9.9
2026,Mumbai Indians,Raghu Sharma,5,0.0,0.0,0.0,90.0,130.0,1.0,6.0,0.0,-9.5,-9.5
2011,Deccan Chargers,Harmeet Singh,2,0.0,0.0,0.0,42.0,53.0,3.0,6.0,0.0,6.4,6.4
2014,Delhi Daredevils,R Shukla,3,18.0,21.0,1.0,54.0,98.0,2.0,24.0,-11.4,-26.5,-37.9
2015,Kings XI Punjab,BE Hendricks,4,1.0,2.0,0.0,78.0,109.0,5.0,24.0,-1.3,6.8,5.5
2019,Mumbai Indians,HH Pandya,16,402.0,210.0,9.0,255.0,390.0,14.0,63.0,124.2,-27.5,96.7
2007,Kings XI Punjab,RR Powar,5,28.0,21.0,0.0,72.0,91.0,3.0,0.0,6.1,2.7,8.8
2013,Royal Challengers Bangalore,JD Unadkat,13,2.0,2.0,0.0,294.0,370.0,13.0,48.0,-0.0,-10.0,-10.0
2018,Chennai Super Kings,RA Jadeja,16,89.0,74.0,5.0,246.0,303.0,11.0,24.0,-22.1,32.7,10.6
2019,Delhi Capitals,CH Morris,9,32.0,37.0,6.0,198.0,306.0,13.0,90.0,-43.5,-3.8,-47.3
2024,Rajasthan Royals,R Powell,7,103.0,68.0,6.0,0.0,0.0,0.0,0.0,-17.4,0.0,-17.4
2025,Royal Challengers Bengaluru,MA Agarwal,4,95.0,64.0,3.0,0.0,0.0,0.0,0.0,-0.8,0.0,-0.8
2023,Royal Challengers Bangalore,DJ Willey,4,35.0,32.0,0.0,90.0,105.0,3.0,18.0,-0.8,20.3,19.5
2012,Royal Challengers Bangalore,HV Patel,11,15.0,15.0,2.0,246.0,340.0,9.0,36.0,-12.0,-39.7,-51.7
2013,Kolkata Knight Riders,MS Bisla,14,255.0,236.0,13.0,0.0,0.0,0.0,0.0,-31.2,0.0,-31.2
2018,Kings XI Punjab,CH Gayle,11,368.0,252.0,9.0,0.0,0.0,0.0,0.0,40.8,0.0,40.8
2020,Rajasthan Royals,RV Uthappa,12,196.0,164.0,11.0,0.0,0.0,0.0,0.0,-35.9,0.0,-35.9
2021,Royal Challengers Bangalore,RM Patidar,4,71.0,62.0,4.0,0.0,0.0,0.0,0.0,-13.3,0.0,-13.3
2024,Rajasthan Royals,YBK Jaiswal,15,435.0,279.0,14.0,0.0,0.0,0.0,0.0,16.2,0.0,16.2
2020,Rajasthan Royals,R Tewatia,14,255.0,183.0,6.0,276.0,326.0,10.0,6.0,20.0,25.6,45.6
2007,Delhi Daredevils,VY Mahesh,11,15.0,27.0,2.0,253.0,370.0,16.0,55.0,-25.0,-2.3,-27.2
2016,Royal Challengers Bangalore,CH Gayle,10,227.0,150.0,10.0,60.0,63.0,2.0,12.0,16.7,15.0,31.6
2007,Rajasthan Royals,YK Pathan,16,435.0,243.0,12.0,169.0,230.0,8.0,13.0,121.7,-2.3,119.4
2012,Royal Challengers Bangalore,Z Khan,15,12.0,17.0,2.0,360.0,453.0,17.0,138.0,-17.3,17.4,0.2
2023,Delhi Capitals,I Sharma,8,1.0,1.0,0.0,150.0,206.0,10.0,24.0,-0.1,32.8,32.7
2016,Royal Challengers Bangalore,Parvez Rasool,4,10.0,9.0,1.0,84.0,129.0,1.0,0.0,-6.0,-33.5,-39.6
2018,Delhi Daredevils,V Shankar,11,212.0,148.0,4.0,30.0,58.0,1.0,0.0,28.3,-19.9,8.4
2018,Royal Challengers Bangalore,AB de Villiers,11,480.0,275.0,9.0,0.0,0.0,0.0,0.0,136.6,0.0,136.6
2022,Royal Challengers Bangalore,V Kohli,16,341.0,294.0,14.0,0.0,0.0,0.0,0.0,-39.1,0.0,-39.1
2023,Kolkata Knight Riders,SP Narine,14,21.0,25.0,7.0,288.0,383.0,11.0,48.0,-49.0,14.8,-34.2
2012,Kings XI Punjab,PP Chawla,16,106.0,88.0,8.0,342.0,419.0,16.0,54.0,-29.2,20.3,-8.9
2012,Mumbai Indians,DR Smith,7,157.0,98.0,4.0,78.0,95.0,2.0,12.0,40.0,-4.7,35.3
2019,Kings XI Punjab,R Ashwin,14,42.0,28.0,5.0,330.0,400.0,15.0,36.0,-18.0,46.1,28.1
2013,Delhi Daredevils,KM Jadhav,10,152.0,124.0,7.0,0.0,0.0,0.0,0.0,-9.4,0.0,-9.4
2012,Kolkata Knight Riders,G Gambhir,17,590.0,411.0,14.0,0.0,0.0,0.0,0.0,121.5,0.0,121.5
2016,Kolkata Knight Riders,M Morkel,10,1.0,1.0,0.0,213.0,297.0,10.0,42.0,-0.1,-3.7,-3.8
2022,Chennai Super Kings,MM Ali,10,244.0,177.0,10.0,143.0,158.0,8.0,6.0,3.2,43.2,46.5
2007,Kings XI Punjab,JR Hopes,11,221.0,148.0,11.0,168.0,276.0,7.0,60.0,13.0,-49.9,-37.0
2009,Kings XI Punjab,K Goel,11,142.0,153.0,8.0,54.0,68.0,0.0,0.0,-47.4,-17.2,-64.6
2012,Pune Warriors,AB Dinda,7,2.0,5.0,0.0,144.0,169.0,9.0,54.0,-3.1,32.3,29.2
2014,Delhi Daredevils,Mohammed Shami,12,3.0,7.0,2.0,264.0,369.0,7.0,54.0,-16.5,-47.3,-63.8
2015,Delhi Daredevils,Imran Tahir,10,5.0,6.0,1.0,213.0,314.0,15.0,93.0,-7.9,16.8,8.8
2012,Royal Challengers Bangalore,AB McDonald,3,47.0,35.0,2.0,60.0,61.0,5.0,6.0,1.2,28.7,29.9
2026,Kolkata Knight Riders,CV Varun,11,5.0,6.0,2.0,246.0,360.0,11.0,24.0,-14.5,21.1,6.7
2013,Sunrisers Hyderabad,KC Sangakkara,9,120.0,136.0,9.0,0.0,0.0,0.0,0.0,-53.9,0.0,-53.9
2015,Kolkata Knight Riders,AD Russell,13,326.0,169.0,7.0,244.0,324.0,14.0,60.0,106.3,26.1,132.4
2016,Gujarat Lions,SK Raina,15,399.0,312.0,14.0,60.0,82.0,0.0,0.0,-3.6,-18.0,-21.6
2016,Mumbai Indians,JJ Bumrah,14,8.0,11.0,1.0,312.0,406.0,15.0,138.0,-9.8,38.9,29.1
2009,Mumbai Indians,JP Duminy,20,529.0,456.0,12.0,138.0,130.0,5.0,18.0,35.8,33.2,69.0
2026,Rajasthan Royals,N Burger,13,14.0,9.0,1.0,261.0,440.0,14.0,45.0,-3.2,-1.0,-4.2
2012,Delhi Daredevils,Y Nagar,8,153.0,133.0,5.0,6.0,10.0,0.0,0.0,-7.7,-4.1,-11.8
2016,Delhi Daredevils,RR Pant,10,198.0,152.0,7.0,0.0,0.0,0.0,0.0,-0.4,0.0,-0.4
2020,Kings XI Punjab,N Pooran,14,353.0,208.0,10.0,0.0,0.0,0.0,0.0,74.4,0.0,74.4
2011,Chennai Super Kings,SB Jakati,15,0.0,0.0,0.0,265.0,336.0,10.0,31.0,0.0,-10.2,-10.2
2019,Chennai Super Kings,Imran Tahir,17,0.0,0.0,0.0,386.0,431.0,26.0,80.0,0.0,141.2,141.2
2009,Delhi Daredevils,DP Nannes,22,4.0,13.0,1.0,503.0,596.0,22.0,173.0,-14.5,52.4,37.9
2012,Delhi Daredevils,M Morkel,16,3.0,5.0,1.0,378.0,453.0,25.0,144.0,-8.1,84.0,75.9
2016,Kolkata Knight Riders,RV Uthappa,15,394.0,289.0,14.0,0.0,0.0,0.0,0.0,17.9,0.0,17.9
2022,Chennai Super Kings,RD Gaikwad,14,368.0,291.0,14.0,0.0,0.0,0.0,0.0,-6.8,0.0,-6.8
2009,Deccan Chargers,AC Gilchrist,32,784.0,510.0,32.0,0.0,0.0,0.0,0.0,129.4,0.0,129.4
2025,Kolkata Knight Riders,Harshit Rana,13,57.0,53.0,4.0,264.0,448.0,15.0,66.0,-30.5,-14.7,-45.2
2014,Rajasthan Royals,AM Rahane,12,339.0,291.0,10.0,0.0,0.0,0.0,0.0,-7.0,0.0,-7.0
2015,Kolkata Knight Riders,MK Pandey,12,225.0,184.0,10.0,0.0,0.0,0.0,0.0,-17.0,0.0,-17.0
2019,Rajasthan Royals,AJ Turner,4,3.0,10.0,3.0,0.0,0.0,0.0,0.0,-25.9,0.0,-25.9
2009,Mumbai Indians,S Dhawan,14,231.0,215.0,14.0,0.0,0.0,0.0,0.0,-48.5,0.0,-48.5
2025,Punjab Kings,Azmatullah Omarzai,8,57.0,41.0,4.0,162.0,279.0,8.0,42.0,-15.8,-22.0,-37.7
2024,Chennai Super Kings,AM Rahane,12,242.0,196.0,12.0,0.0,0.0,0.0,0.0,-62.6,0.0,-62.6
2012,Kolkata Knight Riders,DB Das,10,126.0,93.0,1.0,0.0,0.0,0.0,0.0,28.5,0.0,28.5
2023,Royal Challengers Bangalore,GJ Maxwell,14,400.0,218.0,12.0,62.0,94.0,3.0,8.0,89.5,-4.2,85.3
2015,Royal Challengers Bangalore,KD Karthik,11,141.0,117.0,9.0,0.0,0.0,0.0,0.0,-31.2,0.0,-31.2
2025,Rajasthan Royals,Dhruv Jurel,13,333.0,213.0,9.0,0.0,0.0,0.0,0.0,24.3,0.0,24.3
2023,Chennai Super Kings,M Theekshana,13,0.0,0.0,0.0,294.0,392.0,11.0,60.0,0.0,17.6,17.6
2026,Chennai Super Kings,Kartik Sharma,11,295.0,216.0,9.0,0.0,0.0,0.0,0.0,-24.6,0.0,-24.6
2014,Sunrisers Hyderabad,A Mishra,10,4.0,7.0,1.0,225.0,340.0,7.0,39.0,-9.8,-56.3,-66.1
2007,Royal Challengers Bangalore,V Kohli,12,165.0,157.0,11.0,46.0,61.0,2.0,6.0,-54.6,0.5,-54.1
2013,Sunrisers Hyderabad,DW Steyn,17,53.0,36.0,2.0,407.0,384.0,19.0,137.0,4.2,129.9,134.0
2012,Deccan Chargers,IR Jaggi,3,15.0,21.0,2.0,0.0,0.0,0.0,0.0,-17.8,0.0,-17.8
2017,Sunrisers Hyderabad,Bipul Sharma,7,31.0,24.0,1.0,98.0,129.0,3.0,6.0,0.4,-6.0,-5.7
2007,Chennai Super Kings,CK Kapugedera,4,16.0,23.0,3.0,17.0,49.0,0.0,6.0,-26.0,-30.3,-56.3
2013,Rajasthan Royals,KK Cooper,14,39.0,22.0,4.0,324.0,449.0,19.0,156.0,-7.5,-3.3,-10.8
2009,Rajasthan Royals,GC Smith,14,256.0,255.0,13.0,0.0,0.0,0.0,0.0,-53.4,0.0,-53.4
2017,Kings XI Punjab,VR Aaron,6,4.0,10.0,1.0,120.0,163.0,7.0,30.0,-12.3,9.3,-3.0
2016,Mumbai Indians,KH Pandya,12,237.0,124.0,5.0,187.0,236.0,6.0,7.0,76.3,1.0,77.3
2026,Mumbai Indians,AM Ghazanfar,11,2.0,3.0,0.0,233.0,389.0,15.0,35.0,-1.7,7.0,5.3
2015,Mumbai Indians,RG Sharma,16,482.0,333.0,14.0,0.0,0.0,0.0,0.0,59.0,0.0,59.0
2018,Mumbai Indians,E Lewis,13,382.0,276.0,13.0,0.0,0.0,0.0,0.0,6.3,0.0,6.3
2021,Delhi Capitals,RR Pant,16,419.0,326.0,12.0,0.0,0.0,0.0,0.0,34.6,0.0,34.6
2026,Sunrisers Hyderabad,S Arora,10,121.0,77.0,6.0,0.0,0.0,0.0,0.0,-10.0,0.0,-10.0
2022,Kolkata Knight Riders,Aman Hakim Khan,1,5.0,3.0,1.0,6.0,13.0,0.0,0.0,-4.5,-6.6,-11.1
2024,Lucknow Super Giants,M Siddharth,3,0.0,0.0,0.0,54.0,71.0,1.0,0.0,0.0,4.0,4.0
2014,Delhi Daredevils,KD Karthik,14,325.0,258.0,14.0,0.0,0.0,0.0,0.0,-17.7,0.0,-17.7
2011,Rajasthan Royals,SK Trivedi,12,0.0,2.0,1.0,214.0,303.0,10.0,64.0,-7.9,-28.3,-36.2
2025,Punjab Kings,P Simran Singh,18,599.0,370.0,17.0,0.0,0.0,0.0,0.0,37.0,0.0,37.0
2012,Deccan Chargers,KC Sangakkara,12,200.0,184.0,11.0,0.0,0.0,0.0,0.0,-39.1,0.0,-39.1
2020,Kolkata Knight Riders,N Rana,14,352.0,254.0,13.0,12.0,23.0,0.0,0.0,15.1,-10.4,4.7
2009,Royal Challengers Bangalore,A Kumble,32,22.0,30.0,1.0,735.0,754.0,38.0,141.0,-13.4,194.0,180.6
2012,Chennai Super Kings,F du Plessis,12,398.0,304.0,10.0,6.0,16.0,0.0,6.0,54.1,-9.4,44.7
2014,Chennai Super Kings,P Negi,2,0.0,0.0,0.0,42.0,75.0,0.0,6.0,0.0,-30.1,-30.1
2011,Mumbai Indians,DS Kulkarni,6,2.0,4.0,1.0,120.0,149.0,5.0,30.0,-7.8,-0.5,-8.3
2018,Kolkata Knight Riders,Kuldeep Yadav,16,12.0,24.0,1.0,308.0,418.0,17.0,18.0,-20.8,18.6,-2.2
2013,Rajasthan Royals,AA Chavan,3,0.0,0.0,0.0,54.0,63.0,1.0,0.0,0.0,-7.9,-7.9
2016,Mumbai Indians,Harbhajan Singh,14,92.0,84.0,3.0,294.0,392.0,9.0,12.0,-16.2,-21.5,-37.7
2024,Lucknow Super Giants,MP Stoinis,14,388.0,263.0,12.0,84.0,126.0,4.0,6.0,5.6,1.1,6.7
2012,Rajasthan Royals,AL Menaria,12,220.0,202.0,11.0,20.0,23.0,1.0,2.0,-39.9,2.9,-37.0
2016,Royal Challengers Bangalore,VR Aaron,8,0.0,0.0,0.0,142.0,227.0,2.0,16.0,0.0,-60.8,-60.8
2024,Lucknow Super Giants,Q de Kock,11,250.0,186.0,11.0,0.0,0.0,0.0,0.0,-37.4,0.0,-37.4
2014,Royal Challengers Bangalore,AB de Villiers,13,395.0,249.0,11.0,0.0,0.0,0.0,0.0,69.3,0.0,69.3
2021,Chennai Super Kings,DJ Bravo,11,47.0,18.0,1.0,202.0,263.0,14.0,118.0,23.6,29.7,53.3
2012,Rajasthan Royals,AA Chavan,8,11.0,8.0,1.0,164.0,236.0,7.0,14.0,-3.1,-31.4,-34.5
2020,Kings XI Punjab,DJ Hooda,5,101.0,71.0,1.0,6.0,9.0,0.0,0.0,16.5,-2.7,13.8
2023,Delhi Capitals,PP Shaw,8,106.0,85.0,8.0,0.0,0.0,0.0,0.0,-37.2,0.0,-37.2
2012,Rajasthan Royals,R Dravid,16,462.0,412.0,15.0,0.0,0.0,0.0,0.0,-11.6,0.0,-11.6
2018,Delhi Daredevils,R Tewatia,8,50.0,43.0,3.0,132.0,173.0,6.0,18.0,-15.2,7.7,-7.4
2021,Mumbai Indians,J Yadav,5,34.0,26.0,2.0,102.0,130.0,2.0,0.0,-2.9,-15.1,-18.0
2023,Royal Challengers Bangalore,SS Prabhudessai,4,35.0,29.0,3.0,0.0,0.0,0.0,0.0,-14.9,0.0,-14.9
2015,Delhi Daredevils,GS Sandhu,2,0.0,0.0,0.0,48.0,82.0,1.0,24.0,0.0,-21.2,-21.2
2020,Delhi Capitals,TU Deshpande,5,21.0,12.0,1.0,102.0,192.0,3.0,24.0,1.1,-62.4,-61.3
2019,Kolkata Knight Riders,SP Narine,12,143.0,86.0,7.0,266.0,347.0,10.0,50.0,9.0,5.3,14.3
2023,Lucknow Super Giants,MA Wood,4,11.0,5.0,1.0,96.0,130.0,11.0,42.0,-0.7,51.4,50.7
2025,Chennai Super Kings,MS Dhoni,13,196.0,145.0,8.0,0.0,0.0,0.0,0.0,-26.9,0.0,-26.9
2013,Chennai Super Kings,M Vijay,15,312.0,286.0,12.0,0.0,0.0,0.0,0.0,-10.3,0.0,-10.3
2017,Delhi Daredevils,SS Iyer,12,338.0,243.0,10.0,0.0,0.0,0.0,0.0,29.3,0.0,29.3
2021,Sunrisers Hyderabad,KM Jadhav,5,55.0,52.0,4.0,0.0,0.0,0.0,0.0,-18.0,0.0,-18.0
2020,Delhi Capitals,DR Sams,3,0.0,2.0,1.0,72.0,114.0,0.0,18.0,-8.3,-35.1,-43.4
2015,Mumbai Indians,JJ Bumrah,4,0.0,0.0,0.0,90.0,184.0,3.0,30.0,0.0,-66.4,-66.4
2015,Kolkata Knight Riders,GB Hogg,6,7.0,6.0,0.0,126.0,144.0,9.0,36.0,0.1,48.4,48.4
2012,Royal Challengers Bangalore,SS Tiwary,11,191.0,170.0,8.0,0.0,0.0,0.0,0.0,-19.6,0.0,-19.6
2025,Mumbai Indians,MJ Santner,13,40.0,33.0,2.0,237.0,313.0,10.0,27.0,-11.8,42.9,31.1
2016,Delhi Daredevils,J Yadav,5,6.0,10.0,0.0,102.0,125.0,2.0,6.0,-5.2,-3.3,-8.5
2017,Gujarat Lions,Basil Thampi,12,28.0,28.0,0.0,268.0,424.0,11.0,106.0,-0.8,-63.1,-63.9
2021,Rajasthan Royals,M Markande,1,0.0,0.0,0.0,18.0,26.0,0.0,0.0,0.0,-8.3,-8.3
2015,Kings XI Punjab,R Dhawan,5,36.0,33.0,2.0,72.0,110.0,1.0,12.0,-13.3,-26.7,-40.0
2016,Rising Pune Supergiants,KP Pietersen,4,73.0,61.0,3.0,0.0,0.0,0.0,0.0,-7.0,0.0,-7.0
2019,Sunrisers Hyderabad,KS Williamson,9,156.0,130.0,7.0,0.0,0.0,0.0,0.0,-21.2,0.0,-21.2
2022,Royal Challengers Bangalore,RM Patidar,7,333.0,218.0,6.0,0.0,0.0,0.0,0.0,76.5,0.0,76.5
2012,Chennai Super Kings,S Anirudha,2,19.0,7.0,0.0,0.0,0.0,0.0,0.0,11.9,0.0,11.9
2012,Royal Challengers Bangalore,M Muralitharan,10,6.0,9.0,2.0,240.0,260.0,15.0,48.0,-15.1,72.1,56.9
2022,Chennai Super Kings,M Pathirana,2,0.0,0.0,0.0,41.0,52.0,2.0,17.0,0.0,7.2,7.2
2019,Kings XI Punjab,GC Viljoen,6,3.0,7.0,2.0,138.0,222.0,7.0,42.0,-16.6,-27.1,-43.7
2017,Kolkata Knight Riders,PP Chawla,6,2.0,6.0,1.0,120.0,179.0,6.0,6.0,-10.1,-14.6,-24.8
2011,Pune Warriors,WD Parnell,8,37.0,39.0,3.0,176.0,213.0,9.0,62.0,-18.4,14.2,-4.2
2025,Punjab Kings,Vijaykumar Vyshak,5,0.0,0.0,0.0,102.0,181.0,4.0,36.0,0.0,-27.6,-27.6
2012,Rajasthan Royals,Pankaj Singh,6,0.0,0.0,0.0,126.0,170.0,7.0,18.0,0.0,-2.5,-2.5
2023,Punjab Kings,JM Sharma,14,309.0,198.0,13.0,0.0,0.0,0.0,0.0,13.8,0.0,13.8
2009,Kings XI Punjab,LA Pomersbach,4,41.0,49.0,3.0,0.0,0.0,0.0,0.0,-21.1,0.0,-21.1
2022,Lucknow Super Giants,AJ Tye,3,0.0,0.0,0.0,66.0,107.0,2.0,24.0,0.0,-20.5,-20.5
2014,Kolkata Knight Riders,YK Pathan,12,268.0,165.0,9.0,6.0,10.0,0.0,0.0,43.6,-3.7,39.9
2021,Mumbai Indians,JDS Neesham,3,0.0,2.0,2.0,54.0,66.0,5.0,0.0,-13.9,17.1,3.1
2022,Kolkata Knight Riders,AM Rahane,7,133.0,128.0,7.0,0.0,0.0,0.0,0.0,-34.9,0.0,-34.9
2025,Lucknow Super Giants,MP Yadav,2,0.0,0.0,0.0,48.0,100.0,2.0,12.0,0.0,-25.2,-25.2
2016,Kolkata Knight Riders,JD Unadkat,1,0.0,0.0,0.0,18.0,49.0,0.0,6.0,0.0,-28.9,-28.9
2011,Kochi Tuskers Kerala,B Akhil,1,13.0,9.0,1.0,12.0,22.0,0.0,6.0,-1.6,-9.7,-11.2
2014,Sunrisers Hyderabad,Parvez Rasool,3,0.0,0.0,0.0,54.0,83.0,1.0,0.0,0.0,-20.9,-20.9
2021,Kolkata Knight Riders,S Sandeep Warrier,1,0.0,0.0,0.0,12.0,15.0,0.0,0.0,0.0,-2.1,-2.1
2015,Royal Challengers Bangalore,S Aravind,5,0.0,1.0,0.0,108.0,132.0,8.0,0.0,-1.2,27.8,26.6
2021,Punjab Kings,Jalaj S Saxena,1,0.0,0.0,0.0,18.0,27.0,0.0,0.0,0.0,-8.8,-8.8
2014,Kings XI Punjab,P Awana,7,0.0,0.0,0.0,141.0,245.0,7.0,27.0,0.0,-53.7,-53.7
2009,Mumbai Indians,AM Rahane,7,144.0,123.0,6.0,6.0,5.0,1.0,0.0,-7.1,6.6,-0.5
2012,Kings XI Punjab,JP Faulkner,2,14.0,13.0,1.0,48.0,72.0,3.0,24.0,-5.2,-4.1,-9.3
2014,Sunrisers Hyderabad,I Sharma,3,0.0,0.0,0.0,66.0,101.0,3.0,6.0,0.0,-13.4,-13.4
2019,Royal Challengers Bangalore,C de Grandhomme,4,46.0,49.0,2.0,30.0,55.0,0.0,0.0,-17.1,-23.5,-40.6
2014,Kings XI Punjab,Mandeep Singh,3,24.0,26.0,3.0,0.0,0.0,0.0,0.0,-18.7,0.0,-18.7
2026,Mumbai Indians,R Minz,2,6.0,4.0,1.0,0.0,0.0,0.0,0.0,-5.0,0.0,-5.0
2011,Royal Challengers Bangalore,JJ van der Wath,3,18.0,16.0,2.0,72.0,129.0,3.0,24.0,-9.3,-39.9,-49.2
2025,Delhi Capitals,Mustafizur Rahman,3,0.0,1.0,1.0,66.0,87.0,4.0,24.0,-7.2,24.5,17.3
2017,Royal Challengers Bangalore,Avesh Khan,1,0.0,0.0,0.0,24.0,23.0,1.0,6.0,0.0,9.4,9.4
2026,Mumbai Indians,M Markande,3,0.0,0.0,0.0,30.0,76.0,0.0,0.0,0.0,-38.0,-38.0
2020,Kolkata Knight Riders,NS Naik,1,1.0,3.0,1.0,0.0,0.0,0.0,0.0,-8.5,0.0,-8.5
2015,Kings XI Punjab,SN Thakur,1,7.0,6.0,0.0,18.0,38.0,1.0,0.0,0.1,-13.3,-13.2
2012,Deccan Chargers,CA Lynn,1,6.0,9.0,1.0,0.0,0.0,0.0,0.0,-8.6,0.0,-8.6
2011,Pune Warriors,JP Faulkner,1,0.0,0.0,0.0,12.0,9.0,1.0,0.0,0.0,8.1,8.1
2013,Chennai Super Kings,S Anirudha,1,0.0,2.0,1.0,0.0,0.0,0.0,0.0,-7.7,0.0,-7.7
2009,Rajasthan Royals,AG Paunikar,1,0.0,1.0,1.0,0.0,0.0,0.0,0.0,-6.9,0.0,-6.9
2019,Chennai Super Kings,DR Shorey,1,5.0,8.0,1.0,0.0,0.0,0.0,0.0,-9.1,0.0,-9.1
2013,Mumbai Indians,P Suyal,1,0.0,0.0,0.0,18.0,21.0,1.0,0.0,0.0,1.3,1.3
2022,Delhi Capitals,Kuldeep Yadav,14,48.0,52.0,1.0,298.0,419.0,21.0,34.0,-15.9,31.5,15.5
2024,Sunrisers Hyderabad,Abhishek Sharma,16,484.0,237.0,15.0,42.0,51.0,2.0,6.0,109.7,13.9,123.6
2026,Lucknow Super Giants,AK Markram,11,231.0,167.0,8.0,36.0,83.0,0.0,12.0,-30.2,-36.4,-66.6
2026,Sunrisers Hyderabad,Shivang Kumar,13,53.0,46.0,6.0,234.0,375.0,9.0,12.0,-39.7,-22.9,-62.6
2009,Mumbai Indians,SR Tendulkar,28,982.0,769.0,24.0,36.0,58.0,0.0,6.0,139.4,-23.1,116.3
2022,Mumbai Indians,Ishan Kishan,14,418.0,348.0,13.0,0.0,0.0,0.0,0.0,-7.0,0.0,-7.0
2013,Chennai Super Kings,RA Jadeja,18,201.0,135.0,8.0,259.0,323.0,13.0,43.0,24.2,5.9,30.2
2014,Kings XI Punjab,L Balaji,9,1.0,3.0,1.0,204.0,299.0,12.0,78.0,-8.4,-3.2,-11.5
2021,Delhi Capitals,Lalit Yadav,7,68.0,73.0,2.0,84.0,101.0,4.0,0.0,-13.3,6.1,-7.2
2023,Punjab Kings,LS Livingstone,9,279.0,171.0,8.0,42.0,94.0,2.0,0.0,43.3,-35.2,8.1
2024,Chennai Super Kings,S Dube,14,396.0,244.0,11.0,6.0,14.0,1.0,0.0,41.6,-0.9,40.6
2009,Kolkata Knight Riders,CH Gayle,16,463.0,327.0,15.0,209.0,296.0,5.0,59.0,75.8,-55.8,20.0
2025,Royal Challengers Bengaluru,JR Hazlewood,12,0.0,1.0,0.0,264.0,386.0,22.0,83.0,-1.2,93.2,92.0
2011,Rajasthan Royals,SK Warne,13,10.0,20.0,2.0,282.0,297.0,13.0,36.0,-21.1,63.2,42.2
2015,Sunrisers Hyderabad,S Dhawan,14,353.0,286.0,13.0,0.0,0.0,0.0,0.0,-8.4,0.0,-8.4
2026,Mumbai Indians,SE Rutherford,7,123.0,75.0,5.0,0.0,0.0,0.0,0.0,1.0,0.0,1.0
2007,Kings XI Punjab,KC Sangakkara,9,320.0,198.0,9.0,0.0,0.0,0.0,0.0,70.8,0.0,70.8
2012,Kolkata Knight Riders,BB McCullum,12,289.0,283.0,12.0,0.0,0.0,0.0,0.0,-46.5,0.0,-46.5
2018,Sunrisers Hyderabad,YK Pathan,13,260.0,200.0,9.0,12.0,14.0,1.0,0.0,-12.1,4.8,-7.3
2022,Rajasthan Royals,TA Boult,16,40.0,29.0,2.0,372.0,492.0,16.0,60.0,-5.5,4.6,-0.9
2025,Sunrisers Hyderabad,Nithish Kumar Reddy,12,182.0,153.0,8.0,30.0,47.0,2.0,6.0,-50.5,2.4,-48.1
2012,Chennai Super Kings,RA Jadeja,16,191.0,151.0,12.0,210.0,273.0,12.0,72.0,-27.5,14.2,-13.3
2026,Delhi Capitals,T Natarajan,10,1.0,2.0,0.0,191.0,356.0,5.0,74.0,-1.5,-76.0,-77.5
2013,Kolkata Knight Riders,L Balaji,13,9.0,10.0,1.0,300.0,387.0,12.0,72.0,-7.2,-24.8,-32.0
2019,Kings XI Punjab,N Pooran,6,168.0,107.0,6.0,0.0,0.0,0.0,0.0,20.4,0.0,20.4
2026,Punjab Kings,C Connolly,13,491.0,301.0,11.0,0.0,0.0,0.0,0.0,47.5,0.0,47.5
2011,Chennai Super Kings,MEK Hussey,14,492.0,414.0,12.0,0.0,0.0,0.0,0.0,42.7,0.0,42.7
2013,Rajasthan Royals,SK Trivedi,17,3.0,7.0,1.0,359.0,410.0,12.0,35.0,-10.2,6.9,-3.3
2023,Royal Challengers Bangalore,MG Bracewell,5,58.0,47.0,2.0,66.0,95.0,6.0,0.0,-5.3,15.5,10.2
2017,Delhi Daredevils,RR Pant,14,366.0,221.0,14.0,0.0,0.0,0.0,0.0,56.4,0.0,56.4
2019,Mumbai Indians,Q de Kock,16,529.0,398.0,14.0,0.0,0.0,0.0,0.0,23.1,0.0,23.1
2021,Delhi Capitals,SO Hetmyer,13,242.0,144.0,6.0,0.0,0.0,0.0,0.0,68.4,0.0,68.4
2009,Deccan Chargers,MD Mishra,11,166.0,144.0,10.0,0.0,0.0,0.0,0.0,-24.3,0.0,-24.3
2018,Kings XI Punjab,Mujeeb Ur Rahman,11,10.0,7.0,1.0,248.0,289.0,14.0,48.0,-4.0,73.9,70.0
2019,Sunrisers Hyderabad,Mohammad Nabi,8,115.0,76.0,5.0,175.0,194.0,8.0,13.0,4.0,44.7,48.7
2022,Mumbai Indians,DR Sams,11,38.0,36.0,7.0,252.0,370.0,13.0,42.0,-42.6,-18.8,-61.5
2025,Sunrisers Hyderabad,Abhishek Sharma,14,439.0,227.0,12.0,66.0,112.0,0.0,0.0,84.2,-28.4,55.8
2009,Kings XI Punjab,RS Bopara,15,386.0,333.0,12.0,86.0,132.0,5.0,18.0,10.1,-18.0,-8.0
2009,Kolkata Knight Riders,AD Mathews,13,249.0,197.0,7.0,239.0,345.0,8.0,41.0,22.2,-63.6,-41.3
2009,Chennai Super Kings,SB Jakati,19,20.0,15.0,1.0,402.0,508.0,26.0,72.0,-1.0,39.2,38.2
2012,Delhi Daredevils,DA Warner,8,256.0,156.0,7.0,0.0,0.0,0.0,0.0,68.6,0.0,68.6
2012,Delhi Daredevils,AB Agarkar,4,0.0,0.0,0.0,86.0,134.0,3.0,14.0,0.0,-29.6,-29.6
2015,Kings XI Punjab,Sandeep Sharma,14,9.0,14.0,1.0,300.0,350.0,13.0,42.0,-11.7,46.5,34.8
2017,Delhi Daredevils,S Nadeem,7,2.0,9.0,3.0,107.0,119.0,6.0,0.0,-25.2,31.8,6.5
2017,Rising Pune Supergiant,AM Rahane,16,382.0,323.0,15.0,0.0,0.0,0.0,0.0,-45.2,0.0,-45.2
2023,Gujarat Titans,J Little,10,0.0,0.0,0.0,204.0,294.0,7.0,54.0,0.0,-11.1,-11.1
2014,Rajasthan Royals,Ankit Sharma,2,34.0,30.0,2.0,48.0,43.0,4.0,0.0,-6.9,30.3,23.4
2022,Kolkata Knight Riders,VR Iyer,12,182.0,169.0,11.0,24.0,46.0,0.0,12.0,-50.9,-18.0,-68.9
2013,Mumbai Indians,AT Rayudu,17,265.0,231.0,12.0,0.0,0.0,0.0,0.0,-24.7,0.0,-24.7
2026,Punjab Kings,YS Chahal,12,0.0,0.0,0.0,246.0,385.0,12.0,30.0,0.0,1.1,1.1
2013,Royal Challengers Bangalore,RP Singh,11,0.0,0.0,0.0,239.0,335.0,13.0,95.0,0.0,-18.7,-18.7
2023,Delhi Capitals,KK Ahmed,9,0.0,0.0,0.0,198.0,301.0,9.0,66.0,0.0,-7.7,-7.7
2021,Royal Challengers Bangalore,HV Patel,15,59.0,46.0,4.0,338.0,459.0,32.0,158.0,-9.2,81.5,72.3
2026,Royal Challengers Bengaluru,RM Patidar,14,501.0,260.0,12.0,0.0,0.0,0.0,0.0,107.4,0.0,107.4
2007,Royal Challengers Bangalore,W Jaffer,6,115.0,104.0,5.0,0.0,0.0,0.0,0.0,-14.8,0.0,-14.8
2011,Royal Challengers Bangalore,SS Tiwary,13,187.0,188.0,8.0,0.0,0.0,0.0,0.0,-39.6,0.0,-39.6
2016,Royal Challengers Bangalore,Iqbal Abdulla,8,37.0,27.0,0.0,150.0,213.0,6.0,24.0,8.4,-12.8,-4.4
2015,Kings XI Punjab,WP Saha,13,249.0,197.0,12.0,0.0,0.0,0.0,0.0,-24.5,0.0,-24.5
2020,Kolkata Knight Riders,S Sandeep Warrier,1,0.0,0.0,0.0,18.0,34.0,0.0,0.0,0.0,-15.1,-15.1
2017,Sunrisers Hyderabad,BCJ Cutting,4,51.0,26.0,2.0,76.0,123.0,1.0,34.0,12.4,-34.3,-21.9
2012,Mumbai Indians,RG Sharma,16,433.0,342.0,14.0,6.0,16.0,0.0,6.0,25.7,-9.4,16.3
2009,Kolkata Knight Riders,SE Bond,8,1.0,2.0,1.0,186.0,224.0,9.0,54.0,-6.8,19.0,12.2
2021,Punjab Kings,AK Markram,6,146.0,119.0,5.0,24.0,23.0,0.0,0.0,3.3,2.2,5.5
2024,Royal Challengers Bengaluru,WG Jacks,8,230.0,131.0,6.0,54.0,100.0,2.0,0.0,40.5,-21.6,18.9
2007,Royal Challengers Bangalore,JH Kallis,11,199.0,183.0,10.0,206.0,311.0,4.0,54.0,-40.0,-64.0,-104.0
2026,Royal Challengers Bengaluru,R Shepherd,14,83.0,66.0,4.0,150.0,298.0,7.0,42.0,-22.0,-62.4,-84.4
2017,Kolkata Knight Riders,RV Uthappa,13,388.0,235.0,12.0,0.0,0.0,0.0,0.0,74.8,0.0,74.8
2021,Mumbai Indians,SS Tiwary,4,115.0,97.0,2.0,0.0,0.0,0.0,0.0,10.7,0.0,10.7
2025,Kolkata Knight Riders,MK Pandey,3,92.0,65.0,2.0,0.0,0.0,0.0,0.0,2.8,0.0,2.8
2024,Delhi Capitals,AR Patel,14,235.0,179.0,8.0,264.0,337.0,11.0,18.0,-26.8,47.2,20.4
2017,Rising Pune Supergiant,SPD Smith,15,472.0,387.0,12.0,0.0,0.0,0.0,0.0,2.8,0.0,2.8
2007,Kolkata Knight Riders,A Chopra,5,42.0,52.0,4.0,0.0,0.0,0.0,0.0,-32.1,0.0,-32.1
2026,Lucknow Super Giants,A Badoni,10,215.0,141.0,10.0,6.0,14.0,0.0,0.0,-22.2,-6.4,-28.6
2021,Royal Challengers Bangalore,Washington Sundar,6,31.0,47.0,4.0,96.0,118.0,3.0,0.0,-39.7,-4.1,-43.7
2022,Rajasthan Royals,KR Sen,7,0.0,3.0,0.0,151.0,237.0,8.0,43.0,-3.5,-20.1,-23.5
2019,Royal Challengers Bangalore,PA Patel,14,373.0,268.0,14.0,0.0,0.0,0.0,0.0,3.4,0.0,3.4
2019,Rajasthan Royals,STR Binny,7,70.0,40.0,3.0,42.0,44.0,1.0,0.0,9.4,7.0,16.4
2009,Royal Challengers Bangalore,RV Uthappa,27,549.0,388.0,23.0,0.0,0.0,0.0,0.0,57.0,0.0,57.0
2009,Mumbai Indians,Harbhajan Singh,28,189.0,116.0,13.0,585.0,633.0,29.0,75.0,-2.8,110.5,107.7
2013,Kolkata Knight Riders,R Bhatia,15,99.0,80.0,6.0,263.0,332.0,11.0,41.0,-14.3,-10.7,-25.0
2026,Lucknow Super Giants,RR Pant,13,312.0,226.0,9.0,0.0,0.0,0.0,0.0,-23.0,0.0,-23.0
2012,Kings XI Punjab,Mandeep Singh,16,432.0,342.0,16.0,0.0,0.0,0.0,0.0,16.0,0.0,16.0
2025,Punjab Kings,GJ Maxwell,7,48.0,49.0,6.0,78.0,110.0,4.0,0.0,-46.0,13.0,-33.0
2021,Rajasthan Royals,R Tewatia,14,155.0,147.0,10.0,222.0,340.0,8.0,6.0,-44.2,-73.4,-117.6
2009,Mumbai Indians,AT Rayudu,14,356.0,246.0,12.0,0.0,0.0,0.0,0.0,58.0,0.0,58.0
2025,Mumbai Indians,Ashwani Kumar,7,0.0,0.0,0.0,123.0,232.0,11.0,39.0,0.0,-7.8,-7.8
2026,Chennai Super Kings,S Dube,12,270.0,170.0,7.0,30.0,64.0,1.0,0.0,19.4,-20.0,-0.7
2009,Delhi Daredevils,TM Dilshan,19,462.0,394.0,16.0,145.0,168.0,3.0,19.0,7.0,-10.0,-3.1
2022,Chennai Super Kings,DJ Bravo,10,23.0,24.0,2.0,206.0,299.0,16.0,98.0,-14.5,36.1,21.7
2016,Mumbai Indians,MJ McClenaghan,14,34.0,23.0,3.0,320.0,436.0,17.0,104.0,-8.1,23.4,15.3
2023,Gujarat Titans,DG Nalkande,1,0.0,1.0,1.0,24.0,44.0,1.0,0.0,-7.1,-10.3,-17.5
2020,Kolkata Knight Riders,CV Varun,13,10.0,15.0,2.0,312.0,356.0,17.0,48.0,-19.4,83.1,63.7
2017,Gujarat Lions,Tejas Baroka,1,0.0,0.0,0.0,21.0,33.0,0.0,3.0,0.0,-10.4,-10.4
2025,Rajasthan Royals,PWH de Silva,11,9.0,15.0,5.0,246.0,371.0,11.0,30.0,-38.8,-0.5,-39.3
2015,Royal Challengers Bangalore,AB de Villiers,14,513.0,293.0,8.0,0.0,0.0,0.0,0.0,165.7,0.0,165.7
2016,Sunrisers Hyderabad,BB Sran,14,4.0,4.0,0.0,297.0,413.0,14.0,45.0,-0.5,-5.2,-5.6
2019,Chennai Super Kings,MJ Santner,4,32.0,23.0,1.0,84.0,94.0,4.0,12.0,1.9,21.5,23.4
2026,Chennai Super Kings,Mukesh Choudhary,8,2.0,2.0,0.0,168.0,249.0,8.0,30.0,-0.4,28.6,28.2
2013,Delhi Daredevils,AB Agarkar,4,12.0,16.0,1.0,60.0,92.0,0.0,18.0,-9.5,-32.5,-42.0
2017,Rising Pune Supergiant,Imran Tahir,12,0.0,2.0,0.0,282.0,369.0,18.0,60.0,-2.1,40.3,38.2
2023,Delhi Capitals,Kuldeep Yadav,14,31.0,48.0,2.0,294.0,361.0,10.0,48.0,-35.7,34.2,-1.5
2016,Sunrisers Hyderabad,NV Ojha,13,136.0,138.0,9.0,0.0,0.0,0.0,0.0,-65.2,0.0,-65.2
2021,Delhi Capitals,S Dhawan,16,587.0,471.0,15.0,0.0,0.0,0.0,0.0,34.4,0.0,34.4
2017,Rising Pune Supergiant,RA Tripathi,14,391.0,267.0,12.0,6.0,12.0,0.0,0.0,39.4,-5.7,33.7
2018,Kolkata Knight Riders,TK Curran,5,23.0,28.0,3.0,61.0,118.0,6.0,24.0,-25.4,-11.8,-37.2
2021,Chennai Super Kings,MM Ali,15,357.0,260.0,14.0,152.0,161.0,6.0,14.0,23.1,25.6,48.7
2011,Kings XI Punjab,AM Nayar,9,61.0,67.0,6.0,61.0,95.0,2.0,0.0,-37.7,-22.1,-59.8
2020,Chennai Super Kings,MS Dhoni,12,200.0,172.0,8.0,0.0,0.0,0.0,0.0,-34.9,0.0,-34.9
2026,Gujarat Titans,Shubman Gill,16,732.0,449.0,16.0,0.0,0.0,0.0,0.0,67.4,0.0,67.4
2009,Rajasthan Royals,J Botha,3,47.0,40.0,2.0,72.0,74.0,3.0,24.0,-1.4,15.9,14.5
2023,Royal Challengers Bangalore,KV Sharma,7,3.0,5.0,2.0,129.0,223.0,10.0,12.0,-14.5,-17.3,-31.8
2013,Kings XI Punjab,SE Marsh,8,300.0,249.0,8.0,0.0,0.0,0.0,0.0,28.2,0.0,28.2
2026,Gujarat Titans,JC Buttler,17,526.0,345.0,14.0,0.0,0.0,0.0,0.0,11.0,0.0,11.0
2020,Rajasthan Royals,AJ Tye,1,6.0,6.0,1.0,24.0,50.0,1.0,12.0,-6.1,-16.5,-22.6
2011,Pune Warriors,SB Wagh,7,2.0,3.0,2.0,96.0,121.0,4.0,12.0,-12.9,-6.5,-19.4
2007,Mumbai Indians,L Ronchi,4,34.0,32.0,2.0,0.0,0.0,0.0,0.0,-8.2,0.0,-8.2
2009,Royal Challengers Bangalore,MK Pandey,17,417.0,344.0,13.0,0.0,0.0,0.0,0.0,26.7,0.0,26.7
2012,Pune Warriors,AP Majumdar,4,87.0,76.0,4.0,0.0,0.0,0.0,0.0,-8.3,0.0,-8.3
2020,Rajasthan Royals,JC Buttler,12,328.0,227.0,10.0,0.0,0.0,0.0,0.0,37.4,0.0,37.4
2022,Rajasthan Royals,HE van der Dussen,3,22.0,24.0,2.0,0.0,0.0,0.0,0.0,-15.7,0.0,-15.7
2020,Royal Challengers Bangalore,MM Ali,3,12.0,16.0,3.0,30.0,42.0,1.0,0.0,-22.5,-4.4,-26.9
2021,Chennai Super Kings,SK Raina,11,160.0,128.0,7.0,0.0,0.0,0.0,0.0,-4.5,0.0,-4.5
2021,Mumbai Indians,DS Kulkarni,1,0.0,0.0,0.0,24.0,48.0,0.0,12.0,0.0,-22.3,-22.3
2022,Sunrisers Hyderabad,T Natarajan,11,0.0,0.0,0.0,258.0,406.0,18.0,114.0,0.0,-1.9,-1.9
2012,Rajasthan Royals,SR Watson,7,255.0,168.0,6.0,138.0,161.0,6.0,42.0,62.1,15.0,77.1
2023,Mumbai Indians,K Kartikeya,8,6.0,7.0,1.0,156.0,227.0,5.0,24.0,-8.0,-19.4,-27.3
2018,Royal Challengers Bangalore,Mandeep Singh,13,252.0,186.0,10.0,0.0,0.0,0.0,0.0,-10.1,0.0,-10.1
2021,Sunrisers Hyderabad,DA Warner,8,195.0,181.0,6.0,0.0,0.0,0.0,0.0,-18.9,0.0,-18.9
2016,Rising Pune Supergiants,AB Dinda,9,0.0,0.0,0.0,183.0,231.0,11.0,57.0,0.0,38.6,38.6
2025,Mumbai Indians,PVSN Raju,2,1.0,1.0,0.0,24.0,53.0,1.0,12.0,-0.2,-15.7,-15.9
2017,Mumbai Indians,PA Patel,16,395.0,293.0,16.0,0.0,0.0,0.0,0.0,-8.3,0.0,-8.3
2009,Chennai Super Kings,JA Morkel,26,295.0,201.0,11.0,526.0,733.0,24.0,112.0,35.2,-60.5,-25.3
2020,Chennai Super Kings,KM Jadhav,5,62.0,66.0,3.0,0.0,0.0,0.0,0.0,-25.8,0.0,-25.8
2024,Royal Challengers Bengaluru,KD Karthik,13,326.0,174.0,8.0,0.0,0.0,0.0,0.0,64.6,0.0,64.6
2017,Delhi Daredevils,MN Samuels,5,29.0,31.0,3.0,18.0,34.0,0.0,0.0,-20.3,-15.1,-35.5
2013,Sunrisers Hyderabad,GH Vihari,17,241.0,278.0,13.0,36.0,38.0,1.0,0.0,-89.5,1.0,-88.5
2024,Royal Challengers Bengaluru,Swapnil Singh,7,37.0,21.0,2.0,90.0,133.0,6.0,0.0,-0.5,13.8,13.4
2021,Kolkata Knight Riders,EJG Morgan,16,133.0,139.0,11.0,0.0,0.0,0.0,0.0,-66.4,0.0,-66.4
2023,Mumbai Indians,Akash Madhwal,8,0.0,0.0,0.0,153.0,219.0,14.0,69.0,0.0,48.5,48.5
2024,Rajasthan Royals,R Ashwin,14,86.0,74.0,6.0,330.0,467.0,9.0,42.0,-34.4,-7.0,-41.4
2015,Kings XI Punjab,AR Patel,14,206.0,174.0,9.0,280.0,392.0,13.0,71.0,-31.4,-7.8,-39.1
2012,Pune Warriors,SPD Smith,14,362.0,267.0,9.0,2.0,5.0,0.0,2.0,48.9,-2.8,46.1
2013,Kings XI Punjab,Sandeep Sharma,4,0.0,1.0,0.0,96.0,119.0,8.0,24.0,-1.0,21.9,20.9
2007,Rajasthan Royals,DS Lehmann,2,18.0,18.0,2.0,0.0,0.0,0.0,0.0,-11.8,0.0,-11.8
2014,Chennai Super Kings,IC Pandey,12,0.0,0.0,0.0,252.0,318.0,6.0,24.0,0.0,-19.2,-19.2
2021,Kolkata Knight Riders,LH Ferguson,8,18.0,11.0,0.0,180.0,224.0,13.0,54.0,7.4,42.5,49.9
2012,Deccan Chargers,TP Sudhindra,3,0.0,0.0,0.0,70.0,136.0,1.0,22.0,0.0,-58.7,-58.7
2007,Delhi Daredevils,Shoaib Malik,6,52.0,47.0,4.0,51.0,85.0,2.0,15.0,-18.6,-17.2,-35.8
2022,Gujarat Titans,Yash Dayal,9,0.0,1.0,1.0,192.0,296.0,11.0,54.0,-7.2,-17.2,-24.4
2023,Lucknow Super Giants,KL Rahul,9,274.0,242.0,8.0,0.0,0.0,0.0,0.0,-42.7,0.0,-42.7
2009,Delhi Daredevils,MF Maharoof,10,52.0,44.0,4.0,204.0,271.0,12.0,36.0,-13.9,6.0,-7.9
2014,Royal Challengers Bangalore,HV Patel,3,13.0,7.0,2.0,66.0,113.0,4.0,24.0,-6.8,-16.9,-23.8
2015,Mumbai Indians,HH Pandya,9,112.0,62.0,5.0,102.0,176.0,1.0,24.0,13.6,-58.7,-45.1
2022,Chennai Super Kings,CJ Jordan,4,11.0,8.0,1.0,77.0,135.0,2.0,35.0,-4.2,-34.6,-38.8
2015,Rajasthan Royals,SR Watson,10,347.0,257.0,8.0,174.0,269.0,6.0,48.0,43.3,-42.4,1.0
2023,Sunrisers Hyderabad,Nithish Kumar Reddy,2,0.0,0.0,0.0,30.0,54.0,0.0,0.0,0.0,-19.6,-19.6
2022,Delhi Capitals,Lalit Yadav,10,161.0,146.0,6.0,108.0,150.0,4.0,12.0,-24.4,-9.8,-34.2
2021,Punjab Kings,Ravi Bishnoi,9,1.0,4.0,1.0,216.0,230.0,12.0,24.0,-8.9,58.4,49.6
2014,Delhi Daredevils,S Nadeem,11,7.0,19.0,2.0,228.0,311.0,8.0,36.0,-24.8,-20.2,-45.0
2021,Mumbai Indians,M Jansen,2,0.0,3.0,2.0,36.0,45.0,2.0,6.0,-14.9,4.5,-10.4
2011,Delhi Daredevils,MS Wade,3,22.0,33.0,3.0,0.0,0.0,0.0,0.0,-26.7,0.0,-26.7
2015,Kolkata Knight Riders,J Botha,4,31.0,15.0,3.0,60.0,81.0,1.0,12.0,-4.3,-10.5,-14.8
2009,Royal Challengers Bangalore,SP Goswami,3,61.0,70.0,3.0,0.0,0.0,0.0,0.0,-20.4,0.0,-20.4
2011,Rajasthan Royals,AM Rahane,7,120.0,98.0,5.0,0.0,0.0,0.0,0.0,-1.7,0.0,-1.7
2018,Rajasthan Royals,P Chopra,1,8.0,6.0,1.0,0.0,0.0,0.0,0.0,-4.2,0.0,-4.2
2013,Royal Challengers Bangalore,KB Arun Karthik,5,41.0,38.0,3.0,0.0,0.0,0.0,0.0,-14.2,0.0,-14.2
2016,Kings XI Punjab,Swapnil Singh,1,0.0,1.0,1.0,18.0,29.0,0.0,0.0,-7.1,-9.7,-16.8
2023,Delhi Capitals,Abishek Porel,4,33.0,31.0,4.0,0.0,0.0,0.0,0.0,-25.1,0.0,-25.1
2014,Chennai Super Kings,S Badree,4,0.0,0.0,0.0,84.0,97.0,2.0,0.0,0.0,1.0,1.0
2016,Gujarat Lions,AD Nath,3,20.0,27.0,3.0,0.0,0.0,0.0,0.0,-26.9,0.0,-26.9
2016,Delhi Daredevils,SW Billings,4,88.0,64.0,4.0,0.0,0.0,0.0,0.0,-2.7,0.0,-2.7
2025,Punjab Kings,P Dubey,1,0.0,0.0,0.0,12.0,20.0,1.0,0.0,0.0,0.7,0.7
2013,Rajasthan Royals,PV Tambe,3,3.0,6.0,0.0,66.0,88.0,1.0,0.0,-3.1,-20.0,-23.1
2023,Punjab Kings,RD Chahar,14,0.0,9.0,2.0,298.0,385.0,8.0,34.0,-21.7,1.0,-20.7
2024,Kolkata Knight Riders,Suyash Sharma,2,0.0,0.0,0.0,24.0,51.0,0.0,0.0,0.0,-22.7,-22.7
2017,Gujarat Lions,Ishan Kishan,10,277.0,206.0,10.0,0.0,0.0,0.0,0.0,2.7,0.0,2.7
2026,Rajasthan Royals,MD Shanaka,6,63.0,46.0,4.0,36.0,60.0,1.0,6.0,-17.3,-7.9,-25.1
2009,Rajasthan Royals,DR Martyn,1,19.0,24.0,1.0,0.0,0.0,0.0,0.0,-8.7,0.0,-8.7
2020,Royal Challengers Bangalore,CH Morris,9,34.0,21.0,4.0,190.0,210.0,11.0,64.0,-14.3,67.4,53.1
2012,Pune Warriors,WD Parnell,6,19.0,27.0,4.0,126.0,128.0,5.0,54.0,-31.1,31.8,0.7
2024,Royal Challengers Bengaluru,Vijaykumar Vyshak,4,1.0,3.0,1.0,87.0,142.0,4.0,9.0,-8.8,-13.3,-22.1
2018,Rajasthan Royals,H Klaasen,4,57.0,47.0,3.0,0.0,0.0,0.0,0.0,-13.3,0.0,-13.3
2023,Mumbai Indians,T Stubbs,2,25.0,31.0,2.0,12.0,14.0,1.0,6.0,-21.2,6.3,-14.9
2021,Rajasthan Royals,CH Morris,11,67.0,49.0,5.0,246.0,376.0,15.0,90.0,-10.3,-29.0,-39.3
2024,Gujarat Titans,KS Williamson,2,27.0,27.0,2.0,0.0,0.0,0.0,0.0,-16.8,0.0,-16.8
2018,Rajasthan Royals,MK Lomror,2,20.0,21.0,1.0,18.0,27.0,0.0,0.0,-9.5,-7.7,-17.2
2023,Kolkata Knight Riders,TG Southee,2,0.0,0.0,0.0,36.0,79.0,2.0,6.0,0.0,-24.1,-24.1
2016,Gujarat Lions,ER Dwivedi,2,24.0,14.0,2.0,0.0,0.0,0.0,0.0,-3.0,0.0,-3.0
2009,Rajasthan Royals,A Uniyal,2,4.0,7.0,1.0,36.0,66.0,2.0,18.0,-9.0,-16.4,-25.4
2021,Rajasthan Royals,JC Buttler,7,254.0,166.0,7.0,0.0,0.0,0.0,0.0,47.8,0.0,47.8
2011,Pune Warriors,B Kumar,4,1.0,1.0,0.0,66.0,67.0,3.0,0.0,0.0,14.3,14.3
2012,Delhi Daredevils,DAJ Bracewell,1,12.0,9.0,0.0,24.0,32.0,3.0,6.0,2.9,10.3,13.1
2021,Punjab Kings,M Ashwin,3,15.0,24.0,2.0,66.0,97.0,1.0,12.0,-20.0,-25.1,-45.1
2011,Kings XI Punjab,R McLaren,6,90.0,96.0,3.0,108.0,178.0,5.0,30.0,-19.6,-40.2,-59.8
2009,Chennai Super Kings,MS Gony,10,15.0,13.0,3.0,150.0,264.0,6.0,12.0,-15.4,-78.6,-94.0
2025,Sunrisers Hyderabad,A Manohar,5,61.0,61.0,5.0,0.0,0.0,0.0,0.0,-41.9,0.0,-41.9
2009,Deccan Chargers,B Sumanth,4,35.0,37.0,1.0,0.0,0.0,0.0,0.0,-6.7,0.0,-6.7
2016,Mumbai Indians,J Suchith,1,0.0,0.0,0.0,12.0,31.0,0.0,0.0,0.0,-18.1,-18.1
2026,Mumbai Indians,DV Malewar,2,2.0,5.0,2.0,0.0,0.0,0.0,0.0,-16.6,0.0,-16.6
2021,Punjab Kings,FA Allen,4,6.0,12.0,1.0,66.0,90.0,1.0,0.0,-11.4,-18.1,-29.5
2023,Punjab Kings,R Dhawan,5,20.0,12.0,1.0,42.0,60.0,1.0,0.0,0.5,-4.4,-3.9
2007,Mumbai Indians,A Nel,1,0.0,0.0,0.0,18.0,31.0,1.0,6.0,0.0,-5.5,-5.5
2020,Royal Challengers Bangalore,JR Philippe,5,78.0,77.0,4.0,0.0,0.0,0.0,0.0,-23.2,0.0,-23.2
2024,Delhi Capitals,RK Bhui,2,3.0,9.0,2.0,0.0,0.0,0.0,0.0,-19.4,0.0,-19.4
2007,Rajasthan Royals,Younis Khan,1,3.0,7.0,1.0,0.0,0.0,0.0,0.0,-9.6,0.0,-9.6
2021,Delhi Capitals,I Sharma,3,0.0,0.0,0.0,72.0,97.0,1.0,12.0,0.0,-14.9,-14.9
2018,Mumbai Indians,A Dananjaya,1,4.0,5.0,0.0,24.0,47.0,0.0,0.0,-1.7,-20.8,-22.5
2009,Royal Challengers Bangalore,KV Sharma,1,1.0,3.0,1.0,0.0,0.0,0.0,0.0,-8.0,0.0,-8.0
2021,Rajasthan Royals,GD Phillips,3,26.0,33.0,2.0,12.0,20.0,1.0,0.0,-17.8,-2.2,-20.0
2018,Delhi Daredevils,Mohammed Shami,4,7.0,6.0,1.0,83.0,144.0,3.0,23.0,-5.2,-32.4,-37.6
2020,Chennai Super Kings,MJ Santner,2,0.0,0.0,0.0,42.0,53.0,2.0,0.0,0.0,3.1,3.1
2011,Kochi Tuskers Kerala,M Klinger,4,73.0,77.0,4.0,0.0,0.0,0.0,0.0,-19.9,0.0,-19.9
2024,Lucknow Super Giants,AA Kulkarni,2,9.0,8.0,2.0,0.0,0.0,0.0,0.0,-12.8,0.0,-12.8
2025,Gujarat Titans,K Rabada,4,9.0,8.0,1.0,84.0,162.0,2.0,24.0,-6.7,-39.8,-46.5
2014,Sunrisers Hyderabad,S Anirudha,1,3.0,5.0,1.0,0.0,0.0,0.0,0.0,-8.6,0.0,-8.6
2026,Kolkata Knight Riders,TL Seifert,3,19.0,18.0,3.0,0.0,0.0,0.0,0.0,-22.9,0.0,-22.9
2022,Punjab Kings,RA Bawa,2,11.0,14.0,2.0,0.0,0.0,0.0,0.0,-15.2,0.0,-15.2
2009,Delhi Daredevils,MK Tiwary,1,9.0,13.0,1.0,6.0,11.0,0.0,0.0,-9.7,-5.4,-15.0
2019,Kolkata Knight Riders,KC Cariappa,1,9.0,3.0,0.0,12.0,34.0,0.0,0.0,5.7,-21.0,-15.2
2014,Rajasthan Royals,DH Yagnik,1,4.0,6.0,0.0,0.0,0.0,0.0,0.0,-2.7,0.0,-2.7
2009,Royal Challengers Bangalore,W Jaffer,2,15.0,17.0,2.0,0.0,0.0,0.0,0.0,-12.5,0.0,-12.5
2009,Rajasthan Royals,T Henderson,2,11.0,16.0,1.0,36.0,40.0,1.0,18.0,-9.4,3.0,-6.5
2015,Delhi Daredevils,AD Mathews,11,144.0,104.0,6.0,180.0,246.0,7.0,30.0,-6.6,-10.7,-17.2
2022,Rajasthan Royals,R Ashwin,17,191.0,135.0,7.0,402.0,503.0,12.0,42.0,6.5,3.5,10.0
2009,Royal Challengers Bangalore,V Kohli,27,553.0,431.0,22.0,68.0,96.0,0.0,2.0,21.8,-31.7,-9.9
2024,Sunrisers Hyderabad,M Markande,7,0.0,0.0,0.0,132.0,259.0,8.0,18.0,0.0,-51.2,-51.2
2022,Kolkata Knight Riders,SP Narine,14,71.0,40.0,7.0,336.0,312.0,9.0,60.0,-12.9,110.8,97.9
2023,Lucknow Super Giants,Ravi Bishnoi,14,20.0,27.0,3.0,303.0,391.0,16.0,45.0,-27.7,50.7,23.0
2018,Mumbai Indians,JJ Bumrah,14,10.0,11.0,1.0,324.0,372.0,17.0,126.0,-8.5,106.3,97.8
2019,Royal Challengers Bangalore,AB de Villiers,13,442.0,287.0,10.0,0.0,0.0,0.0,0.0,82.5,0.0,82.5
2023,Kolkata Knight Riders,RK Singh,14,474.0,317.0,8.0,0.0,0.0,0.0,0.0,75.5,0.0,75.5
2007,Mumbai Indians,RV Uthappa,14,320.0,279.0,9.0,0.0,0.0,0.0,0.0,-11.6,0.0,-11.6
2013,Pune Warriors,AB Dinda,13,9.0,11.0,2.0,294.0,465.0,16.0,138.0,-14.2,-71.6,-85.8
2016,Gujarat Lions,Ishan Kishan,5,42.0,41.0,4.0,0.0,0.0,0.0,0.0,-25.3,0.0,-25.3
2025,Sunrisers Hyderabad,H Klaasen,13,487.0,282.0,10.0,0.0,0.0,0.0,0.0,90.2,0.0,90.2
2026,Kolkata Knight Riders,A Raghuvanshi,12,422.0,288.0,8.0,0.0,0.0,0.0,0.0,12.2,0.0,12.2
2009,Deccan Chargers,HH Gibbs,24,638.0,566.0,20.0,0.0,0.0,0.0,0.0,5.5,0.0,5.5
2011,Kochi Tuskers Kerala,KM Jadhav,4,18.0,23.0,3.0,0.0,0.0,0.0,0.0,-21.8,0.0,-21.8
2014,Sunrisers Hyderabad,KV Sharma,14,42.0,29.0,3.0,304.0,376.0,15.0,22.0,-8.1,33.6,25.4
2015,Delhi Daredevils,JP Duminy,14,414.0,315.0,9.0,102.0,126.0,8.0,18.0,39.3,31.7,71.0
2016,Sunrisers Hyderabad,KS Williamson,6,124.0,122.0,6.0,6.0,7.0,0.0,0.0,-38.5,-0.6,-39.1
2025,Delhi Capitals,V Nigam,14,142.0,79.0,5.0,234.0,356.0,11.0,36.0,16.8,5.9,22.7
2020,Kings XI Punjab,Mohammed Shami,14,2.0,3.0,1.0,322.0,460.0,20.0,94.0,-7.3,15.2,7.9
2025,Rajasthan Royals,SB Dubey,8,106.0,66.0,4.0,0.0,0.0,0.0,0.0,2.2,0.0,2.2
2007,Royal Challengers Bangalore,A Kumble,10,13.0,17.0,1.0,230.0,304.0,7.0,26.0,-10.9,-15.9,-26.8
2025,Rajasthan Royals,YBK Jaiswal,14,559.0,350.0,13.0,0.0,0.0,0.0,0.0,47.7,0.0,47.7
2020,Chennai Super Kings,L Ngidi,4,0.0,0.0,0.0,96.0,167.0,9.0,48.0,0.0,-3.1,-3.1
2026,Sunrisers Hyderabad,Nithish Kumar Reddy,14,302.0,176.0,10.0,186.0,323.0,8.0,12.0,25.7,-29.8,-4.1
2007,Chennai Super Kings,JA Morkel,13,241.0,163.0,7.0,288.0,399.0,17.0,90.0,32.2,15.3,47.5
2009,Rajasthan Royals,SK Warne,27,118.0,135.0,10.0,600.0,746.0,25.0,126.0,-70.4,-9.0,-79.3
2025,Sunrisers Hyderabad,Simarjeet Singh,4,3.0,7.0,2.0,60.0,141.0,2.0,6.0,-17.5,-51.5,-68.9
2009,Chennai Super Kings,ML Hayden,28,918.0,674.0,25.0,0.0,0.0,0.0,0.0,156.7,0.0,156.7
2012,Royal Challengers Bangalore,MA Agarwal,12,225.0,158.0,11.0,0.0,0.0,0.0,0.0,9.8,0.0,9.8
2014,Chennai Super Kings,BB McCullum,14,405.0,333.0,12.0,0.0,0.0,0.0,0.0,6.1,0.0,6.1
2014,Mumbai Indians,JJ Bumrah,11,1.0,3.0,0.0,238.0,301.0,5.0,82.0,-2.4,-11.9,-14.3
2015,Royal Challengers Bangalore,D Wiese,14,122.0,86.0,4.0,254.0,353.0,16.0,56.0,2.5,18.5,21.0
2026,Delhi Capitals,MA Starc,6,0.0,2.0,1.0,132.0,224.0,11.0,36.0,-8.5,21.0,12.5
2012,Deccan Chargers,MS Gony,6,4.0,8.0,1.0,144.0,207.0,3.0,18.0,-9.5,-45.6,-55.1
2017,Kings XI Punjab,KC Cariappa,4,2.0,7.0,2.0,90.0,127.0,4.0,12.0,-17.2,-7.4,-24.6
2026,Punjab Kings,Priyansh Arya,13,364.0,172.0,13.0,0.0,0.0,0.0,0.0,61.9,0.0,61.9
2009,Kolkata Knight Riders,WP Saha,14,139.0,94.0,6.0,0.0,0.0,0.0,0.0,12.3,0.0,12.3
2011,Chennai Super Kings,WP Saha,3,68.0,63.0,1.0,0.0,0.0,0.0,0.0,2.3,0.0,2.3
2023,Chennai Super Kings,MJ Santner,3,2.0,4.0,0.0,72.0,81.0,3.0,6.0,-2.6,19.1,16.6
2024,Gujarat Titans,DG Nalkande,3,12.0,11.0,1.0,29.0,45.0,3.0,17.0,-6.4,11.0,4.6
2009,Delhi Daredevils,R Bhatia,13,32.0,35.0,8.0,226.0,278.0,13.0,58.0,-50.2,23.2,-27.0
2014,Sunrisers Hyderabad,AJ Finch,13,309.0,263.0,11.0,0.0,0.0,0.0,0.0,-19.3,0.0,-19.3
2019,Rajasthan Royals,SV Samson,12,342.0,230.0,9.0,0.0,0.0,0.0,0.0,46.8,0.0,46.8
2026,Gujarat Titans,Washington Sundar,16,377.0,251.0,10.0,55.0,84.0,1.0,7.0,7.8,-7.8,0.0
2026,Gujarat Titans,M Prasidh Krishna,12,6.0,7.0,0.0,234.0,407.0,16.0,60.0,-2.7,-7.8,-10.5
2009,Deccan Chargers,FH Edwards,6,4.0,5.0,1.0,140.0,154.0,5.0,50.0,-7.0,20.4,13.4
2025,Chennai Super Kings,RD Gaikwad,5,122.0,81.0,5.0,0.0,0.0,0.0,0.0,-7.8,0.0,-7.8
2025,Sunrisers Hyderabad,Ishan Kishan,13,354.0,232.0,10.0,1.0,4.0,0.0,1.0,12.2,-2.7,9.5
2026,Lucknow Super Giants,Avesh Khan,7,6.0,6.0,1.0,148.0,273.0,6.0,40.0,-7.5,-42.9,-50.4
2026,Kolkata Knight Riders,AS Roy,13,52.0,39.0,4.0,163.0,261.0,9.0,25.0,-20.0,9.5,-10.5
2013,Sunrisers Hyderabad,S Dhawan,10,311.0,253.0,7.0,0.0,0.0,0.0,0.0,44.2,0.0,44.2
2022,Punjab Kings,MA Agarwal,12,196.0,160.0,12.0,0.0,0.0,0.0,0.0,-33.6,0.0,-33.6
2025,Lucknow Super Giants,M Siddharth,2,0.0,0.0,0.0,42.0,67.0,2.0,0.0,0.0,-2.2,-2.2
2021,Kolkata Knight Riders,Shakib Al Hasan,8,47.0,48.0,5.0,156.0,187.0,4.0,0.0,-28.6,-3.8,-32.4
2009,Royal Challengers Bangalore,KP Pietersen,13,329.0,242.0,9.0,138.0,162.0,7.0,24.0,55.1,14.6,69.6
2014,Chennai Super Kings,F du Plessis,12,303.0,235.0,9.0,0.0,0.0,0.0,0.0,10.4,0.0,10.4
2017,Kolkata Knight Riders,YK Pathan,12,143.0,115.0,8.0,24.0,41.0,1.0,0.0,-22.0,-9.4,-31.4
2018,Kolkata Knight Riders,KD Karthik,16,498.0,337.0,9.0,0.0,0.0,0.0,0.0,82.7,0.0,82.7
2009,Delhi Daredevils,KM Jadhav,5,76.0,56.0,3.0,0.0,0.0,0.0,0.0,5.7,0.0,5.7
2009,Deccan Chargers,TL Suman,26,544.0,447.0,17.0,102.0,132.0,5.0,24.0,32.5,-1.9,30.6
2017,Sunrisers Hyderabad,A Nehra,6,0.0,0.0,0.0,127.0,197.0,8.0,36.0,0.0,-9.3,-9.3
2023,Rajasthan Royals,M Ashwin,2,0.0,0.0,0.0,24.0,53.0,0.0,6.0,0.0,-25.3,-25.3
2012,Mumbai Indians,RP Singh,11,6.0,12.0,2.0,246.0,318.0,10.0,54.0,-18.2,-10.9,-29.0
2023,Chennai Super Kings,DP Conway,15,672.0,481.0,13.0,0.0,0.0,0.0,0.0,61.3,0.0,61.3
2016,Rising Pune Supergiants,NLTC Perera,12,150.0,93.0,7.0,199.0,326.0,9.0,73.0,6.8,-48.2,-41.4
2020,Mumbai Indians,RD Chahar,15,2.0,4.0,0.0,318.0,433.0,15.0,24.0,-2.6,-3.9,-6.6
2021,Mumbai Indians,SA Yadav,14,317.0,221.0,14.0,0.0,0.0,0.0,0.0,19.2,0.0,19.2
2015,Delhi Daredevils,A Mishra,12,8.0,12.0,2.0,241.0,310.0,9.0,55.0,-17.2,6.6,-10.6
2013,Delhi Daredevils,S Nadeem,12,14.0,27.0,5.0,264.0,259.0,9.0,12.0,-43.6,45.8,2.1
2020,Rajasthan Royals,JD Unadkat,7,9.0,13.0,1.0,138.0,228.0,4.0,42.0,-11.9,-51.3,-63.2
2025,Lucknow Super Giants,DA Miller,11,153.0,120.0,5.0,0.0,0.0,0.0,0.0,-20.8,0.0,-20.8
2022,Chennai Super Kings,RA Jadeja,10,116.0,98.0,6.0,198.0,248.0,5.0,12.0,-28.1,-4.6,-32.6
2014,Royal Challengers Bangalore,PA Patel,12,205.0,185.0,9.0,0.0,0.0,0.0,0.0,-28.8,0.0,-28.8
2016,Gujarat Lions,JP Faulkner,7,77.0,59.0,3.0,102.0,167.0,2.0,30.0,-5.6,-41.0,-46.6
2017,Mumbai Indians,MJ McClenaghan,14,16.0,15.0,3.0,324.0,507.0,19.0,120.0,-17.4,-35.6,-53.0
2015,Chennai Super Kings,MS Dhoni,17,372.0,305.0,12.0,0.0,0.0,0.0,0.0,-26.2,0.0,-26.2
2022,Delhi Capitals,DA Warner,12,432.0,287.0,9.0,0.0,0.0,0.0,0.0,89.7,0.0,89.7
2023,Gujarat Titans,MD Shanaka,3,26.0,26.0,2.0,0.0,0.0,0.0,0.0,-14.5,0.0,-14.5
2016,Sunrisers Hyderabad,MC Henriques,17,182.0,158.0,12.0,312.0,415.0,12.0,18.0,-54.1,-5.9,-60.1
2018,Chennai Super Kings,SR Watson,15,555.0,359.0,13.0,168.0,251.0,6.0,18.0,88.1,-26.8,61.3
2012,Deccan Chargers,CL White,13,479.0,320.0,11.0,18.0,27.0,0.0,0.0,106.7,-9.2,97.4
2011,Deccan Chargers,KC Sangakkara,13,358.0,293.0,13.0,0.0,0.0,0.0,0.0,10.5,0.0,10.5
2026,Chennai Super Kings,A Kamboj,14,58.0,38.0,1.0,302.0,530.0,21.0,128.0,5.0,6.3,11.3
2017,Delhi Daredevils,K Rabada,6,55.0,64.0,3.0,128.0,188.0,6.0,44.0,-27.9,-10.0,-37.8
2017,Sunrisers Hyderabad,DJ Hooda,7,78.0,52.0,3.0,24.0,42.0,2.0,0.0,6.9,-4.4,2.5
2007,Chennai Super Kings,Joginder Sharma,8,16.0,11.0,2.0,148.0,239.0,8.0,34.0,-7.5,-30.1,-37.6
2015,Delhi Daredevils,CM Gautam,1,4.0,5.0,1.0,0.0,0.0,0.0,0.0,-6.9,0.0,-6.9
2012,Mumbai Indians,AT Rayudu,15,333.0,252.0,9.0,0.0,0.0,0.0,0.0,38.8,0.0,38.8
2015,Rajasthan Royals,R Tewatia,1,0.0,0.0,0.0,18.0,31.0,1.0,0.0,0.0,-6.2,-6.2
2024,Gujarat Titans,Rashid Khan,12,102.0,71.0,5.0,262.0,367.0,10.0,60.0,-14.6,21.5,6.9
2022,Punjab Kings,PBB Rajapaksa,9,206.0,129.0,9.0,0.0,0.0,0.0,0.0,21.7,0.0,21.7
2013,Kolkata Knight Riders,EJG Morgan,13,307.0,240.0,10.0,0.0,0.0,0.0,0.0,22.7,0.0,22.7
2023,Mumbai Indians,RP Meredith,5,0.0,2.0,0.0,118.0,207.0,7.0,52.0,-2.3,-23.6,-25.8
2023,Gujarat Titans,Shubman Gill,17,890.0,564.0,15.0,0.0,0.0,0.0,0.0,177.0,0.0,177.0
2024,Gujarat Titans,R Tewatia,9,188.0,129.0,7.0,0.0,0.0,0.0,0.0,-12.8,0.0,-12.8
2009,Kings XI Punjab,S Sohal,8,115.0,93.0,7.0,0.0,0.0,0.0,0.0,-11.9,0.0,-11.9
2022,Punjab Kings,RD Chahar,13,77.0,68.0,6.0,280.0,360.0,14.0,46.0,-36.5,31.7,-4.8
2009,Kings XI Punjab,M Kaif,3,28.0,30.0,3.0,0.0,0.0,0.0,0.0,-17.1,0.0,-17.1
2021,Royal Challengers Bangalore,DR Sams,2,6.0,6.0,1.0,36.0,39.0,1.0,6.0,-5.8,5.0,-0.7
2011,Chennai Super Kings,SB Styris,2,5.0,2.0,0.0,6.0,13.0,0.0,0.0,3.1,-7.0,-3.9
2017,Royal Challengers Bangalore,Mandeep Singh,10,188.0,177.0,10.0,0.0,0.0,0.0,0.0,-55.0,0.0,-55.0
2019,Royal Challengers Bangalore,AD Nath,5,61.0,57.0,5.0,0.0,0.0,0.0,0.0,-28.2,0.0,-28.2
2007,Mumbai Indians,YV Takawale,4,70.0,65.0,2.0,0.0,0.0,0.0,0.0,-5.2,0.0,-5.2
2013,Rajasthan Royals,Harmeet Singh (2),1,0.0,0.0,0.0,24.0,34.0,1.0,0.0,0.0,-5.8,-5.8
2025,Mumbai Indians,C Bosch,3,47.0,32.0,2.0,42.0,55.0,1.0,12.0,-3.6,4.4,0.7
2014,Royal Challengers Bangalore,RR Rossouw,3,39.0,41.0,3.0,0.0,0.0,0.0,0.0,-20.7,0.0,-20.7
2015,Kolkata Knight Riders,YK Pathan,13,312.0,231.0,7.0,60.0,97.0,2.0,6.0,27.9,-21.1,6.7
2022,Sunrisers Hyderabad,Washington Sundar,9,101.0,69.0,7.0,168.0,239.0,6.0,18.0,-18.9,-21.8,-40.8
2013,Rajasthan Royals,Sachin Baby,1,3.0,7.0,1.0,0.0,0.0,0.0,0.0,-9.9,0.0,-9.9
2018,Chennai Super Kings,SW Billings,8,108.0,78.0,8.0,0.0,0.0,0.0,0.0,-24.7,0.0,-24.7
2011,Pune Warriors,MR Marsh,5,50.0,49.0,2.0,85.0,99.0,7.0,24.0,-8.9,28.3,19.5
2025,Royal Challengers Bengaluru,Yash Dayal,15,4.0,8.0,2.0,294.0,470.0,13.0,65.0,-17.7,-8.6,-26.3
2017,Sunrisers Hyderabad,S Dhawan,14,479.0,376.0,13.0,0.0,0.0,0.0,0.0,10.2,0.0,10.2
2025,Kolkata Knight Riders,MM Ali,5,5.0,14.0,2.0,96.0,136.0,6.0,0.0,-24.7,22.4,-2.3
2012,Delhi Daredevils,AD Russell,4,47.0,26.0,2.0,96.0,161.0,1.0,18.0,9.5,-58.5,-49.1
2015,Royal Challengers Bangalore,NJ Maddinson,1,4.0,7.0,1.0,0.0,0.0,0.0,0.0,-8.8,0.0,-8.8
2007,Mumbai Indians,PR Shah,4,34.0,35.0,4.0,0.0,0.0,0.0,0.0,-25.5,0.0,-25.5
2014,Kolkata Knight Riders,AD Russell,2,2.0,8.0,2.0,30.0,52.0,1.0,12.0,-18.0,-12.7,-30.7
2013,Pune Warriors,RV Gomez,2,4.0,1.0,0.0,6.0,5.0,0.0,6.0,3.0,1.7,4.7
2019,Delhi Capitals,HV Patel,2,0.0,2.0,1.0,48.0,77.0,2.0,12.0,-8.2,-12.6,-20.8
2021,Sunrisers Hyderabad,JO Holder,8,85.0,72.0,6.0,191.0,247.0,16.0,59.0,-20.1,47.7,27.6
2009,Rajasthan Royals,AC Voges,8,181.0,143.0,4.0,54.0,76.0,0.0,6.0,23.7,-23.5,0.2
2023,Sunrisers Hyderabad,M Markande,10,21.0,13.0,0.0,228.0,300.0,12.0,36.0,6.2,31.8,37.9
2011,Delhi Daredevils,VR Aaron,3,0.0,5.0,0.0,72.0,82.0,2.0,18.0,-4.8,1.6,-3.2
2019,Kolkata Knight Riders,KD Karthik,13,253.0,173.0,8.0,0.0,0.0,0.0,0.0,24.2,0.0,24.2
2007,Chennai Super Kings,L Balaji,9,0.0,4.0,1.0,198.0,286.0,11.0,90.0,-10.2,-0.1,-10.3
2023,Mumbai Indians,SA Yadav,16,605.0,334.0,14.0,0.0,0.0,0.0,0.0,157.6,0.0,157.6
2018,Sunrisers Hyderabad,Sandeep Sharma,12,0.0,4.0,2.0,264.0,333.0,12.0,12.0,-16.6,36.0,19.5
2026,Lucknow Super Giants,Mohammed Shami,13,31.0,22.0,5.0,306.0,459.0,12.0,54.0,-26.3,28.9,2.6
2013,Royal Challengers Bangalore,J Syed Mohammad,4,10.0,13.0,2.0,60.0,91.0,3.0,0.0,-14.0,-16.4,-30.3
2024,Sunrisers Hyderabad,MA Agarwal,4,64.0,57.0,4.0,0.0,0.0,0.0,0.0,-29.5,0.0,-29.5
2012,Chennai Super Kings,S Badrinath,9,196.0,181.0,7.0,0.0,0.0,0.0,0.0,-15.3,0.0,-15.3
2015,Sunrisers Hyderabad,I Sharma,4,0.0,0.0,0.0,84.0,159.0,1.0,24.0,0.0,-61.1,-61.1
2026,Lucknow Super Giants,N Pooran,14,234.0,183.0,13.0,0.0,0.0,0.0,0.0,-70.3,0.0,-70.3
2018,Kolkata Knight Riders,MG Johnson,6,16.0,11.0,0.0,126.0,216.0,2.0,42.0,3.5,-58.8,-55.3
2026,Chennai Super Kings,D Brevis,8,151.0,118.0,8.0,0.0,0.0,0.0,0.0,-41.2,0.0,-41.2
2021,Mumbai Indians,HH Pandya,11,127.0,112.0,9.0,0.0,0.0,0.0,0.0,-34.0,0.0,-34.0
2009,Rajasthan Royals,AJ Finch,1,21.0,21.0,1.0,7.0,5.0,0.0,1.0,-3.6,1.8,-1.8
2025,Punjab Kings,Harpreet Brar,7,11.0,13.0,1.0,132.0,190.0,10.0,12.0,-10.4,36.4,26.0
2022,Lucknow Super Giants,M Vohra,1,19.0,11.0,1.0,0.0,0.0,0.0,0.0,2.3,0.0,2.3
2014,Kolkata Knight Riders,PJ Cummins,1,0.0,0.0,0.0,24.0,29.0,1.0,6.0,0.0,2.7,2.7
2013,Delhi Daredevils,J Botha,6,43.0,52.0,6.0,100.0,109.0,5.0,4.0,-40.0,15.4,-24.7
2009,Kolkata Knight Riders,OA Shah,5,115.0,95.0,2.0,0.0,0.0,0.0,0.0,13.2,0.0,13.2
2009,Chennai Super Kings,S Tyagi,14,3.0,4.0,0.0,209.0,295.0,6.0,11.0,-1.0,-51.7,-52.7
2012,Kolkata Knight Riders,Shakib Al Hasan,8,91.0,74.0,6.0,180.0,195.0,12.0,48.0,-16.7,59.3,42.6
2024,Gujarat Titans,M Shahrukh Khan,7,127.0,75.0,5.0,12.0,15.0,0.0,6.0,9.7,0.5,10.2
2007,Rajasthan Royals,RA Jadeja,10,135.0,103.0,7.0,13.0,21.0,0.0,13.0,-12.0,-5.8,-17.8
2026,Punjab Kings,Harpreet Brar,2,5.0,3.0,0.0,48.0,60.0,2.0,0.0,1.3,15.1,16.4
2007,Mumbai Indians,SM Pollock,13,147.0,111.0,8.0,276.0,301.0,11.0,6.0,-13.7,49.9,36.2
2007,Kings XI Punjab,RR Sarwan,4,73.0,75.0,3.0,0.0,0.0,0.0,0.0,-17.6,0.0,-17.6
2024,Chennai Super Kings,RJ Gleeson,2,2.0,2.0,0.0,47.0,71.0,1.0,17.0,-0.6,-3.8,-4.3
2015,Rajasthan Royals,R Bhatia,2,0.0,1.0,1.0,30.0,46.0,0.0,0.0,-7.2,-14.7,-21.8
2011,Kochi Tuskers Kerala,RR Powar,5,11.0,13.0,1.0,72.0,112.0,2.0,18.0,-7.5,-27.5,-35.0
2023,Sunrisers Hyderabad,Anmolpreet Singh,4,105.0,82.0,4.0,0.0,0.0,0.0,0.0,-11.2,0.0,-11.2
2021,Punjab Kings,NT Ellis,3,18.0,16.0,1.0,66.0,90.0,1.0,24.0,-3.5,-15.5,-18.9
2014,Mumbai Indians,K Santokie,2,0.0,0.0,0.0,48.0,90.0,3.0,24.0,0.0,-18.6,-18.6
2023,Gujarat Titans,AS Joseph,7,7.0,12.0,0.0,144.0,225.0,7.0,42.0,-6.5,-15.0,-21.5
2016,Royal Challengers Bangalore,KW Richardson,4,1.0,1.0,0.0,84.0,136.0,7.0,24.0,-0.1,-0.8,-0.9
2023,Kolkata Knight Riders,D Wiese,3,21.0,11.0,1.0,18.0,38.0,0.0,0.0,2.5,-17.0,-14.5
2022,Delhi Capitals,PP Shaw,10,283.0,185.0,10.0,0.0,0.0,0.0,0.0,41.4,0.0,41.4
2024,Punjab Kings,HV Patel,14,13.0,19.0,3.0,294.0,477.0,24.0,126.0,-27.3,46.6,19.3
2014,Royal Challengers Bangalore,MA Starc,14,85.0,84.0,5.0,322.0,402.0,14.0,124.0,-35.0,33.0,-2.0
2020,Mumbai Indians,NM Coulter-Nile,7,25.0,15.0,1.0,156.0,206.0,5.0,54.0,1.6,-2.0,-0.3
2024,Delhi Capitals,Sumit Kumar,3,18.0,24.0,2.0,20.0,38.0,0.0,2.0,-22.8,-14.0,-36.7
2007,Kolkata Knight Riders,AB Agarkar,9,54.0,46.0,4.0,156.0,207.0,8.0,12.0,-15.9,5.1,-10.8
2018,Sunrisers Hyderabad,CR Brathwaite,4,75.0,48.0,3.0,61.0,94.0,5.0,25.0,3.5,5.4,8.8
2011,Deccan Chargers,MS Gony,3,0.0,2.0,1.0,54.0,85.0,4.0,6.0,-7.9,-7.6,-15.5
2014,Delhi Daredevils,MA Agarwal,8,115.0,91.0,8.0,0.0,0.0,0.0,0.0,-20.8,0.0,-20.8
2023,Rajasthan Royals,NA Saini,1,0.0,0.0,0.0,12.0,34.0,0.0,6.0,0.0,-19.7,-19.7
2019,Rajasthan Royals,S Midhun,1,0.0,0.0,0.0,12.0,27.0,0.0,0.0,0.0,-14.4,-14.4
2019,Rajasthan Royals,MK Lomror,1,8.0,3.0,1.0,0.0,0.0,0.0,0.0,-1.3,0.0,-1.3
2017,Rising Pune Supergiant,R Bhatia,3,16.0,17.0,1.0,42.0,55.0,2.0,0.0,-7.1,1.1,-6.1
2023,Lucknow Super Giants,Yudhvir Singh,3,1.0,2.0,2.0,48.0,70.0,3.0,0.0,-13.3,4.8,-8.5
2007,Mumbai Indians,CRD Fernando,5,2.0,1.0,0.0,120.0,160.0,10.0,54.0,0.9,32.1,33.1
2021,Delhi Capitals,A Mishra,4,0.0,0.0,0.0,84.0,109.0,6.0,12.0,0.0,11.1,11.1
2017,Royal Challengers Bangalore,HV Patel,1,0.0,0.0,0.0,24.0,43.0,3.0,6.0,0.0,1.0,1.0
2009,Delhi Daredevils,S Ladda,5,0.0,9.0,1.0,90.0,143.0,4.0,30.0,-14.3,-28.6,-42.9
2009,Kings XI Punjab,SE Marsh,4,147.0,114.0,3.0,0.0,0.0,0.0,0.0,25.6,0.0,25.6
2020,Chennai Super Kings,M Vijay,3,32.0,43.0,3.0,0.0,0.0,0.0,0.0,-28.8,0.0,-28.8
2024,Punjab Kings,Harpreet Singh,2,27.0,34.0,2.0,0.0,0.0,0.0,0.0,-26.7,0.0,-26.7
2021,Kolkata Knight Riders,TG Southee,3,3.0,5.0,1.0,72.0,95.0,3.0,30.0,-7.8,-0.4,-8.3
2024,Gujarat Titans,MS Wade,1,4.0,6.0,1.0,0.0,0.0,0.0,0.0,-8.8,0.0,-8.8
2019,Delhi Capitals,J Suchith,1,6.0,15.0,1.0,24.0,28.0,2.0,0.0,-15.3,10.1,-5.2
2021,Royal Challengers Bangalore,Navdeep Saini,1,0.0,0.0,0.0,12.0,25.0,0.0,0.0,0.0,-12.1,-12.1
2012,Chennai Super Kings,VY Mahesh,4,0.0,0.0,0.0,56.0,81.0,3.0,2.0,0.0,-7.5,-7.5
2016,Gujarat Lions,PJ Sangwan,2,0.0,0.0,0.0,24.0,49.0,0.0,0.0,0.0,-23.5,-23.5
2026,Sunrisers Hyderabad,R Smaran,4,19.0,25.0,3.0,0.0,0.0,0.0,0.0,-31.5,0.0,-31.5
2013,Delhi Daredevils,B Chipli,1,16.0,18.0,1.0,0.0,0.0,0.0,0.0,-5.6,0.0,-5.6
2024,Royal Challengers Bengaluru,AS Joseph,3,0.0,0.0,0.0,58.0,115.0,1.0,22.0,0.0,-33.7,-33.7
2021,Punjab Kings,P Simran Singh,2,19.0,23.0,2.0,0.0,0.0,0.0,0.0,-16.6,0.0,-16.6
2022,Sunrisers Hyderabad,PK Garg,2,46.0,33.0,2.0,0.0,0.0,0.0,0.0,1.4,0.0,1.4
2026,Rajasthan Royals,AF Milne,1,2.0,2.0,0.0,20.0,41.0,0.0,8.0,-0.5,-13.4,-13.9
2016,Gujarat Lions,S Ladda,1,0.0,0.0,0.0,12.0,21.0,0.0,0.0,0.0,-8.2,-8.2
2011,Royal Challengers Bangalore,AA Kazi,1,0.0,0.0,0.0,12.0,21.0,0.0,0.0,0.0,-9.0,-9.0
2009,Mumbai Indians,Mohammad Ashraful,1,2.0,10.0,1.0,0.0,0.0,0.0,0.0,-13.1,0.0,-13.1
2016,Rising Pune Supergiants,PSP Handscomb,1,6.0,12.0,1.0,0.0,0.0,0.0,0.0,-12.3,0.0,-12.3
2026,Sunrisers Hyderabad,D Madushanka,1,0.0,0.0,0.0,24.0,36.0,1.0,0.0,0.0,2.0,2.0
2009,Royal Challengers Bangalore,A Mithun,2,5.0,4.0,1.0,42.0,81.0,1.0,12.0,-5.0,-32.8,-37.8
2011,Rajasthan Royals,SA Asnodkar,1,9.0,9.0,1.0,0.0,0.0,0.0,0.0,-4.8,0.0,-4.8
2014,Sunrisers Hyderabad,JO Holder,1,16.0,12.0,1.0,18.0,35.0,1.0,0.0,-3.4,-10.4,-13.8
2009,Royal Challengers Bangalore,D du Preez,2,10.0,13.0,1.0,42.0,56.0,4.0,6.0,-8.5,9.5,0.9
2011,Pune Warriors,Kamran Khan,1,0.0,0.0,0.0,18.0,47.0,0.0,0.0,0.0,-29.9,-29.9
2011,Kochi Tuskers Kerala,P Prasanth,1,0.0,0.0,0.0,6.0,18.0,0.0,0.0,0.0,-12.0,-12.0
2025,Sunrisers Hyderabad,RD Chahar,1,0.0,0.0,0.0,6.0,9.0,0.0,0.0,0.0,-1.6,-1.6
2014,Chennai Super Kings,RA Jadeja,16,146.0,110.0,5.0,326.0,443.0,19.0,68.0,-2.0,22.8,20.8
2016,Kolkata Knight Riders,SP Narine,11,7.0,13.0,0.0,256.0,304.0,11.0,46.0,-7.5,42.8,35.3
2025,Kolkata Knight Riders,AD Russell,11,167.0,102.0,8.0,109.0,217.0,8.0,62.0,-2.9,-28.3,-31.1
2019,Rajasthan Royals,JD Unadkat,11,1.0,3.0,1.0,224.0,398.0,10.0,86.0,-8.3,-88.3,-96.5
2016,Gujarat Lions,KD Karthik,15,335.0,266.0,13.0,0.0,0.0,0.0,0.0,-18.4,0.0,-18.4
2018,Chennai Super Kings,F du Plessis,6,162.0,129.0,5.0,0.0,0.0,0.0,0.0,-8.0,0.0,-8.0
2024,Mumbai Indians,RG Sharma,14,417.0,278.0,13.0,0.0,0.0,0.0,0.0,5.6,0.0,5.6
2007,Kolkata Knight Riders,DB Das,6,103.0,94.0,6.0,0.0,0.0,0.0,0.0,-26.1,0.0,-26.1
2023,Mumbai Indians,Tilak Varma,11,343.0,209.0,8.0,6.0,7.0,0.0,0.0,65.9,-0.3,65.6
2012,Mumbai Indians,SL Malinga,14,55.0,53.0,5.0,333.0,350.0,22.0,147.0,-28.7,125.7,97.0
2024,Delhi Capitals,PP Shaw,8,198.0,121.0,8.0,0.0,0.0,0.0,0.0,4.7,0.0,4.7
2007,Kolkata Knight Riders,LR Shukla,13,163.0,122.0,8.0,72.0,124.0,6.0,30.0,-10.5,-8.3,-18.9
2018,Chennai Super Kings,SN Thakur,13,15.0,5.0,0.0,280.0,431.0,16.0,118.0,9.3,-8.1,1.3
2011,Mumbai Indians,TL Suman,7,65.0,51.0,6.0,36.0,50.0,0.0,0.0,-18.8,-14.1,-32.8
2023,Royal Challengers Bangalore,V Kohli,14,639.0,457.0,12.0,0.0,0.0,0.0,0.0,60.7,0.0,60.7
2025,Royal Challengers Bengaluru,RM Patidar,14,312.0,217.0,12.0,0.0,0.0,0.0,0.0,-20.2,0.0,-20.2
2014,Rajasthan Royals,R Bhatia,12,67.0,53.0,5.0,228.0,283.0,12.0,12.0,-19.6,29.6,10.0
2011,Kochi Tuskers Kerala,NLTC Perera,4,23.0,27.0,2.0,84.0,111.0,2.0,18.0,-13.8,-15.0,-28.8
2025,Kolkata Knight Riders,AS Roy,1,0.0,1.0,1.0,24.0,27.0,1.0,0.0,-7.2,9.8,2.6
2020,Kings XI Punjab,MA Agarwal,11,424.0,271.0,10.0,0.0,0.0,0.0,0.0,88.5,0.0,88.5
2015,Mumbai Indians,KA Pollard,15,419.0,256.0,10.0,76.0,120.0,3.0,28.0,84.8,-17.1,67.7
2007,Kings XI Punjab,Yuvraj Singh,15,299.0,184.0,12.0,54.0,83.0,3.0,6.0,41.4,-7.0,34.5
2009,Deccan Chargers,RP Singh,28,17.0,36.0,6.0,610.0,787.0,36.0,208.0,-54.3,55.8,1.5
2017,Mumbai Indians,LMP Simmons,7,137.0,112.0,6.0,0.0,0.0,0.0,0.0,-16.4,0.0,-16.4
2022,Delhi Capitals,KS Bharat,2,8.0,7.0,2.0,0.0,0.0,0.0,0.0,-10.8,0.0,-10.8
2026,Punjab Kings,Vishnu Vinod,1,15.0,8.0,0.0,0.0,0.0,0.0,0.0,5.0,0.0,5.0
2012,Royal Challengers Bangalore,AUK Pathan,2,6.0,7.0,1.0,6.0,14.0,0.0,6.0,-6.8,-7.4,-14.2
2017,Mumbai Indians,SL Malinga,12,7.0,3.0,0.0,269.0,382.0,11.0,71.0,3.9,-21.4,-17.5
2020,Kolkata Knight Riders,KL Nagarkoti,10,22.0,31.0,3.0,156.0,231.0,5.0,30.0,-30.0,-31.3,-61.3
2017,Sunrisers Hyderabad,B Kumar,14,4.0,4.0,1.0,314.0,369.0,26.0,146.0,-6.1,135.6,129.5
2023,Kolkata Knight Riders,N Rana,14,413.0,293.0,13.0,53.0,75.0,3.0,17.0,14.8,5.2,19.9
2015,Sunrisers Hyderabad,EJG Morgan,9,187.0,151.0,8.0,0.0,0.0,0.0,0.0,-16.4,0.0,-16.4
2023,Delhi Capitals,PK Garg,2,22.0,23.0,2.0,0.0,0.0,0.0,0.0,-15.7,0.0,-15.7
2011,Royal Challengers Bangalore,AB de Villiers,13,312.0,243.0,8.0,0.0,0.0,0.0,0.0,35.5,0.0,35.5
2026,Royal Challengers Bengaluru,JA Duffy,6,0.0,0.0,0.0,144.0,263.0,9.0,12.0,0.0,-15.4,-15.4
2025,Punjab Kings,N Wadhera,15,369.0,253.0,11.0,5.0,9.0,0.0,5.0,1.9,-2.3,-0.4
2019,Kings XI Punjab,MA Agarwal,13,332.0,234.0,11.0,0.0,0.0,0.0,0.0,22.8,0.0,22.8
2019,Royal Challengers Bangalore,V Kohli,14,464.0,328.0,14.0,0.0,0.0,0.0,0.0,33.2,0.0,33.2
2025,Lucknow Super Giants,MR Marsh,13,627.0,383.0,13.0,0.0,0.0,0.0,0.0,78.5,0.0,78.5
2007,Kings XI Punjab,SE Marsh,11,616.0,441.0,9.0,0.0,0.0,0.0,0.0,129.8,0.0,129.8
2016,Rising Pune Supergiants,R Ashwin,14,41.0,38.0,2.0,264.0,319.0,10.0,54.0,-11.0,31.8,20.9
2009,Kolkata Knight Riders,M Kartik,20,43.0,42.0,1.0,438.0,454.0,13.0,78.0,-4.2,52.3,48.1
2016,Rising Pune Supergiants,I Sharma,4,0.0,0.0,0.0,90.0,148.0,3.0,18.0,0.0,-31.5,-31.5
2013,Sunrisers Hyderabad,NLTC Perera,16,233.0,163.0,10.0,358.0,478.0,19.0,124.0,14.2,-8.1,6.1
2012,Pune Warriors,M Manhas,7,120.0,96.0,4.0,0.0,0.0,0.0,0.0,2.3,0.0,2.3
2025,Punjab Kings,M Jansen,14,75.0,63.0,4.0,283.0,434.0,16.0,55.0,-25.1,28.1,3.0
2022,Royal Challengers Bangalore,Anuj Rawat,8,129.0,118.0,7.0,0.0,0.0,0.0,0.0,-30.2,0.0,-30.2
2013,Mumbai Indians,R Dhawan,5,21.0,21.0,3.0,90.0,109.0,2.0,24.0,-17.4,-9.1,-26.5
2018,Royal Challengers Bangalore,Mohammed Siraj,11,25.0,22.0,2.0,246.0,367.0,11.0,102.0,-12.0,-18.1,-30.1
2023,Chennai Super Kings,TU Deshpande,16,0.0,1.0,0.0,341.0,564.0,21.0,137.0,-1.1,-21.8,-23.0
2025,Rajasthan Royals,V Suryavanshi,7,252.0,122.0,7.0,0.0,0.0,0.0,0.0,59.4,0.0,59.4
2025,Gujarat Titans,Washington Sundar,6,133.0,80.0,5.0,65.0,111.0,2.0,17.0,7.3,-16.9,-9.6
2026,Rajasthan Royals,D Ferreira,13,317.0,177.0,9.0,18.0,41.0,1.0,6.0,44.7,-11.7,33.0
2007,Royal Challengers Bangalore,AA Noffke,1,9.0,10.0,1.0,24.0,40.0,1.0,12.0,-7.0,-7.5,-14.5
2011,Kings XI Punjab,SJ Srivastava,6,4.0,3.0,0.0,120.0,186.0,8.0,30.0,1.1,-19.5,-18.4
2018,Royal Challengers Bangalore,TG Southee,8,52.0,46.0,2.0,174.0,261.0,5.0,66.0,-10.9,-26.5,-37.4
2019,Chennai Super Kings,DL Chahar,17,7.0,9.0,2.0,387.0,482.0,22.0,57.0,-14.8,85.5,70.7
2019,Kings XI Punjab,KL Rahul,14,593.0,438.0,11.0,0.0,0.0,0.0,0.0,64.0,0.0,64.0
2013,Royal Challengers Bangalore,AB de Villiers,14,360.0,219.0,10.0,0.0,0.0,0.0,0.0,93.4,0.0,93.4
2016,Gujarat Lions,S Kaushik,7,0.0,1.0,1.0,138.0,192.0,6.0,24.0,-7.1,-4.4,-11.5
2020,Sunrisers Hyderabad,Abhishek Sharma,8,71.0,56.0,5.0,60.0,91.0,2.0,6.0,-20.0,-14.7,-34.7
2012,Chennai Super Kings,SK Raina,18,441.0,325.0,17.0,84.0,105.0,2.0,6.0,33.7,-9.5,24.2
2026,Gujarat Titans,Rashid Khan,17,50.0,41.0,4.0,341.0,516.0,21.0,54.0,-24.3,48.1,23.8
2021,Sunrisers Hyderabad,KS Williamson,10,266.0,235.0,6.0,0.0,0.0,0.0,0.0,2.3,0.0,2.3
2023,Rajasthan Royals,SO Hetmyer,13,299.0,197.0,8.0,0.0,0.0,0.0,0.0,32.1,0.0,32.1
2013,Chennai Super Kings,JO Holder,6,0.0,0.0,0.0,120.0,168.0,2.0,0.0,0.0,-45.8,-45.8
2025,Mumbai Indians,HH Pandya,15,224.0,137.0,9.0,210.0,342.0,14.0,36.0,5.8,3.7,9.5
2025,Lucknow Super Giants,Akash Deep,6,6.0,2.0,1.0,114.0,229.0,3.0,18.0,-2.4,-61.3,-63.7
2017,Rising Pune Supergiant,DL Chahar,3,14.0,6.0,1.0,42.0,74.0,1.0,0.0,2.0,-21.0,-19.1
2024,Gujarat Titans,UT Yadav,7,12.0,15.0,1.0,126.0,210.0,8.0,12.0,-13.0,0.5,-12.5
2022,Royal Challengers Bangalore,F du Plessis,16,468.0,367.0,15.0,0.0,0.0,0.0,0.0,8.2,0.0,8.2
2023,Sunrisers Hyderabad,RA Tripathi,13,273.0,213.0,12.0,0.0,0.0,0.0,0.0,-33.3,0.0,-33.3
2025,Chennai Super Kings,NT Ellis,1,0.0,0.0,0.0,24.0,38.0,1.0,18.0,0.0,-0.0,-0.0
2011,Kings XI Punjab,VS Malik,1,0.0,0.0,0.0,12.0,13.0,0.0,0.0,0.0,-1.0,-1.0
2013,Kolkata Knight Riders,Iqbal Abdulla,5,8.0,14.0,0.0,113.0,142.0,7.0,11.0,-6.0,7.6,1.6
2015,Rajasthan Royals,DJ Hooda,11,151.0,95.0,9.0,91.0,129.0,1.0,13.0,-1.5,-25.7,-27.2
2009,Delhi Daredevils,PD Collingwood,7,203.0,156.0,4.0,89.0,101.0,5.0,23.0,35.2,16.7,51.8
2026,Sunrisers Hyderabad,E Malinga,15,7.0,17.0,1.0,326.0,507.0,20.0,98.0,-20.0,50.3,30.2
2012,Chennai Super Kings,M Vijay,14,336.0,267.0,12.0,0.0,0.0,0.0,0.0,14.9,0.0,14.9
2007,Royal Challengers Bangalore,Z Khan,11,34.0,43.0,4.0,252.0,357.0,13.0,60.0,-34.5,-11.8,-46.4
2014,Sunrisers Hyderabad,NV Ojha,10,232.0,161.0,6.0,0.0,0.0,0.0,0.0,30.0,0.0,30.0
2020,Delhi Capitals,AM Rahane,8,113.0,107.0,8.0,0.0,0.0,0.0,0.0,-43.2,0.0,-43.2
2016,Delhi Daredevils,Q de Kock,13,445.0,327.0,12.0,0.0,0.0,0.0,0.0,41.9,0.0,41.9
2009,Delhi Daredevils,DA Warner,18,445.0,323.0,16.0,0.0,0.0,0.0,0.0,55.6,0.0,55.6
2025,Sunrisers Hyderabad,E Malinga,7,0.0,0.0,0.0,160.0,238.0,13.0,58.0,0.0,44.8,44.8
2009,Mumbai Indians,R McLaren,10,66.0,69.0,3.0,204.0,270.0,4.0,42.0,-15.9,-41.9,-57.8
2009,Deccan Chargers,DR Smith,11,237.0,157.0,10.0,107.0,160.0,2.0,17.0,32.3,-42.5,-10.2
2019,Rajasthan Royals,AM Rahane,13,393.0,285.0,12.0,0.0,0.0,0.0,0.0,18.3,0.0,18.3
2011,Royal Challengers Bangalore,CA Pujara,3,34.0,31.0,3.0,0.0,0.0,0.0,0.0,-13.6,0.0,-13.6
2023,Rajasthan Royals,OC McCoy,1,0.0,0.0,0.0,6.0,13.0,0.0,6.0,0.0,-5.4,-5.4
2013,Mumbai Indians,GJ Maxwell,3,36.0,27.0,2.0,12.0,23.0,0.0,6.0,-0.2,-10.6,-10.9
2016,Sunrisers Hyderabad,BCJ Cutting,4,65.0,34.0,2.0,67.0,80.0,5.0,12.0,15.7,23.5,39.2
2014,Royal Challengers Bangalore,Yuvraj Singh,14,376.0,278.0,10.0,136.0,187.0,5.0,34.0,29.7,-9.3,20.5
2026,Royal Challengers Bengaluru,B Kumar,16,34.0,26.0,0.0,378.0,501.0,28.0,144.0,1.7,185.3,187.0
2009,Mumbai Indians,R Sathish,11,112.0,96.0,6.0,48.0,81.0,2.0,6.0,-13.6,-22.8,-36.4
2021,Delhi Capitals,CR Woakes,3,15.0,11.0,0.0,66.0,82.0,5.0,24.0,4.4,18.7,23.0
2015,Sunrisers Hyderabad,Bipul Sharma,3,1.0,2.0,1.0,42.0,50.0,3.0,0.0,-7.0,11.8,4.8
2007,Mumbai Indians,A Nehra,14,3.0,13.0,0.0,269.0,348.0,12.0,59.0,-10.7,8.6,-2.1
2012,Pune Warriors,A Nehra,13,11.0,12.0,0.0,288.0,402.0,11.0,84.0,-1.2,-43.6,-44.8
2017,Mumbai Indians,MG Johnson,5,20.0,17.0,0.0,120.0,141.0,7.0,24.0,2.6,32.6,35.2
2021,Royal Challengers Bangalore,YS Chahal,15,10.0,27.0,0.0,318.0,374.0,18.0,36.0,-15.9,52.2,36.4
2022,Rajasthan Royals,JC Buttler,17,863.0,579.0,15.0,0.0,0.0,0.0,0.0,186.6,0.0,186.6
2013,Delhi Daredevils,UBT Chand,9,158.0,158.0,9.0,0.0,0.0,0.0,0.0,-36.2,0.0,-36.2
2025,Gujarat Titans,Arshad Khan,9,23.0,19.0,2.0,126.0,217.0,6.0,24.0,-11.9,-12.5,-24.4
2018,Sunrisers Hyderabad,S Dhawan,16,497.0,363.0,14.0,0.0,0.0,0.0,0.0,21.7,0.0,21.7
2018,Kolkata Knight Riders,N Rana,15,304.0,232.0,14.0,37.0,44.0,4.0,0.0,-27.3,20.7,-6.6
2013,Delhi Daredevils,BMAJ Mendis,3,23.0,27.0,3.0,30.0,36.0,1.0,0.0,-19.3,-1.7,-20.9
2025,Gujarat Titans,Mohammed Siraj,15,3.0,4.0,0.0,342.0,527.0,16.0,78.0,-1.9,23.5,21.6
2019,Delhi Capitals,KMA Paul,8,18.0,24.0,4.0,163.0,237.0,9.0,49.0,-32.1,-5.1,-37.2
2015,Rajasthan Royals,SV Samson,11,204.0,163.0,10.0,0.0,0.0,0.0,0.0,-21.4,0.0,-21.4
2019,Kolkata Knight Riders,RK Singh,3,37.0,34.0,2.0,0.0,0.0,0.0,0.0,-10.3,0.0,-10.3
2026,Delhi Capitals,Sameer Rizvi,9,252.0,171.0,7.0,0.0,0.0,0.0,0.0,-0.5,0.0,-0.5
2007,Royal Challengers Bangalore,DW Steyn,10,2.0,5.0,1.0,228.0,252.0,10.0,48.0,-9.3,49.5,40.2
2009,Delhi Daredevils,M Manhas,14,232.0,211.0,7.0,0.0,0.0,0.0,0.0,-7.7,0.0,-7.7
2014,Delhi Daredevils,LRPL Taylor,4,59.0,59.0,3.0,0.0,0.0,0.0,0.0,-19.7,0.0,-19.7
2015,Delhi Daredevils,MA Agarwal,10,213.0,177.0,9.0,0.0,0.0,0.0,0.0,-16.4,0.0,-16.4
2018,Chennai Super Kings,SK Raina,15,445.0,336.0,12.0,0.0,0.0,0.0,0.0,15.5,0.0,15.5
2009,Deccan Chargers,Shoaib Ahmed,7,1.0,6.0,2.0,102.0,152.0,5.0,18.0,-16.8,-22.0,-38.8
2021,Chennai Super Kings,MS Dhoni,11,114.0,107.0,7.0,0.0,0.0,0.0,0.0,-30.6,0.0,-30.6
2011,Royal Challengers Bangalore,AUK Pathan,5,33.0,16.0,4.0,33.0,49.0,0.0,9.0,-5.9,-15.5,-21.4
2012,Deccan Chargers,DJ Harris,4,111.0,101.0,3.0,18.0,26.0,0.0,6.0,-0.8,-7.6,-8.4
2020,Kings XI Punjab,M Ashwin,9,4.0,4.0,1.0,189.0,235.0,10.0,27.0,-6.6,28.9,22.2
2025,Kolkata Knight Riders,Ramandeep Singh,7,47.0,35.0,5.0,0.0,0.0,0.0,0.0,-25.0,0.0,-25.0
2017,Kings XI Punjab,T Natarajan,6,0.0,0.0,0.0,76.0,115.0,2.0,10.0,0.0,-21.0,-21.0
2023,Royal Challengers Bangalore,MK Lomror,10,135.0,97.0,8.0,12.0,17.0,0.0,0.0,-19.7,-3.6,-23.3
2016,Kolkata Knight Riders,YK Pathan,13,361.0,248.0,5.0,36.0,33.0,1.0,0.0,70.0,11.3,81.3
2007,Chennai Super Kings,SK Raina,14,421.0,295.0,9.0,20.0,30.0,1.0,0.0,74.6,-2.7,71.9
2024,Royal Challengers Bengaluru,Anuj Rawat,5,98.0,77.0,3.0,0.0,0.0,0.0,0.0,-11.3,0.0,-11.3
2022,Royal Challengers Bangalore,DJ Willey,4,18.0,30.0,2.0,66.0,72.0,1.0,0.0,-24.0,2.5,-21.5
2017,Sunrisers Hyderabad,MC Henriques,12,277.0,203.0,6.0,144.0,248.0,1.0,7.0,32.9,-89.3,-56.4
2026,Delhi Capitals,Auqib Nabi,5,14.0,4.0,1.0,78.0,149.0,0.0,0.0,3.1,-40.8,-37.7
2025,Mumbai Indians,RG Sharma,15,418.0,280.0,14.0,0.0,0.0,0.0,0.0,-12.4,0.0,-12.4
2011,Kolkata Knight Riders,Shakib Al Hasan,7,29.0,22.0,2.0,153.0,175.0,11.0,27.0,-4.0,42.7,38.7
2018,Chennai Super Kings,L Ngidi,7,0.0,0.0,0.0,156.0,156.0,11.0,60.0,0.0,94.3,94.3
2012,Pune Warriors,K Upadhyay,1,11.0,8.0,0.0,24.0,33.0,0.0,0.0,2.9,-9.5,-6.6
2026,Lucknow Super Giants,A Nortje,1,0.0,1.0,1.0,24.0,39.0,0.0,6.0,-7.2,-8.1,-15.3
2026,Kolkata Knight Riders,RK Singh,11,295.0,198.0,5.0,0.0,0.0,0.0,0.0,22.1,0.0,22.1
2026,Rajasthan Royals,Yash Raj Punja,8,0.0,0.0,0.0,180.0,279.0,9.0,18.0,0.0,5.3,5.3
2012,Rajasthan Royals,DH Yagnik,3,25.0,13.0,1.0,0.0,0.0,0.0,0.0,5.8,0.0,5.8
2025,Royal Challengers Bengaluru,Suyash Sharma,14,0.0,0.0,0.0,300.0,442.0,8.0,36.0,0.0,-22.7,-22.7
2014,Sunrisers Hyderabad,Y Venugopal Rao,7,71.0,63.0,3.0,12.0,16.0,0.0,0.0,-11.5,-3.6,-15.1
2013,Pune Warriors,AG Murtaza,3,5.0,4.0,1.0,60.0,94.0,3.0,0.0,-5.1,-19.6,-24.7
2020,Rajasthan Royals,Kartik Tyagi,10,4.0,6.0,1.0,229.0,367.0,9.0,79.0,-8.9,-57.6,-66.6
2020,Chennai Super Kings,AT Rayudu,11,359.0,282.0,9.0,0.0,0.0,0.0,0.0,15.7,0.0,15.7
2013,Kolkata Knight Riders,BB McCullum,1,6.0,7.0,1.0,0.0,0.0,0.0,0.0,-6.0,0.0,-6.0
2020,Kings XI Punjab,Harpreet Brar,1,0.0,0.0,0.0,24.0,41.0,0.0,0.0,0.0,-15.8,-15.8
2020,Rajasthan Royals,BA Stokes,8,285.0,200.0,7.0,90.0,154.0,2.0,36.0,40.6,-40.7,-0.1
2012,Royal Challengers Bangalore,R Vinay Kumar,14,68.0,62.0,5.0,335.0,480.0,19.0,137.0,-24.1,-21.8,-45.9
2012,Pune Warriors,Harpreet Singh,1,6.0,6.0,1.0,0.0,0.0,0.0,0.0,-6.1,0.0,-6.1
2011,Mumbai Indians,AN Ahmed,6,18.0,13.0,0.0,120.0,169.0,5.0,24.0,5.5,-21.3,-15.8
2012,Deccan Chargers,B Chipli,4,37.0,35.0,3.0,0.0,0.0,0.0,0.0,-14.7,0.0,-14.7
2022,Gujarat Titans,A Manohar,7,108.0,75.0,6.0,0.0,0.0,0.0,0.0,-8.0,0.0,-8.0
2025,Rajasthan Royals,Sandeep Sharma,10,6.0,5.0,0.0,219.0,361.0,9.0,99.0,-0.1,-20.1,-20.2
2023,Chennai Super Kings,Akash Singh,6,0.0,0.0,0.0,114.0,188.0,5.0,6.0,0.0,-23.0,-23.0
2011,Rajasthan Royals,J Botha,10,230.0,198.0,5.0,216.0,239.0,7.0,30.0,12.6,15.2,27.8
2022,Gujarat Titans,R Tewatia,13,217.0,147.0,7.0,36.0,76.0,0.0,6.0,12.1,-36.4,-24.3
2014,Mumbai Indians,CM Gautam,9,121.0,111.0,6.0,0.0,0.0,0.0,0.0,-27.0,0.0,-27.0
2021,Delhi Capitals,SS Iyer,8,175.0,171.0,5.0,0.0,0.0,0.0,0.0,-20.2,0.0,-20.2
2017,Kolkata Knight Riders,AS Rajpoot,5,4.0,7.0,1.0,84.0,107.0,4.0,18.0,-9.2,6.3,-2.9
2026,Kolkata Knight Riders,B Muzarabani,2,0.0,0.0,0.0,42.0,75.0,4.0,12.0,0.0,5.6,5.6
2020,Delhi Capitals,MM Sharma,1,0.0,0.0,0.0,24.0,45.0,1.0,6.0,0.0,-12.7,-12.7
2016,Kings XI Punjab,P Sahu,5,19.0,13.0,0.0,105.0,146.0,3.0,18.0,4.5,-12.7,-8.2
2019,Royal Challengers Bangalore,S Dube,4,40.0,33.0,3.0,10.0,8.0,0.0,4.0,-11.8,3.0,-8.8
2021,Punjab Kings,IC Porel,1,0.0,0.0,0.0,24.0,39.0,1.0,0.0,0.0,-8.3,-8.3
2024,Delhi Capitals,JA Richardson,1,2.0,2.0,1.0,24.0,40.0,0.0,6.0,-6.6,-9.7,-16.2
2009,Chennai Super Kings,KB Arun Karthik,1,3.0,5.0,0.0,0.0,0.0,0.0,0.0,-2.0,0.0,-2.0
2021,Mumbai Indians,CA Lynn,1,49.0,35.0,1.0,0.0,0.0,0.0,0.0,8.9,0.0,8.9
2017,Sunrisers Hyderabad,BB Sran,1,0.0,0.0,0.0,12.0,29.0,0.0,0.0,0.0,-16.0,-16.0
2024,Lucknow Super Giants,Arshad Khan,3,78.0,50.0,1.0,49.0,90.0,1.0,7.0,11.3,-20.0,-8.7
2011,Royal Challengers Bangalore,J Syed Mohammad,5,15.0,12.0,0.0,90.0,127.0,5.0,18.0,3.5,-7.4,-4.0
2013,Chennai Super Kings,JA Morkel,8,46.0,37.0,3.0,144.0,159.0,7.0,18.0,-7.5,18.7,11.2
2024,Punjab Kings,S Dhawan,5,152.0,121.0,5.0,0.0,0.0,0.0,0.0,-23.0,0.0,-23.0
2013,Royal Challengers Bangalore,A Mukund,1,19.0,21.0,1.0,0.0,0.0,0.0,0.0,-5.2,0.0,-5.2
2007,Royal Challengers Bangalore,DT Patil,2,13.0,13.0,1.0,0.0,0.0,0.0,0.0,-6.0,0.0,-6.0
2021,Sunrisers Hyderabad,J Suchith,2,14.0,6.0,0.0,42.0,66.0,0.0,0.0,8.2,-24.2,-16.0
2016,Kolkata Knight Riders,CA Lynn,2,25.0,22.0,1.0,0.0,0.0,0.0,0.0,-4.1,0.0,-4.1
2017,Kolkata Knight Riders,Shakib Al Hasan,1,1.0,1.0,0.0,18.0,31.0,0.0,0.0,-0.0,-10.9,-10.9
2009,Royal Challengers Bangalore,EJG Morgan,4,35.0,30.0,3.0,0.0,0.0,0.0,0.0,-10.7,0.0,-10.7
2024,Sunrisers Hyderabad,Anmolpreet Singh,2,5.0,6.0,2.0,0.0,0.0,0.0,0.0,-14.4,0.0,-14.4
2013,Royal Challengers Bangalore,A Mithun,1,2.0,2.0,1.0,24.0,37.0,1.0,6.0,-6.0,-7.8,-13.8
2024,Punjab Kings,NT Ellis,1,0.0,0.0,0.0,24.0,24.0,1.0,12.0,0.0,13.7,13.7
2025,Gujarat Titans,K Khejroliya,1,0.0,0.0,0.0,18.0,29.0,1.0,0.0,0.0,-0.9,-0.9
2013,Delhi Daredevils,RE van der Merwe,3,22.0,25.0,2.0,66.0,71.0,3.0,6.0,-12.1,9.9,-2.3
2020,Chennai Super Kings,N Jagadeesan,2,33.0,29.0,2.0,0.0,0.0,0.0,0.0,-8.3,0.0,-8.3
2022,Kolkata Knight Riders,A Tomar,1,4.0,8.0,1.0,0.0,0.0,0.0,0.0,-9.8,0.0,-9.8
2011,Kings XI Punjab,L Ablish,1,0.0,2.0,0.0,18.0,39.0,0.0,6.0,-1.9,-20.7,-22.6
2014,Kings XI Punjab,M Vohra,8,324.0,233.0,7.0,0.0,0.0,0.0,0.0,54.8,0.0,54.8
2020,Sunrisers Hyderabad,S Kaul,1,0.0,0.0,0.0,24.0,64.0,2.0,6.0,0.0,-25.7,-25.7
2011,Kings XI Punjab,NJ Rimmington,1,1.0,1.0,0.0,18.0,19.0,0.0,0.0,0.0,-1.9,-1.9
2015,Chennai Super Kings,RG More,2,2.0,2.0,0.0,35.0,59.0,1.0,17.0,-0.3,-13.2,-13.5
2025,Mumbai Indians,RJW Topley,1,0.0,0.0,0.0,18.0,40.0,0.0,0.0,0.0,-16.6,-16.6
2026,Chennai Super Kings,RS Ghosh,1,0.0,0.0,0.0,18.0,24.0,1.0,0.0,0.0,4.8,4.8
2021,Royal Challengers Bangalore,TH David,1,1.0,3.0,1.0,0.0,0.0,0.0,0.0,-7.9,0.0,-7.9
2009,Mumbai Indians,L Ronchi,1,0.0,2.0,1.0,0.0,0.0,0.0,0.0,-7.8,0.0,-7.8
2016,Royal Challengers Bangalore,AF Milne,1,0.0,0.0,0.0,24.0,43.0,1.0,6.0,0.0,-10.5,-10.5
2025,Royal Challengers Bengaluru,MS Bhandage,1,1.0,4.0,1.0,0.0,0.0,0.0,0.0,-9.7,0.0,-9.7
2023,Mumbai Indians,Arshad Khan,6,18.0,15.0,2.0,85.0,190.0,5.0,25.0,-10.8,-58.1,-69.0
2026,Mumbai Indians,C Bosch,6,50.0,31.0,1.0,121.0,195.0,12.0,37.0,5.4,35.1,40.5
2013,Pune Warriors,AM Nayar,10,66.0,73.0,6.0,48.0,59.0,2.0,0.0,-40.2,-1.7,-41.9
2018,Rajasthan Royals,JC Archer,10,15.0,21.0,5.0,233.0,325.0,15.0,101.0,-38.7,38.4,-0.3
2011,Pune Warriors,MK Pandey,9,246.0,227.0,9.0,0.0,0.0,0.0,0.0,-15.0,0.0,-15.0
2013,Pune Warriors,R Sharma,11,11.0,17.0,3.0,246.0,281.0,9.0,24.0,-24.4,7.9,-16.5
2013,Mumbai Indians,RG Sharma,19,538.0,409.0,14.0,8.0,6.0,0.0,0.0,73.4,1.5,74.9
2016,Gujarat Lions,RA Jadeja,15,191.0,177.0,8.0,241.0,311.0,8.0,32.0,-45.8,0.1,-45.6
2009,Mumbai Indians,GR Napier,1,15.0,16.0,1.0,24.0,27.0,1.0,0.0,-5.6,1.9,-3.7
2007,Kings XI Punjab,S Sreesanth,15,0.0,3.0,1.0,307.0,442.0,19.0,61.0,-9.2,-4.9,-14.1
2014,Kolkata Knight Riders,UT Yadav,12,2.0,4.0,1.0,270.0,367.0,11.0,78.0,-8.5,-9.7,-18.1
2024,Punjab Kings,LS Livingstone,7,111.0,78.0,4.0,72.0,84.0,3.0,0.0,-6.8,19.6,12.8
2012,Delhi Daredevils,IK Pathan,17,176.0,126.0,7.0,360.0,465.0,8.0,36.0,11.3,-59.4,-48.1
2011,Chennai Super Kings,R Ashwin,16,2.0,6.0,2.0,378.0,388.0,20.0,84.0,-15.8,102.1,86.3
2013,Delhi Daredevils,IK Pathan,15,142.0,152.0,8.0,308.0,382.0,10.0,32.0,-51.1,-31.5,-82.5
2009,Delhi Daredevils,KD Karthik,27,566.0,454.0,20.0,0.0,0.0,0.0,0.0,28.1,0.0,28.1
2020,Mumbai Indians,KH Pandya,16,109.0,92.0,6.0,301.0,380.0,6.0,19.0,-23.5,-24.1,-47.7
2020,Royal Challengers Bangalore,S Dube,10,129.0,105.0,7.0,54.0,73.0,4.0,30.0,-27.8,13.5,-14.3
2023,Punjab Kings,Sikandar Raza,7,139.0,98.0,5.0,72.0,119.0,3.0,0.0,1.3,-19.8,-18.5
2007,Deccan Chargers,WPUJC Vaas,5,21.0,18.0,2.0,102.0,145.0,5.0,18.0,-9.8,-8.2,-18.0
2009,Kings XI Punjab,S Sreesanth,13,32.0,39.0,0.0,252.0,383.0,9.0,30.0,-7.0,-78.9,-85.9
2011,Chennai Super Kings,DE Bollinger,13,0.0,1.0,0.0,282.0,329.0,17.0,132.0,-1.0,52.1,51.1
2011,Mumbai Indians,MM Patel,15,0.0,1.0,1.0,326.0,358.0,22.0,74.0,-7.0,92.0,85.1
2024,Sunrisers Hyderabad,Sanvir Singh,3,14.0,12.0,1.0,0.0,0.0,0.0,0.0,-7.2,0.0,-7.2
2017,Kolkata Knight Riders,C de Grandhomme,12,126.0,92.0,8.0,96.0,135.0,4.0,2.0,-15.4,-9.3,-24.7
2024,Chennai Super Kings,DJ Mitchell,13,318.0,223.0,11.0,36.0,70.0,1.0,0.0,-12.5,-21.5,-34.0
2019,Kolkata Knight Riders,M Prasidh Krishna,11,0.0,2.0,1.0,242.0,377.0,4.0,74.0,-8.2,-80.7,-88.9
2025,Delhi Capitals,KL Rahul,13,539.0,360.0,9.0,0.0,0.0,0.0,0.0,46.8,0.0,46.8
2026,Punjab Kings,Suryansh Shedge,7,158.0,90.0,4.0,0.0,0.0,0.0,0.0,23.3,0.0,23.3
2022,Rajasthan Royals,R Parag,15,183.0,132.0,10.0,24.0,59.0,1.0,6.0,-23.9,-26.2,-50.1
2025,Chennai Super Kings,DJ Hooda,6,31.0,41.0,5.0,6.0,15.0,0.0,0.0,-48.8,-7.6,-56.5
2023,Gujarat Titans,Mohammed Shami,17,5.0,6.0,2.0,390.0,522.0,28.0,90.0,-13.8,115.1,101.3
2018,Delhi Daredevils,G Gambhir,5,85.0,88.0,4.0,0.0,0.0,0.0,0.0,-35.0,0.0,-35.0
2013,Rajasthan Royals,SR Watson,16,543.0,380.0,14.0,250.0,298.0,13.0,70.0,118.0,24.5,142.6
2015,Delhi Daredevils,Yuvraj Singh,13,248.0,210.0,13.0,54.0,72.0,1.0,6.0,-45.4,-8.4,-53.8
2017,Kolkata Knight Riders,SP Narine,16,224.0,130.0,12.0,354.0,412.0,10.0,72.0,13.8,31.8,45.6
2019,Kolkata Knight Riders,PP Chawla,13,42.0,37.0,3.0,267.0,399.0,10.0,33.0,-15.4,-49.9,-65.3
2025,Mumbai Indians,WG Jacks,12,233.0,172.0,10.0,84.0,120.0,6.0,6.0,-37.4,20.9,-16.5
2011,Delhi Daredevils,RE van der Merwe,4,14.0,16.0,0.0,89.0,92.0,5.0,11.0,-1.4,27.0,25.7
2009,Kolkata Knight Riders,AB Dinda,15,2.0,4.0,3.0,283.0,345.0,13.0,43.0,-20.0,16.3,-3.7
2023,Kolkata Knight Riders,SN Thakur,11,113.0,70.0,8.0,126.0,220.0,7.0,47.0,-12.9,-28.4,-41.3
2017,Mumbai Indians,JJ Bumrah,16,16.0,12.0,1.0,356.0,440.0,20.0,164.0,-2.3,70.8,68.5
2022,Royal Challengers Bangalore,JR Hazlewood,12,18.0,26.0,0.0,279.0,377.0,20.0,105.0,-10.6,57.0,46.4
2015,Rajasthan Royals,AM Rahane,13,540.0,413.0,11.0,0.0,0.0,0.0,0.0,59.8,0.0,59.8
2017,Royal Challengers Bangalore,KM Jadhav,13,267.0,186.0,11.0,0.0,0.0,0.0,0.0,10.8,0.0,10.8
2023,Gujarat Titans,V Shankar,10,301.0,188.0,8.0,0.0,0.0,0.0,0.0,46.3,0.0,46.3
2025,Gujarat Titans,Shubman Gill,15,650.0,417.0,12.0,0.0,0.0,0.0,0.0,66.2,0.0,66.2
2015,Mumbai Indians,S Gopal,1,1.0,1.0,0.0,13.0,23.0,1.0,1.0,-0.2,-3.2,-3.4
2024,Sunrisers Hyderabad,Shahbaz Ahmed,16,215.0,166.0,9.0,165.0,270.0,7.0,0.0,-39.1,-27.4,-66.5
2017,Kolkata Knight Riders,G Gambhir,16,498.0,389.0,12.0,0.0,0.0,0.0,0.0,21.3,0.0,21.3
2019,Sunrisers Hyderabad,JM Bairstow,10,445.0,283.0,8.0,0.0,0.0,0.0,0.0,100.5,0.0,100.5
2023,Rajasthan Royals,YS Chahal,14,0.0,0.0,0.0,317.0,432.0,21.0,84.0,0.0,61.3,61.3
2011,Deccan Chargers,DT Christian,14,190.0,159.0,10.0,274.0,350.0,11.0,34.0,-22.1,-13.3,-35.4
2017,Mumbai Indians,HH Pandya,17,250.0,160.0,7.0,156.0,213.0,6.0,42.0,44.9,-8.6,36.3
2026,Sunrisers Hyderabad,Abhishek Sharma,15,563.0,275.0,14.0,29.0,49.0,0.0,5.0,125.6,-9.5,116.1
2013,Kings XI Punjab,PP Chawla,16,64.0,57.0,6.0,350.0,418.0,11.0,20.0,-27.4,-18.5,-45.9
2013,Royal Challengers Bangalore,R Rampaul,10,38.0,37.0,4.0,226.0,261.0,13.0,52.0,-23.5,34.3,10.9
2015,Sunrisers Hyderabad,DA Warner,14,562.0,359.0,12.0,0.0,0.0,0.0,0.0,136.5,0.0,136.5
2018,Mumbai Indians,SA Yadav,14,512.0,384.0,14.0,0.0,0.0,0.0,0.0,15.5,0.0,15.5
2024,Delhi Capitals,KK Ahmed,14,0.0,0.0,0.0,300.0,479.0,17.0,66.0,0.0,12.1,12.1
2014,Mumbai Indians,PP Ojha,12,4.0,8.0,0.0,276.0,380.0,4.0,30.0,-5.0,-64.9,-69.9
2009,Deccan Chargers,PP Ojha,31,4.0,15.0,6.0,674.0,777.0,39.0,93.0,-46.8,108.9,62.1
2012,Delhi Daredevils,KP Pietersen,8,305.0,207.0,5.0,36.0,53.0,0.0,0.0,79.8,-17.6,62.2
2023,Delhi Capitals,Mukesh Kumar,10,7.0,9.0,0.0,186.0,326.0,7.0,78.0,-3.3,-59.0,-62.3
2021,Kolkata Knight Riders,KD Karthik,15,223.0,170.0,10.0,0.0,0.0,0.0,0.0,0.8,0.0,0.8
2019,Rajasthan Royals,JC Archer,11,67.0,40.0,2.0,258.0,291.0,11.0,114.0,11.5,67.5,79.0
2012,Pune Warriors,MJ Clarke,6,98.0,94.0,6.0,66.0,67.0,2.0,6.0,-25.3,10.8,-14.5
2011,Delhi Daredevils,TR Birt,5,75.0,58.0,5.0,0.0,0.0,0.0,0.0,-10.5,0.0,-10.5
2018,Royal Challengers Bangalore,CR Woakes,5,17.0,19.0,2.0,110.0,190.0,8.0,50.0,-16.1,-12.1,-28.2
2025,Rajasthan Royals,R Parag,14,393.0,236.0,12.0,120.0,170.0,3.0,6.0,37.1,-3.7,33.5
2007,Mumbai Indians,Harbhajan Singh,3,30.0,17.0,2.0,60.0,82.0,5.0,18.0,0.2,13.7,13.8
2012,Chennai Super Kings,JA Morkel,15,107.0,68.0,7.0,297.0,385.0,13.0,39.0,-2.7,-11.4,-14.2
2023,Rajasthan Royals,YBK Jaiswal,14,625.0,382.0,12.0,0.0,0.0,0.0,0.0,129.4,0.0,129.4
2012,Chennai Super Kings,BW Hilfenhaus,9,0.0,0.0,0.0,204.0,233.0,14.0,42.0,0.0,55.4,55.4
2014,Royal Challengers Bangalore,VR Aaron,10,35.0,34.0,0.0,220.0,299.0,16.0,58.0,-3.0,33.9,30.9
2019,Mumbai Indians,RD Chahar,13,12.0,11.0,2.0,282.0,308.0,13.0,6.0,-12.0,70.1,58.1
2014,Kings XI Punjab,M Kartik,2,0.0,0.0,0.0,48.0,91.0,1.0,6.0,0.0,-34.0,-34.0
2009,Mumbai Indians,C Madan,1,15.0,19.0,1.0,0.0,0.0,0.0,0.0,-8.4,0.0,-8.4
2011,Royal Challengers Bangalore,KB Arun Karthik,2,7.0,8.0,2.0,0.0,0.0,0.0,0.0,-12.6,0.0,-12.6
2015,Chennai Super Kings,SK Raina,17,374.0,305.0,14.0,72.0,93.0,2.0,0.0,-12.8,-5.8,-18.6
2022,Delhi Capitals,SN Thakur,14,120.0,87.0,8.0,290.0,473.0,15.0,104.0,-24.3,-56.5,-80.8
2011,Royal Challengers Bangalore,DL Vettori,13,23.0,28.0,1.0,310.0,311.0,12.0,52.0,-9.8,69.9,60.1
2023,Sunrisers Hyderabad,Fazalhaq Farooqi,4,1.0,5.0,0.0,80.0,117.0,4.0,14.0,-4.7,1.6,-3.1
2024,Royal Challengers Bengaluru,Mayank Dagar,5,0.0,1.0,0.0,71.0,120.0,1.0,5.0,-1.3,-28.4,-29.7
2019,Kolkata Knight Riders,RV Uthappa,11,282.0,245.0,9.0,0.0,0.0,0.0,0.0,-27.0,0.0,-27.0
2022,Royal Challengers Bangalore,HV Patel,15,43.0,39.0,4.0,321.0,410.0,19.0,141.0,-24.7,74.6,49.8
2025,Lucknow Super Giants,SN Thakur,10,18.0,12.0,3.0,204.0,375.0,13.0,66.0,-14.6,-29.2,-43.8
2017,Mumbai Indians,JC Buttler,10,272.0,177.0,8.0,0.0,0.0,0.0,0.0,38.3,0.0,38.3
2007,Chennai Super Kings,MEK Hussey,3,168.0,100.0,2.0,0.0,0.0,0.0,0.0,56.1,0.0,56.1
2022,Mumbai Indians,Basil Thampi,5,0.0,0.0,0.0,96.0,152.0,5.0,18.0,0.0,-17.3,-17.3
2022,Kolkata Knight Riders,UT Yadav,12,55.0,40.0,4.0,288.0,339.0,16.0,18.0,-14.9,61.8,46.9
2026,Mumbai Indians,Ashwani Kumar,3,1.0,6.0,0.0,60.0,102.0,6.0,6.0,-6.5,11.3,4.8
2018,Delhi Daredevils,SS Iyer,14,411.0,310.0,10.0,0.0,0.0,0.0,0.0,20.4,0.0,20.4
2015,Delhi Daredevils,J Yadav,3,0.0,0.0,0.0,42.0,29.0,2.0,0.0,0.0,26.7,26.7
2007,Mumbai Indians,ST Jayasuriya,14,514.0,309.0,12.0,126.0,159.0,4.0,18.0,145.5,0.5,146.1
2013,Sunrisers Hyderabad,I Sharma,16,0.0,0.0,0.0,358.0,466.0,15.0,46.0,0.0,-39.2,-39.2
2017,Sunrisers Hyderabad,KS Williamson,7,256.0,169.0,5.0,0.0,0.0,0.0,0.0,53.6,0.0,53.6
2023,Rajasthan Royals,TA Boult,10,16.0,14.0,1.0,228.0,312.0,13.0,30.0,-5.6,36.9,31.3
2015,Kolkata Knight Riders,SA Yadav,13,157.0,113.0,9.0,0.0,0.0,0.0,0.0,-14.3,0.0,-14.3
2022,Sunrisers Hyderabad,M Jansen,8,9.0,7.0,1.0,192.0,274.0,7.0,18.0,-5.1,-27.7,-32.7
2013,Kings XI Punjab,DJ Hussey,11,235.0,209.0,10.0,66.0,91.0,0.0,12.0,-12.9,-27.1,-40.0
2009,Chennai Super Kings,M Vijay,19,518.0,359.0,16.0,0.0,0.0,0.0,0.0,95.4,0.0,95.4
2014,Kolkata Knight Riders,M Morkel,12,4.0,3.0,0.0,288.0,367.0,12.0,36.0,0.6,5.8,6.5
2018,Royal Challengers Bangalore,UT Yadav,14,3.0,11.0,4.0,319.0,418.0,20.0,37.0,-33.1,65.0,31.9
2016,Rising Pune Supergiants,GJ Bailey,5,84.0,98.0,4.0,0.0,0.0,0.0,0.0,-39.3,0.0,-39.3
2024,Punjab Kings,RR Rossouw,8,211.0,116.0,8.0,0.0,0.0,0.0,0.0,26.5,0.0,26.5
2011,Kolkata Knight Riders,S Ladda,2,0.0,0.0,0.0,24.0,42.0,0.0,6.0,0.0,-17.7,-17.7
2017,Royal Challengers Bangalore,Vishnu Vinod,3,19.0,26.0,3.0,0.0,0.0,0.0,0.0,-26.5,0.0,-26.5
2024,Gujarat Titans,WP Saha,9,136.0,115.0,9.0,0.0,0.0,0.0,0.0,-58.2,0.0,-58.2
2012,Kings XI Punjab,SE Marsh,13,336.0,280.0,10.0,0.0,0.0,0.0,0.0,13.8,0.0,13.8
2009,Kolkata Knight Riders,JD Unadkat,3,0.0,0.0,0.0,62.0,85.0,4.0,14.0,0.0,1.0,1.0
2013,Royal Challengers Bangalore,MC Henriques,10,165.0,125.0,4.0,127.0,185.0,7.0,7.0,22.0,-25.2,-3.2
2022,Chennai Super Kings,Simarjeet Singh,6,7.0,8.0,1.0,108.0,138.0,4.0,12.0,-7.8,0.7,-7.1
2023,Chennai Super Kings,RA Jadeja,16,190.0,133.0,8.0,342.0,431.0,20.0,12.0,-8.1,72.2,64.1
2014,Mumbai Indians,MEK Hussey,9,209.0,182.0,8.0,0.0,0.0,0.0,0.0,-15.9,0.0,-15.9
2016,Kolkata Knight Riders,R Sathish,4,24.0,24.0,3.0,36.0,59.0,1.0,6.0,-20.1,-13.5,-33.6
2022,Royal Challengers Bangalore,SE Rutherford,2,33.0,50.0,2.0,0.0,0.0,0.0,0.0,-30.2,0.0,-30.2
2025,Chennai Super Kings,V Shankar,5,118.0,91.0,3.0,0.0,0.0,0.0,0.0,-9.6,0.0,-9.6
2018,Kolkata Knight Riders,JPR Scantlebury-Searles,3,8.0,6.0,1.0,42.0,89.0,2.0,6.0,-4.8,-30.6,-35.4
2020,Delhi Capitals,AR Patel,15,117.0,85.0,8.0,306.0,327.0,9.0,12.0,-24.4,50.8,26.4
2012,Mumbai Indians,RJ Peterson,5,32.0,30.0,3.0,48.0,70.0,3.0,18.0,-15.4,-2.7,-18.1
2023,Sunrisers Hyderabad,T Natarajan,12,0.0,0.0,0.0,270.0,410.0,10.0,132.0,0.0,-23.1,-23.1
2007,Kolkata Knight Riders,I Sharma,13,11.0,11.0,1.0,253.0,329.0,7.0,76.0,-6.3,-17.2,-23.5
2023,Mumbai Indians,JP Behrendorff,12,6.0,9.0,0.0,252.0,387.0,14.0,54.0,-4.3,-1.2,-5.4
2023,Rajasthan Royals,JC Buttler,14,392.0,282.0,14.0,0.0,0.0,0.0,0.0,-4.9,0.0,-4.9
2009,Rajasthan Royals,RJ Quiney,7,103.0,102.0,7.0,0.0,0.0,0.0,0.0,-31.6,0.0,-31.6
2021,Punjab Kings,RP Meredith,5,0.0,0.0,0.0,102.0,169.0,4.0,18.0,0.0,-39.5,-39.5
2017,Kolkata Knight Riders,SA Yadav,7,105.0,88.0,5.0,0.0,0.0,0.0,0.0,-14.5,0.0,-14.5
2017,Royal Challengers Bangalore,AB de Villiers,9,216.0,163.0,7.0,0.0,0.0,0.0,0.0,5.9,0.0,5.9
2017,Gujarat Lions,PJ Sangwan,5,2.0,4.0,2.0,108.0,181.0,5.0,24.0,-14.1,-31.2,-45.3
2011,Royal Challengers Bangalore,MA Agarwal,7,141.0,120.0,7.0,0.0,0.0,0.0,0.0,-8.0,0.0,-8.0
2007,Royal Challengers Bangalore,Misbah-ul-Haq,8,117.0,81.0,7.0,0.0,0.0,0.0,0.0,-5.9,0.0,-5.9
2019,Chennai Super Kings,MM Sharma,1,0.0,2.0,0.0,18.0,27.0,1.0,6.0,-2.2,-0.9,-3.1
2025,Kolkata Knight Riders,CV Varun,13,1.0,1.0,0.0,300.0,383.0,17.0,42.0,-0.2,98.4,98.2
2012,Deccan Chargers,Anand Rajan,4,0.0,0.0,0.0,71.0,109.0,3.0,11.0,0.0,-19.8,-19.8
2024,Gujarat Titans,Kartik Tyagi,1,0.0,0.0,0.0,24.0,51.0,0.0,6.0,0.0,-20.7,-20.7
2009,Deccan Chargers,Jaskaran Singh,8,8.0,11.0,1.0,102.0,171.0,6.0,30.0,-8.8,-31.7,-40.5
2023,Mumbai Indians,Vishnu Vinod,3,37.0,31.0,3.0,0.0,0.0,0.0,0.0,-14.6,0.0,-14.6
2021,Royal Challengers Bangalore,V Kohli,15,405.0,339.0,14.0,0.0,0.0,0.0,0.0,-13.5,0.0,-13.5
2023,Gujarat Titans,B Sai Sudharsan,8,362.0,256.0,6.0,0.0,0.0,0.0,0.0,44.7,0.0,44.7
2018,Royal Challengers Bangalore,CJ Anderson,3,17.0,22.0,3.0,52.0,115.0,3.0,34.0,-24.0,-35.8,-59.8
2011,Pune Warriors,MD Mishra,5,67.0,60.0,4.0,0.0,0.0,0.0,0.0,-12.4,0.0,-12.4
2012,Royal Challengers Bangalore,J Syed Mohammad,2,4.0,1.0,0.0,42.0,65.0,0.0,0.0,3.0,-23.6,-20.6
2021,Sunrisers Hyderabad,Sandeep Sharma,7,8.0,7.0,0.0,141.0,203.0,3.0,9.0,1.2,-38.7,-37.5
2007,Kings XI Punjab,TM Srivastava,2,8.0,10.0,1.0,0.0,0.0,0.0,0.0,-8.3,0.0,-8.3
2024,Mumbai Indians,PP Chawla,11,15.0,15.0,4.0,210.0,312.0,13.0,12.0,-27.2,18.5,-8.8
2025,Lucknow Super Giants,A Badoni,13,329.0,222.0,10.0,10.0,13.0,2.0,10.0,3.9,12.3,16.2
2013,Kolkata Knight Riders,RN ten Doeschate,4,85.0,63.0,3.0,18.0,24.0,0.0,0.0,7.2,-7.0,0.2
2009,Rajasthan Royals,A Singh,5,1.0,3.0,1.0,105.0,95.0,9.0,33.0,-8.0,66.9,58.9
2026,Delhi Capitals,Kuldeep Yadav,12,9.0,21.0,2.0,222.0,381.0,10.0,36.0,-28.9,-36.8,-65.6
2025,Delhi Capitals,F du Plessis,9,202.0,163.0,9.0,0.0,0.0,0.0,0.0,-55.0,0.0,-55.0
2020,Delhi Capitals,P Dubey,3,7.0,13.0,0.0,48.0,72.0,0.0,6.0,-8.0,-20.4,-28.4
2013,Delhi Daredevils,M Morkel,10,57.0,29.0,5.0,240.0,335.0,7.0,66.0,-2.4,-58.8,-61.2
2011,Delhi Daredevils,UBT Chand,2,2.0,12.0,2.0,0.0,0.0,0.0,0.0,-20.6,0.0,-20.6
2021,Rajasthan Royals,MK Lomror,4,94.0,73.0,3.0,42.0,47.0,1.0,0.0,6.3,1.3,7.6
2009,Kolkata Knight Riders,RS Gavaskar,2,2.0,8.0,1.0,6.0,8.0,0.0,6.0,-11.1,-1.3,-12.4
2012,Rajasthan Royals,J Botha,11,58.0,54.0,4.0,246.0,297.0,9.0,36.0,-19.6,3.0,-16.6
2015,Mumbai Indians,PA Patel,14,339.0,246.0,12.0,0.0,0.0,0.0,0.0,26.2,0.0,26.2
2018,Royal Challengers Bangalore,Q de Kock,8,201.0,162.0,7.0,0.0,0.0,0.0,0.0,-16.3,0.0,-16.3
2023,Punjab Kings,NT Ellis,10,1.0,7.0,2.0,228.0,339.0,13.0,72.0,-18.6,9.0,-9.7
2022,Delhi Capitals,Mustafizur Rahman,8,3.0,5.0,0.0,192.0,244.0,8.0,96.0,-2.8,25.6,22.8
2011,Rajasthan Royals,SW Tait,4,10.0,10.0,1.0,89.0,127.0,6.0,24.0,-5.6,-4.2,-9.8
2015,Sunrisers Hyderabad,GH Vihari,4,39.0,35.0,4.0,0.0,0.0,0.0,0.0,-22.1,0.0,-22.1
2026,Mumbai Indians,MJ Santner,4,26.0,19.0,0.0,84.0,125.0,5.0,6.0,2.4,14.2,16.6
2023,Lucknow Super Giants,Naveen-ul-Haq,7,16.0,21.0,1.0,168.0,219.0,11.0,78.0,-13.6,51.4,37.8
2021,Rajasthan Royals,M Vohra,4,42.0,39.0,4.0,0.0,0.0,0.0,0.0,-22.0,0.0,-22.0
2017,Royal Challengers Bangalore,B Stanlake,2,0.0,0.0,0.0,48.0,70.0,2.0,0.0,0.0,-5.1,-5.1
2014,Mumbai Indians,P Kumar,3,1.0,2.0,1.0,72.0,78.0,3.0,12.0,-7.2,15.5,8.2
2007,Delhi Daredevils,TM Dilshan,7,104.0,79.0,4.0,6.0,3.0,1.0,0.0,0.9,9.4,10.3
2026,Delhi Capitals,KA Jamieson,2,12.0,13.0,1.0,42.0,90.0,2.0,6.0,-9.7,-19.6,-29.3
2018,Delhi Daredevils,DT Christian,4,26.0,33.0,1.0,71.0,101.0,4.0,23.0,-16.3,3.2,-13.1
2026,Lucknow Super Giants,AA Kulkarni,2,17.0,25.0,2.0,0.0,0.0,0.0,0.0,-26.8,0.0,-26.8
2013,Sunrisers Hyderabad,X Thalaivan Sargunam,1,10.0,17.0,1.0,0.0,0.0,0.0,0.0,-11.7,0.0,-11.7
2012,Delhi Daredevils,RE van der Merwe,3,0.0,0.0,0.0,60.0,60.0,2.0,6.0,0.0,11.8,11.8
2024,Rajasthan Royals,Tanush Kotian,1,24.0,31.0,1.0,0.0,0.0,0.0,0.0,-19.0,0.0,-19.0
2024,Mumbai Indians,D Brevis,3,69.0,59.0,3.0,0.0,0.0,0.0,0.0,-17.7,0.0,-17.7
2025,Mumbai Indians,JM Bairstow,2,85.0,46.0,2.0,0.0,0.0,0.0,0.0,15.0,0.0,15.0
2019,Delhi Capitals,GH Vihari,2,4.0,8.0,2.0,6.0,9.0,0.0,0.0,-16.7,-2.7,-19.4
2013,Royal Challengers Bangalore,Z Khan,2,0.0,0.0,0.0,36.0,47.0,5.0,0.0,0.0,16.0,16.0
2009,Kolkata Knight Riders,Mandeep Singh,2,4.0,11.0,2.0,0.0,0.0,0.0,0.0,-18.0,0.0,-18.0
2024,Lucknow Super Giants,AJ Turner,2,21.0,18.0,2.0,0.0,0.0,0.0,0.0,-12.5,0.0,-12.5
2012,Kolkata Knight Riders,RN ten Doeschate,3,21.0,21.0,2.0,18.0,24.0,1.0,6.0,-12.3,0.4,-11.9
2022,Delhi Capitals,Mandeep Singh,3,18.0,23.0,3.0,0.0,0.0,0.0,0.0,-22.4,0.0,-22.4
2025,Sunrisers Hyderabad,PWA Mulder,1,9.0,11.0,1.0,6.0,16.0,0.0,6.0,-10.3,-8.0,-18.3
2025,Mumbai Indians,Mujeeb Ur Rahman,1,0.0,0.0,0.0,12.0,28.0,1.0,0.0,0.0,-6.6,-6.6
2023,Chennai Super Kings,BA Stokes,2,15.0,14.0,2.0,6.0,18.0,0.0,0.0,-12.4,-10.8,-23.2
2012,Pune Warriors,MD Mishra,1,4.0,4.0,1.0,0.0,0.0,0.0,0.0,-5.7,0.0,-5.7
2024,Mumbai Indians,A Kamboj,3,2.0,2.0,0.0,60.0,114.0,2.0,0.0,-0.6,-27.9,-28.5
2026,Sunrisers Hyderabad,LS Livingstone,2,15.0,25.0,2.0,0.0,0.0,0.0,0.0,-29.3,0.0,-29.3
2026,Lucknow Super Giants,Arjun Tendulkar,1,5.0,5.0,0.0,24.0,36.0,1.0,6.0,-1.2,0.9,-0.3
2013,Rajasthan Royals,OA Shah,2,25.0,23.0,2.0,0.0,0.0,0.0,0.0,-9.6,0.0,-9.6
2026,Chennai Super Kings,RD Chahar,1,0.0,0.0,0.0,24.0,46.0,0.0,6.0,0.0,-15.1,-15.1
2011,Kolkata Knight Riders,RN ten Doeschate,4,107.0,73.0,2.0,6.0,7.0,0.0,0.0,25.4,-1.0,24.4
2022,Rajasthan Royals,DJ Mitchell,2,33.0,44.0,2.0,12.0,27.0,0.0,0.0,-23.4,-14.2,-37.6
2007,Kolkata Knight Riders,Iqbal Abdulla,1,1.0,2.0,0.0,18.0,22.0,0.0,0.0,-1.1,-2.9,-4.0
2021,Mumbai Indians,Anmolpreet Singh,1,16.0,14.0,1.0,0.0,0.0,0.0,0.0,-4.4,0.0,-4.4
2017,Gujarat Lions,AD Nath,1,0.0,1.0,1.0,0.0,0.0,0.0,0.0,-7.0,0.0,-7.0
2021,Rajasthan Royals,Akash Singh,1,0.0,0.0,0.0,24.0,39.0,0.0,6.0,0.0,-13.8,-13.8
2015,Royal Challengers Bangalore,CH Gayle,14,491.0,333.0,12.0,12.0,15.0,0.0,0.0,88.8,-2.5,86.3
2009,Mumbai Indians,DJ Bravo,21,279.0,256.0,15.0,356.0,487.0,15.0,68.0,-45.7,-43.5,-89.2
2017,Kings XI Punjab,GJ Maxwell,14,310.0,179.0,10.0,114.0,125.0,7.0,18.0,68.2,38.1,106.3
2023,Rajasthan Royals,Sandeep Sharma,12,2.0,6.0,0.0,276.0,396.0,10.0,90.0,-4.8,-2.8,-7.6
2014,Royal Challengers Bangalore,V Kohli,14,359.0,294.0,13.0,0.0,0.0,0.0,0.0,-14.3,0.0,-14.3
2018,Sunrisers Hyderabad,AD Hales,6,148.0,118.0,6.0,0.0,0.0,0.0,0.0,-15.9,0.0,-15.9
2022,Delhi Capitals,RR Pant,13,340.0,224.0,11.0,0.0,0.0,0.0,0.0,43.7,0.0,43.7
2009,Delhi Daredevils,G Gambhir,25,563.0,495.0,21.0,0.0,0.0,0.0,0.0,-14.1,0.0,-14.1
2016,Sunrisers Hyderabad,DJ Hooda,16,144.0,121.0,11.0,78.0,97.0,3.0,0.0,-49.9,4.3,-45.6
2024,Punjab Kings,K Rabada,11,20.0,14.0,1.0,252.0,372.0,11.0,48.0,-3.9,15.2,11.4
2024,Lucknow Super Giants,KH Pandya,14,133.0,105.0,4.0,198.0,255.0,6.0,18.0,-17.8,22.0,4.2
2019,Royal Challengers Bangalore,YS Chahal,14,6.0,16.0,2.0,296.0,386.0,18.0,48.0,-22.5,44.4,21.9
2013,Sunrisers Hyderabad,PA Patel,13,294.0,255.0,12.0,0.0,0.0,0.0,0.0,-0.9,0.0,-0.9
2018,Kings XI Punjab,MA Agarwal,11,120.0,94.0,10.0,0.0,0.0,0.0,0.0,-40.0,0.0,-40.0
2024,Lucknow Super Giants,N Pooran,14,499.0,280.0,8.0,0.0,0.0,0.0,0.0,115.4,0.0,115.4
2025,Gujarat Titans,M Prasidh Krishna,15,0.0,0.0,0.0,354.0,488.0,25.0,108.0,0.0,115.9,115.9
2024,Rajasthan Royals,N Burger,5,0.0,0.0,0.0,102.0,145.0,7.0,18.0,0.0,27.9,27.9
2009,Chennai Super Kings,DE Bollinger,8,18.0,17.0,0.0,186.0,207.0,12.0,72.0,1.0,58.3,59.3
2019,Delhi Capitals,I Sharma,13,10.0,3.0,0.0,276.0,349.0,13.0,42.0,6.7,39.0,45.8
2017,Gujarat Lions,AJ Finch,13,299.0,180.0,12.0,0.0,0.0,0.0,0.0,42.3,0.0,42.3
2025,Sunrisers Hyderabad,JD Unadkat,7,0.0,0.0,0.0,143.0,175.0,11.0,23.0,0.0,76.8,76.8
2011,Delhi Daredevils,AB McDonald,1,8.0,7.0,1.0,12.0,23.0,0.0,0.0,-4.7,-11.5,-16.2
2017,Rising Pune Supergiant,SN Thakur,12,0.0,3.0,3.0,229.0,315.0,11.0,37.0,-21.1,-0.2,-21.3
2017,Sunrisers Hyderabad,DA Warner,14,641.0,452.0,11.0,0.0,0.0,0.0,0.0,106.7,0.0,106.7
2020,Mumbai Indians,Ishan Kishan,13,516.0,354.0,9.0,0.0,0.0,0.0,0.0,99.3,0.0,99.3
2021,Rajasthan Royals,LS Livingstone,5,42.0,41.0,5.0,0.0,0.0,0.0,0.0,-27.4,0.0,-27.4
2014,Rajasthan Royals,SR Watson,13,240.0,196.0,12.0,126.0,165.0,7.0,30.0,-29.1,11.4,-17.7
2019,Sunrisers Hyderabad,B Kumar,15,12.0,19.0,3.0,354.0,461.0,13.0,144.0,-26.6,20.2,-6.5
2007,Rajasthan Royals,MM Patel,15,0.0,1.0,0.0,330.0,420.0,14.0,60.0,-1.1,13.8,12.8
2011,Delhi Daredevils,Y Nagar,10,111.0,100.0,7.0,30.0,67.0,1.0,0.0,-26.4,-31.1,-57.4
2018,Royal Challengers Bangalore,V Kohli,14,530.0,381.0,11.0,0.0,0.0,0.0,0.0,53.1,0.0,53.1
2011,Deccan Chargers,CL White,6,104.0,109.0,4.0,0.0,0.0,0.0,0.0,-23.8,0.0,-23.8
2013,Kolkata Knight Riders,SP Narine,16,21.0,19.0,3.0,384.0,350.0,22.0,150.0,-16.4,166.9,150.5
2021,Rajasthan Royals,DA Miller,8,124.0,113.0,5.0,0.0,0.0,0.0,0.0,-15.1,0.0,-15.1
2023,Chennai Super Kings,S Dube,14,418.0,264.0,11.0,0.0,0.0,0.0,0.0,64.2,0.0,64.2
2026,Sunrisers Hyderabad,H Klaasen,15,624.0,390.0,13.0,0.0,0.0,0.0,0.0,68.0,0.0,68.0
2013,Mumbai Indians,SL Malinga,17,9.0,18.0,3.0,392.0,468.0,20.0,158.0,-27.4,44.7,17.3
2016,Gujarat Lions,DS Kulkarni,14,27.0,16.0,2.0,294.0,364.0,18.0,60.0,-2.6,66.2,63.6
2025,Mumbai Indians,JJ Bumrah,12,0.0,1.0,0.0,284.0,316.0,18.0,98.0,-1.2,160.5,159.2
2007,Kings XI Punjab,VRV Singh,13,4.0,3.0,1.0,288.0,420.0,11.0,90.0,-5.2,-40.9,-46.0
2018,Kolkata Knight Riders,RK Singh,4,29.0,31.0,4.0,0.0,0.0,0.0,0.0,-27.2,0.0,-27.2
2023,Punjab Kings,P Simran Singh,14,358.0,238.0,14.0,0.0,0.0,0.0,0.0,8.1,0.0,8.1
2009,Chennai Super Kings,L Balaji,20,22.0,30.0,4.0,364.0,523.0,20.0,130.0,-31.5,-33.2,-64.8
2019,Kings XI Punjab,M Ashwin,10,3.0,5.0,1.0,204.0,255.0,5.0,12.0,-8.4,-8.7,-17.1
2014,Rajasthan Royals,KK Nair,11,330.0,232.0,10.0,0.0,0.0,0.0,0.0,41.5,0.0,41.5
2025,Gujarat Titans,JC Buttler,13,538.0,330.0,9.0,0.0,0.0,0.0,0.0,87.1,0.0,87.1
2025,Mumbai Indians,Tilak Varma,13,343.0,248.0,10.0,0.0,0.0,0.0,0.0,-13.8,0.0,-13.8
2022,Gujarat Titans,WP Saha,11,317.0,259.0,9.0,0.0,0.0,0.0,0.0,5.3,0.0,5.3
2022,Gujarat Titans,MS Wade,10,157.0,138.0,9.0,0.0,0.0,0.0,0.0,-33.2,0.0,-33.2
2026,Rajasthan Royals,Brijesh Sharma,13,2.0,4.0,0.0,273.0,450.0,14.0,93.0,-3.0,-2.6,-5.6
2009,Deccan Chargers,MR Marsh,3,28.0,30.0,2.0,60.0,88.0,2.0,18.0,-11.9,-15.2,-27.2
2024,Royal Challengers Bengaluru,MK Lomror,10,125.0,68.0,8.0,6.0,18.0,0.0,0.0,-6.0,-10.9,-17.0
2012,Mumbai Indians,SR Tendulkar,13,324.0,283.0,12.0,0.0,0.0,0.0,0.0,-12.0,0.0,-12.0
2017,Royal Challengers Bangalore,S Badree,7,13.0,23.0,5.0,150.0,188.0,9.0,6.0,-40.4,29.2,-11.3
2017,Kolkata Knight Riders,SP Jackson,3,38.0,31.0,2.0,0.0,0.0,0.0,0.0,-6.0,0.0,-6.0
2021,Rajasthan Royals,R Parag,10,93.0,83.0,8.0,37.0,73.0,1.0,1.0,-33.9,-30.6,-64.5
2012,Mumbai Indians,JEC Franklin,12,220.0,223.0,9.0,90.0,121.0,6.0,6.0,-44.4,4.3,-40.1
2014,Kolkata Knight Riders,MK Pandey,16,401.0,340.0,13.0,0.0,0.0,0.0,0.0,-16.7,0.0,-16.7
2009,Royal Challengers Bangalore,B Akhil,7,17.0,15.0,2.0,72.0,86.0,4.0,24.0,-9.2,10.2,1.0
2019,Royal Challengers Bangalore,Mohammed Siraj,9,4.0,14.0,1.0,169.0,269.0,7.0,73.0,-17.2,-37.2,-54.4
2016,Royal Challengers Bangalore,AB de Villiers,16,687.0,407.0,13.0,0.0,0.0,0.0,0.0,188.8,0.0,188.8
2018,Mumbai Indians,Ishan Kishan,12,275.0,184.0,12.0,0.0,0.0,0.0,0.0,8.6,0.0,8.6
2007,Kings XI Punjab,DPMD Jayawardene,12,179.0,131.0,7.0,0.0,0.0,0.0,0.0,5.2,0.0,5.2
2025,Mumbai Indians,TA Boult,16,2.0,3.0,1.0,346.0,517.0,22.0,94.0,-7.6,69.2,61.6
2017,Royal Challengers Bangalore,S Aravind,10,32.0,40.0,3.0,183.0,275.0,5.0,51.0,-26.8,-43.6,-70.4
2018,Mumbai Indians,M Markande,14,21.0,24.0,2.0,264.0,368.0,15.0,42.0,-18.2,11.4,-6.8
2024,Punjab Kings,Ashutosh Sharma,9,189.0,113.0,7.0,0.0,0.0,0.0,0.0,9.4,0.0,9.4
2011,Royal Challengers Bangalore,M Kaif,4,41.0,33.0,3.0,0.0,0.0,0.0,0.0,-8.5,0.0,-8.5
2016,Kings XI Punjab,GJ Maxwell,11,179.0,124.0,9.0,54.0,80.0,0.0,0.0,-4.6,-22.3,-26.9
2022,Chennai Super Kings,Mukesh Choudhary,13,6.0,6.0,0.0,273.0,424.0,16.0,39.0,-0.4,-35.1,-35.5
2026,Mumbai Indians,SN Thakur,8,24.0,30.0,2.0,132.0,270.0,12.0,36.0,-24.9,-24.5,-49.4
2021,Chennai Super Kings,AT Rayudu,13,257.0,170.0,9.0,0.0,0.0,0.0,0.0,41.4,0.0,41.4
2024,Kolkata Knight Riders,A Raghuvanshi,7,163.0,105.0,7.0,0.0,0.0,0.0,0.0,-2.5,0.0,-2.5
2007,Royal Challengers Bangalore,R Dravid,14,371.0,298.0,13.0,0.0,0.0,0.0,0.0,-4.9,0.0,-4.9
2014,Mumbai Indians,CJ Anderson,12,265.0,181.0,9.0,108.0,184.0,4.0,18.0,28.0,-45.9,-17.9
2016,Mumbai Indians,TG Southee,11,30.0,19.0,3.0,258.0,329.0,9.0,36.0,-8.8,5.2,-3.6
2024,Mumbai Indians,R Shepherd,6,57.0,21.0,2.0,72.0,159.0,1.0,18.0,18.2,-62.7,-44.5
2007,Delhi Daredevils,GD McGrath,14,4.0,5.0,1.0,324.0,357.0,12.0,78.0,-7.3,57.6,50.4
2017,Royal Challengers Bangalore,Sachin Baby,3,15.0,15.0,3.0,0.0,0.0,0.0,0.0,-18.3,0.0,-18.3
2015,Kolkata Knight Riders,SP Narine,8,0.0,1.0,0.0,192.0,234.0,7.0,60.0,-1.2,19.8,18.6
2009,Kings XI Punjab,YA Abdulla,11,0.0,1.0,0.0,209.0,307.0,15.0,59.0,-1.0,-5.9,-6.9
2025,Chennai Super Kings,A Mhatre,7,240.0,127.0,7.0,0.0,0.0,0.0,0.0,39.2,0.0,39.2
2009,Kolkata Knight Riders,SC Ganguly,26,682.0,626.0,24.0,96.0,140.0,2.0,0.0,-30.4,-37.1,-67.5
2025,Lucknow Super Giants,Avesh Khan,13,21.0,12.0,1.0,284.0,487.0,13.0,111.0,0.4,-40.0,-39.5
2024,Gujarat Titans,Noor Ahmad,10,5.0,9.0,2.0,209.0,290.0,8.0,6.0,-18.5,6.7,-11.8
2017,Kolkata Knight Riders,IR Jaggi,2,33.0,39.0,1.0,0.0,0.0,0.0,0.0,-13.0,0.0,-13.0
2023,Delhi Capitals,PD Salt,9,218.0,133.0,8.0,0.0,0.0,0.0,0.0,21.9,0.0,21.9
2011,Kings XI Punjab,KD Karthik,13,282.0,220.0,11.0,0.0,0.0,0.0,0.0,7.8,0.0,7.8
2012,Kings XI Punjab,DA Miller,6,98.0,75.0,2.0,0.0,0.0,0.0,0.0,12.6,0.0,12.6
2017,Mumbai Indians,KA Pollard,16,385.0,276.0,13.0,11.0,30.0,0.0,5.0,26.2,-18.1,8.1
2016,Kings XI Punjab,WP Saha,12,270.0,212.0,11.0,0.0,0.0,0.0,0.0,-16.4,0.0,-16.4
2021,Sunrisers Hyderabad,Mohammad Nabi,3,34.0,20.0,3.0,48.0,86.0,2.0,6.0,-2.9,-24.7,-27.6
2021,Kolkata Knight Riders,VR Iyer,10,370.0,288.0,9.0,51.0,69.0,3.0,21.0,31.2,0.9,32.1
2014,Mumbai Indians,Z Khan,6,8.0,7.0,1.0,134.0,146.0,5.0,32.0,-5.8,26.5,20.7
2011,Delhi Daredevils,IK Pathan,13,150.0,138.0,7.0,275.0,344.0,11.0,59.0,-23.9,-12.2,-36.0
2012,Pune Warriors,AD Mathews,9,127.0,108.0,6.0,156.0,192.0,7.0,24.0,-13.9,6.5,-7.4
2026,Kolkata Knight Riders,SP Narine,13,40.0,32.0,3.0,306.0,339.0,15.0,54.0,-19.1,152.7,133.6
2026,Delhi Capitals,PVD Chameera,1,0.0,3.0,0.0,12.0,18.0,0.0,0.0,-3.7,-1.2,-5.0
2022,Sunrisers Hyderabad,KS Williamson,13,216.0,231.0,10.0,0.0,0.0,0.0,0.0,-74.1,0.0,-74.1
2025,Punjab Kings,YS Chahal,13,0.0,0.0,0.0,270.0,430.0,16.0,30.0,0.0,0.6,0.6
2012,Rajasthan Royals,KK Cooper,6,38.0,20.0,2.0,144.0,174.0,10.0,66.0,5.7,35.1,40.8
2023,Lucknow Super Giants,Avesh Khan,9,0.0,1.0,0.0,174.0,283.0,8.0,72.0,-1.1,-24.3,-25.5
2023,Rajasthan Royals,R Parag,7,78.0,66.0,6.0,0.0,0.0,0.0,0.0,-30.4,0.0,-30.4
2017,Gujarat Lions,Ankit Soni,6,7.0,9.0,2.0,109.0,144.0,2.0,1.0,-14.2,-17.2,-31.4
2021,Sunrisers Hyderabad,Abdul Samad,10,111.0,87.0,9.0,6.0,9.0,1.0,0.0,-25.8,2.9,-22.9
2023,Chennai Super Kings,MM Ali,13,124.0,91.0,7.0,156.0,195.0,9.0,6.0,-18.2,34.8,16.6
2019,Chennai Super Kings,SK Raina,17,383.0,314.0,16.0,6.0,6.0,0.0,0.0,-39.7,0.3,-39.4
2011,Mumbai Indians,SR Tendulkar,16,553.0,488.0,13.0,0.0,0.0,0.0,0.0,29.9,0.0,29.9
2019,Delhi Capitals,S Lamichhane,6,0.0,1.0,1.0,138.0,210.0,8.0,18.0,-7.1,-11.3,-18.3
2023,Sunrisers Hyderabad,Umran Malik,8,19.0,8.0,0.0,120.0,217.0,5.0,24.0,9.9,-49.0,-39.2
2016,Rising Pune Supergiants,SM Boland,2,0.0,0.0,0.0,42.0,54.0,2.0,18.0,0.0,5.6,5.6
2012,Rajasthan Royals,STR Binny,8,90.0,67.0,4.0,60.0,78.0,3.0,24.0,1.8,1.8,3.6
2023,Lucknow Super Giants,Mohsin Khan,4,0.0,7.0,1.0,60.0,107.0,3.0,24.0,-14.0,-16.5,-30.5
2026,Kolkata Knight Riders,AM Rahane,14,335.0,248.0,12.0,0.0,0.0,0.0,0.0,-55.3,0.0,-55.3
2011,Kochi Tuskers Kerala,DPMD Jayawardene,13,299.0,257.0,11.0,0.0,0.0,0.0,0.0,-2.7,0.0,-2.7
2013,Delhi Daredevils,S Kaul,6,7.0,9.0,0.0,131.0,170.0,4.0,35.0,-2.2,-18.4,-20.6
2022,Kolkata Knight Riders,Shivam Mavi,6,3.0,7.0,2.0,132.0,227.0,5.0,54.0,-16.4,-46.6,-63.0
2025,Lucknow Super Giants,W O'Rourke,3,0.0,0.0,0.0,62.0,132.0,6.0,14.0,0.0,-15.8,-15.8
2020,Kings XI Punjab,KK Nair,3,16.0,14.0,2.0,0.0,0.0,0.0,0.0,-11.2,0.0,-11.2
2017,Delhi Daredevils,SV Samson,14,386.0,273.0,13.0,0.0,0.0,0.0,0.0,24.3,0.0,24.3
2019,Rajasthan Royals,BA Stokes,9,123.0,99.0,6.0,101.0,189.0,6.0,36.0,-16.8,-41.0,-57.9
2007,Delhi Daredevils,MK Tiwary,7,104.0,85.0,3.0,0.0,0.0,0.0,0.0,0.8,0.0,0.8
2011,Delhi Daredevils,V Sehwag,11,424.0,240.0,9.0,0.0,0.0,0.0,0.0,153.3,0.0,153.3
2022,Mumbai Indians,SA Yadav,8,303.0,208.0,7.0,0.0,0.0,0.0,0.0,44.9,0.0,44.9
2022,Mumbai Indians,TS Mills,5,0.0,3.0,1.0,102.0,190.0,6.0,24.0,-9.5,-41.4,-50.8
2019,Chennai Super Kings,SC Kuggeleijn,2,0.0,0.0,0.0,48.0,71.0,2.0,24.0,0.0,-5.1,-5.1
2012,Kings XI Punjab,AM Nayar,4,45.0,49.0,2.0,6.0,16.0,0.0,0.0,-13.6,-10.1,-23.7
2015,Sunrisers Hyderabad,NV Ojha,11,137.0,121.0,9.0,0.0,0.0,0.0,0.0,-42.5,0.0,-42.5
2007,Delhi Daredevils,R Bhatia,9,34.0,28.0,2.0,132.0,183.0,6.0,24.0,-6.9,-4.2,-11.1
2015,Mumbai Indians,AJ Finch,3,23.0,33.0,3.0,0.0,0.0,0.0,0.0,-27.1,0.0,-27.1
2021,Punjab Kings,Mandeep Singh,1,15.0,14.0,1.0,0.0,0.0,0.0,0.0,-5.4,0.0,-5.4
2011,Kings XI Punjab,Bipul Sharma,4,23.0,18.0,1.0,72.0,78.0,4.0,6.0,-0.3,16.5,16.2
2026,Punjab Kings,SS Iyer,13,498.0,295.0,9.0,0.0,0.0,0.0,0.0,79.7,0.0,79.7
2007,Rajasthan Royals,Kamran Akmal,6,128.0,78.0,4.0,0.0,0.0,0.0,0.0,27.5,0.0,27.5
2020,Royal Challengers Bangalore,A Zampa,3,0.0,0.0,0.0,66.0,92.0,2.0,6.0,0.0,-9.4,-9.4
2012,Rajasthan Royals,GB Hogg,9,15.0,16.0,2.0,216.0,253.0,10.0,30.0,-13.2,23.3,10.1
2025,Delhi Capitals,D Ferreira,1,1.0,3.0,1.0,0.0,0.0,0.0,0.0,-8.6,0.0,-8.6
2023,Punjab Kings,SM Curran,14,276.0,203.0,10.0,287.0,489.0,10.0,101.0,-7.1,-84.6,-91.7
2019,Kings XI Punjab,Arshdeep Singh,3,0.0,0.0,0.0,60.0,109.0,3.0,12.0,0.0,-23.4,-23.4
2017,Kolkata Knight Riders,CR Woakes,13,46.0,47.0,3.0,264.0,386.0,17.0,84.0,-20.0,3.2,-16.7
2011,Kochi Tuskers Kerala,OA Shah,2,26.0,15.0,1.0,0.0,0.0,0.0,0.0,5.6,0.0,5.6
2011,Rajasthan Royals,Pankaj Singh,1,0.0,0.0,0.0,12.0,23.0,0.0,6.0,0.0,-11.1,-11.1
2016,Mumbai Indians,MJ Guptill,3,57.0,55.0,3.0,0.0,0.0,0.0,0.0,-16.5,0.0,-16.5
2021,Rajasthan Royals,S Gopal,3,7.0,5.0,1.0,42.0,84.0,0.0,0.0,-3.8,-41.1,-45.0
2023,Sunrisers Hyderabad,Mayank Dagar,3,0.0,0.0,0.0,66.0,83.0,1.0,12.0,0.0,-1.1,-1.1
2012,Deccan Chargers,DT Christian,7,145.0,118.0,5.0,162.0,233.0,8.0,54.0,0.8,-19.7,-18.9
2017,Gujarat Lions,MS Gony,1,0.0,0.0,0.0,12.0,32.0,0.0,0.0,0.0,-19.0,-19.0
2024,Delhi Capitals,Kuldeep Yadav,11,47.0,41.0,2.0,258.0,372.0,16.0,48.0,-16.4,39.8,23.4
2018,Chennai Super Kings,Imran Tahir,6,2.0,2.0,0.0,124.0,188.0,6.0,16.0,-0.3,-16.2,-16.5
2023,Royal Challengers Bangalore,PWH de Silva,8,33.0,28.0,2.0,174.0,258.0,9.0,12.0,-10.9,-5.8,-16.8
2019,Kings XI Punjab,SN Khan,5,180.0,143.0,4.0,2.0,6.0,0.0,2.0,7.4,-3.6,3.8
2020,Royal Challengers Bangalore,I Udana,10,15.0,11.0,3.0,174.0,282.0,8.0,60.0,-15.7,-40.0,-55.7
2026,Delhi Capitals,V Nigam,5,15.0,10.0,1.0,54.0,113.0,2.0,0.0,-3.4,-31.9,-35.3
2018,Kolkata Knight Riders,R Vinay Kumar,2,6.0,3.0,0.0,23.0,65.0,2.0,11.0,2.6,-25.6,-23.0
2018,Sunrisers Hyderabad,SP Goswami,3,52.0,40.0,3.0,0.0,0.0,0.0,0.0,-9.7,0.0,-9.7
2024,Chennai Super Kings,MM Ali,7,128.0,98.0,5.0,48.0,71.0,2.0,12.0,-16.6,0.3,-16.3
2021,Royal Challengers Bangalore,Sachin Baby,1,7.0,17.0,1.0,0.0,0.0,0.0,0.0,-14.9,0.0,-14.9
2021,Royal Challengers Bangalore,Shahbaz Ahmed,8,59.0,53.0,7.0,84.0,92.0,7.0,18.0,-34.4,35.7,1.3
2024,Delhi Capitals,Gulbadin Naib,2,19.0,15.0,1.0,6.0,12.0,0.0,0.0,-5.4,-4.9,-10.3
2015,Royal Challengers Bangalore,AN Ahmed,3,10.0,5.0,1.0,72.0,128.0,1.0,24.0,-1.8,-42.5,-44.3
2020,Kings XI Punjab,P Simran Singh,2,15.0,15.0,2.0,0.0,0.0,0.0,0.0,-13.1,0.0,-13.1
2011,Pune Warriors,RV Uthappa,13,264.0,209.0,10.0,0.0,0.0,0.0,0.0,7.7,0.0,7.7
2017,Delhi Daredevils,J Yadav,2,0.0,0.0,0.0,36.0,42.0,0.0,0.0,0.0,-2.6,-2.6
2020,Rajasthan Royals,MK Lomror,3,59.0,54.0,3.0,0.0,0.0,0.0,0.0,-14.2,0.0,-14.2
2009,Kolkata Knight Riders,SB Bangar,1,2.0,9.0,1.0,0.0,0.0,0.0,0.0,-12.0,0.0,-12.0
2013,Pune Warriors,K Upadhyay,2,1.0,1.0,0.0,30.0,48.0,0.0,0.0,-0.0,-20.6,-20.7
2020,Kings XI Punjab,SN Khan,3,33.0,29.0,2.0,0.0,0.0,0.0,0.0,-10.8,0.0,-10.8
2026,Punjab Kings,Azmatullah Omarzai,3,52.0,27.0,2.0,66.0,103.0,3.0,18.0,6.6,4.1,10.7
2012,Kings XI Punjab,AD Mascarenhas,4,14.0,16.0,3.0,96.0,105.0,7.0,24.0,-20.0,34.0,14.0
2024,Gujarat Titans,J Little,1,0.0,0.0,0.0,24.0,45.0,4.0,0.0,0.0,8.6,8.6
2015,Kolkata Knight Riders,Azhar Mahmood,1,6.0,7.0,1.0,18.0,41.0,0.0,6.0,-8.1,-21.1,-29.2
2025,Royal Challengers Bengaluru,JG Bethell,2,67.0,39.0,2.0,0.0,0.0,0.0,0.0,6.2,0.0,6.2
2024,Mumbai Indians,L Wood,2,9.0,3.0,0.0,36.0,93.0,1.0,12.0,5.2,-40.5,-35.4
2022,Sunrisers Hyderabad,R Shepherd,3,58.0,41.0,2.0,54.0,98.0,3.0,12.0,1.2,-20.4,-19.2
2022,Gujarat Titans,PJ Sangwan,3,2.0,5.0,1.0,54.0,65.0,3.0,0.0,-9.8,9.8,0.0
2023,Punjab Kings,Gurnoor Brar,1,0.0,0.0,0.0,18.0,42.0,0.0,0.0,0.0,-21.0,-21.0
2022,Chennai Super Kings,AF Milne,1,0.0,0.0,0.0,15.0,19.0,0.0,3.0,0.0,-2.8,-2.8
2024,Gujarat Titans,MJ Suthar,1,1.0,2.0,1.0,12.0,26.0,0.0,0.0,-7.6,-10.5,-18.1
2026,Sunrisers Hyderabad,Salil Arora,1,35.0,21.0,1.0,0.0,0.0,0.0,0.0,3.6,0.0,3.6
2025,Punjab Kings,Yash Thakur,2,0.0,0.0,0.0,39.0,79.0,1.0,15.0,0.0,-21.6,-21.6
2024,Lucknow Super Giants,S Joseph,1,0.0,0.0,0.0,24.0,47.0,0.0,0.0,0.0,-17.4,-17.4
2013,Kolkata Knight Riders,S Narwal,2,23.0,15.0,1.0,12.0,17.0,0.0,0.0,1.7,-6.1,-4.5
2015,Rajasthan Royals,J Theron,1,1.0,1.0,0.0,24.0,40.0,1.0,12.0,-0.2,-6.7,-6.8
2017,Delhi Daredevils,AD Mathews,2,32.0,27.0,2.0,30.0,56.0,0.0,12.0,-7.6,-23.8,-31.4
2019,Royal Challengers Bangalore,P Ray Barman,1,19.0,24.0,1.0,24.0,56.0,0.0,6.0,-11.4,-30.0,-41.4
2014,Rajasthan Royals,VS Malik,1,1.0,2.0,0.0,18.0,29.0,1.0,0.0,-1.2,-4.6,-5.8
2018,Delhi Daredevils,CJ Dala,1,0.0,0.0,0.0,18.0,34.0,0.0,0.0,0.0,-14.2,-14.2
2014,Kolkata Knight Riders,R Vinay Kumar,9,4.0,6.0,2.0,192.0,281.0,7.0,60.0,-14.7,-30.8,-45.5
2007,Kolkata Knight Riders,Mohammad Hafeez,8,64.0,83.0,7.0,60.0,68.0,2.0,0.0,-59.3,7.8,-51.5
2026,Kolkata Knight Riders,FH Allen,11,349.0,163.0,10.0,0.0,0.0,0.0,0.0,78.6,0.0,78.6
2014,Kolkata Knight Riders,Shakib Al Hasan,13,227.0,152.0,7.0,300.0,334.0,11.0,36.0,24.0,49.2,73.2
2013,Chennai Super Kings,MM Sharma,15,0.0,5.0,1.0,304.0,326.0,20.0,16.0,-10.8,75.1,64.4
2018,Kolkata Knight Riders,PP Chawla,15,27.0,34.0,4.0,294.0,412.0,14.0,42.0,-34.0,4.5,-29.5
2018,Mumbai Indians,KH Pandya,14,228.0,157.0,9.0,241.0,284.0,12.0,31.0,4.3,57.0,61.3
2021,Royal Challengers Bangalore,DT Christian,9,14.0,24.0,4.0,100.0,155.0,4.0,16.0,-33.3,-30.8,-64.2
2014,Mumbai Indians,BR Dunk,3,40.0,35.0,3.0,0.0,0.0,0.0,0.0,-11.2,0.0,-11.2
2016,Royal Challengers Bangalore,Sachin Baby,8,119.0,79.0,4.0,10.0,8.0,2.0,4.0,9.8,15.3,25.2
2015,Rajasthan Royals,DS Kulkarni,11,4.0,11.0,2.0,210.0,277.0,13.0,24.0,-20.7,23.4,2.7
2018,Mumbai Indians,BCJ Cutting,9,96.0,58.0,4.0,102.0,168.0,2.0,30.0,6.4,-41.4,-35.0
2022,Kolkata Knight Riders,AD Russell,13,335.0,192.0,9.0,169.0,278.0,17.0,73.0,76.5,18.2,94.7
2012,Pune Warriors,SC Ganguly,15,268.0,271.0,14.0,60.0,95.0,2.0,12.0,-69.6,-22.5,-92.1
2025,Rajasthan Royals,TU Deshpande,10,7.0,8.0,1.0,192.0,340.0,9.0,54.0,-8.7,-37.6,-46.3
2011,Royal Challengers Bangalore,CK Langeveldt,3,8.0,8.0,1.0,66.0,84.0,5.0,18.0,-5.6,10.3,4.7
2015,Kings XI Punjab,M Vohra,7,82.0,81.0,7.0,0.0,0.0,0.0,0.0,-39.2,0.0,-39.2
2017,Mumbai Indians,N Rana,12,333.0,264.0,11.0,0.0,0.0,0.0,0.0,-3.7,0.0,-3.7
2020,Delhi Capitals,PP Shaw,13,228.0,167.0,13.0,0.0,0.0,0.0,0.0,-16.7,0.0,-16.7
2023,Sunrisers Hyderabad,MA Agarwal,10,270.0,210.0,10.0,0.0,0.0,0.0,0.0,-22.7,0.0,-22.7
2016,Gujarat Lions,P Kumar,16,24.0,26.0,4.0,309.0,401.0,9.0,81.0,-28.7,-5.8,-34.5
2018,Rajasthan Royals,IS Sodhi,6,1.0,6.0,1.0,138.0,135.0,5.0,6.0,-11.7,43.7,31.9
2024,Sunrisers Hyderabad,Nithish Kumar Reddy,11,303.0,212.0,9.0,79.0,153.0,3.0,25.0,1.3,-35.5,-34.2
2025,Delhi Capitals,PVD Chameera,6,10.0,14.0,0.0,102.0,198.0,4.0,36.0,-7.0,-41.2,-48.1
2016,Kolkata Knight Riders,SA Yadav,11,182.0,143.0,7.0,0.0,0.0,0.0,0.0,-7.9,0.0,-7.9
2021,Punjab Kings,CH Gayle,10,193.0,154.0,9.0,0.0,0.0,0.0,0.0,-10.8,0.0,-10.8
2023,Kolkata Knight Riders,N Jagadeesan,6,89.0,81.0,6.0,0.0,0.0,0.0,0.0,-37.5,0.0,-37.5
2013,Royal Challengers Bangalore,M Muralitharan,6,0.0,0.0,0.0,138.0,177.0,3.0,18.0,0.0,-26.3,-26.3
2016,Royal Challengers Bangalore,V Kohli,16,973.0,640.0,12.0,6.0,13.0,0.0,0.0,242.1,-6.6,235.6
2014,Chennai Super Kings,R Ashwin,16,45.0,45.0,2.0,359.0,437.0,16.0,53.0,-14.5,40.2,25.7
2018,Rajasthan Royals,BA Stokes,13,196.0,161.0,12.0,222.0,303.0,8.0,60.0,-45.2,-2.6,-47.8
2019,Kolkata Knight Riders,Kuldeep Yadav,9,12.0,8.0,1.0,198.0,286.0,4.0,36.0,-2.7,-49.4,-52.1
2023,Kolkata Knight Riders,Harshit Rana,6,0.0,1.0,1.0,102.0,147.0,5.0,6.0,-7.1,4.2,-3.0
2013,Pune Warriors,MK Pandey,7,136.0,137.0,6.0,0.0,0.0,0.0,0.0,-25.2,0.0,-25.2
2026,Royal Challengers Bengaluru,JM Sharma,12,116.0,95.0,9.0,0.0,0.0,0.0,0.0,-54.4,0.0,-54.4
2011,Kings XI Punjab,PC Valthaty,14,463.0,338.0,13.0,145.0,189.0,7.0,19.0,81.8,-1.2,80.6
2012,Rajasthan Royals,A Chandila,4,0.0,1.0,0.0,84.0,86.0,5.0,0.0,-1.0,26.4,25.4
2021,Punjab Kings,Mohammed Shami,14,13.0,17.0,1.0,316.0,395.0,19.0,100.0,-9.5,53.7,44.2
2018,Rajasthan Royals,SV Samson,15,441.0,320.0,14.0,0.0,0.0,0.0,0.0,17.8,0.0,17.8
2024,Mumbai Indians,Ishan Kishan,14,320.0,215.0,14.0,0.0,0.0,0.0,0.0,-22.2,0.0,-22.2
2019,Kolkata Knight Riders,LH Ferguson,5,0.0,0.0,0.0,102.0,183.0,2.0,42.0,0.0,-55.5,-55.5
2022,Kolkata Knight Riders,SS Iyer,14,401.0,298.0,13.0,6.0,7.0,0.0,6.0,23.9,0.6,24.5
2009,Kolkata Knight Riders,I Sharma,18,22.0,30.0,3.0,408.0,533.0,18.0,102.0,-25.4,-11.1,-36.5
2018,Sunrisers Hyderabad,S Kaul,17,3.0,14.0,2.0,396.0,547.0,21.0,168.0,-24.9,38.3,13.3
2022,Royal Challengers Bangalore,Shahbaz Ahmed,16,219.0,181.0,7.0,210.0,336.0,4.0,0.0,-12.2,-90.1,-102.3
2016,Mumbai Indians,RG Sharma,14,489.0,368.0,11.0,0.0,0.0,0.0,0.0,47.2,0.0,47.2
2017,Royal Challengers Bangalore,V Kohli,10,308.0,252.0,10.0,0.0,0.0,0.0,0.0,-13.4,0.0,-13.4
2018,Kings XI Punjab,KK Nair,12,301.0,221.0,12.0,0.0,0.0,0.0,0.0,-5.0,0.0,-5.0
2020,Rajasthan Royals,SPD Smith,14,311.0,237.0,11.0,0.0,0.0,0.0,0.0,0.5,0.0,0.5
2012,Deccan Chargers,DW Steyn,12,19.0,21.0,5.0,280.0,285.0,18.0,94.0,-32.1,108.3,76.2
2012,Rajasthan Royals,A Singh,9,0.0,3.0,1.0,197.0,310.0,10.0,83.0,-9.0,-47.5,-56.5
2018,Chennai Super Kings,DL Chahar,12,50.0,29.0,3.0,229.0,278.0,10.0,0.0,1.6,43.2,44.8
2023,Sunrisers Hyderabad,HC Brook,11,190.0,154.0,9.0,0.0,0.0,0.0,0.0,-36.1,0.0,-36.1
2007,Chennai Super Kings,SP Fleming,10,196.0,165.0,9.0,0.0,0.0,0.0,0.0,-16.6,0.0,-16.6
2020,Rajasthan Royals,TK Curran,5,83.0,62.0,1.0,109.0,208.0,3.0,61.0,10.9,-64.0,-53.0
2009,Rajasthan Royals,AA Jhunjhunwala,12,183.0,166.0,8.0,37.0,69.0,0.0,1.0,-16.9,-33.4,-50.3
2009,Deccan Chargers,R Sharma,6,29.0,26.0,3.0,124.0,167.0,5.0,22.0,-15.0,-16.3,-31.3
2021,Kolkata Knight Riders,PJ Cummins,7,93.0,56.0,3.0,161.0,237.0,9.0,47.0,21.2,-15.9,5.3
2014,Rajasthan Royals,BJ Hodge,4,101.0,72.0,3.0,0.0,0.0,0.0,0.0,5.1,0.0,5.1
2023,Rajasthan Royals,SV Samson,14,362.0,236.0,11.0,0.0,0.0,0.0,0.0,38.3,0.0,38.3
2007,Royal Challengers Bangalore,S Chanderpaul,3,25.0,31.0,3.0,0.0,0.0,0.0,0.0,-22.2,0.0,-22.2
2024,Chennai Super Kings,DL Chahar,8,0.0,0.0,0.0,141.0,202.0,5.0,1.0,0.0,8.0,8.0
2016,Kings XI Punjab,M Vijay,14,453.0,364.0,12.0,6.0,8.0,0.0,0.0,12.5,-1.6,10.9
2015,Mumbai Indians,Harbhajan Singh,15,117.0,73.0,7.0,342.0,446.0,18.0,0.0,-4.3,18.7,14.4
2024,Chennai Super Kings,RA Jadeja,14,267.0,187.0,6.0,282.0,369.0,8.0,6.0,6.6,13.2,19.8
2018,Kings XI Punjab,AR Patel,9,80.0,69.0,6.0,156.0,218.0,3.0,12.0,-28.9,-28.6,-57.5
2026,Kolkata Knight Riders,T Dahiya,2,12.0,15.0,2.0,0.0,0.0,0.0,0.0,-18.6,0.0,-18.6
2022,Delhi Capitals,R Powell,12,250.0,167.0,10.0,6.0,17.0,0.0,0.0,11.9,-10.6,1.3
2007,Kings XI Punjab,IK Pathan,14,131.0,116.0,5.0,318.0,350.0,15.0,78.0,-18.2,78.9,60.7
2009,Royal Challengers Bangalore,S Sriram,1,27.0,29.0,1.0,12.0,24.0,0.0,0.0,-5.0,-12.7,-17.7
2024,Royal Challengers Bengaluru,RM Patidar,13,395.0,223.0,13.0,0.0,0.0,0.0,0.0,59.7,0.0,59.7
2012,Mumbai Indians,KD Karthik,14,238.0,213.0,13.0,0.0,0.0,0.0,0.0,-41.2,0.0,-41.2
2013,Mumbai Indians,Harbhajan Singh,19,116.0,79.0,4.0,420.0,456.0,24.0,36.0,12.5,87.5,100.1
2017,Rising Pune Supergiant,BA Stokes,12,316.0,221.0,10.0,264.0,316.0,12.0,72.0,31.3,42.9,74.1
2011,Royal Challengers Bangalore,TM Dilshan,10,226.0,180.0,8.0,72.0,108.0,1.0,6.0,15.9,-31.5,-15.7
2026,Punjab Kings,P Simran Singh,13,510.0,302.0,12.0,0.0,0.0,0.0,0.0,52.9,0.0,52.9
2012,Kolkata Knight Riders,MK Tiwary,15,260.0,246.0,10.0,0.0,0.0,0.0,0.0,-35.6,0.0,-35.6
2012,Chennai Super Kings,MS Dhoni,17,358.0,278.0,11.0,0.0,0.0,0.0,0.0,20.4,0.0,20.4
2015,Rajasthan Royals,STR Binny,13,74.0,66.0,4.0,114.0,140.0,4.0,0.0,-21.5,2.7,-18.7
2018,Kolkata Knight Riders,Shubman Gill,11,203.0,139.0,5.0,0.0,0.0,0.0,0.0,23.7,0.0,23.7
2021,Punjab Kings,N Pooran,11,85.0,76.0,10.0,0.0,0.0,0.0,0.0,-47.1,0.0,-47.1
2017,Kings XI Punjab,Anureet Singh,1,15.0,12.0,1.0,12.0,26.0,0.0,0.0,-3.3,-13.0,-16.3
2018,Sunrisers Hyderabad,DJ Hooda,8,87.0,81.0,4.0,18.0,24.0,0.0,0.0,-26.0,-4.7,-30.7
2009,Delhi Daredevils,AB McDonald,5,68.0,56.0,1.0,102.0,160.0,5.0,24.0,7.8,-28.7,-20.8
2009,Royal Challengers Bangalore,CL White,5,48.0,33.0,2.0,6.0,19.0,0.0,0.0,4.0,-13.4,-9.4
2020,Chennai Super Kings,RA Jadeja,14,232.0,135.0,5.0,218.0,318.0,6.0,20.0,52.6,-48.8,3.8
2007,Rajasthan Royals,M Rawat,7,34.0,39.0,4.0,0.0,0.0,0.0,0.0,-30.3,0.0,-30.3
2024,Chennai Super Kings,R Ravindra,10,222.0,138.0,9.0,12.0,7.0,0.0,0.0,1.3,7.2,8.5
2026,Punjab Kings,M Jansen,12,51.0,45.0,4.0,284.0,483.0,9.0,80.0,-28.8,-48.1,-76.9
2009,Mumbai Indians,AN Ahmed,1,4.0,7.0,0.0,12.0,26.0,0.0,0.0,-3.0,-14.7,-17.7
2012,Kolkata Knight Riders,LR Shukla,9,75.0,57.0,6.0,12.0,12.0,1.0,6.0,-16.8,6.5,-10.3
2014,Delhi Daredevils,Q de Kock,7,153.0,130.0,6.0,0.0,0.0,0.0,0.0,-8.1,0.0,-8.1
2024,Kolkata Knight Riders,SS Iyer,14,351.0,239.0,9.0,0.0,0.0,0.0,0.0,16.5,0.0,16.5
2021,Sunrisers Hyderabad,B Kumar,11,34.0,30.0,1.0,252.0,335.0,6.0,90.0,-1.0,-30.7,-31.8
2015,Chennai Super Kings,DR Smith,16,399.0,335.0,14.0,12.0,17.0,1.0,0.0,-12.8,1.5,-11.3
2007,Chennai Super Kings,M Ntini,9,11.0,18.0,1.0,210.0,242.0,7.0,36.0,-13.9,20.0,6.1
2021,Punjab Kings,Harpreet Brar,7,64.0,58.0,0.0,138.0,139.0,5.0,0.0,8.0,27.1,35.1
2018,Delhi Daredevils,C Munro,5,63.0,41.0,4.0,0.0,0.0,0.0,0.0,-6.3,0.0,-6.3
2020,Delhi Capitals,S Dhawan,17,618.0,427.0,14.0,0.0,0.0,0.0,0.0,97.2,0.0,97.2
2026,Chennai Super Kings,Urvil Patel,7,129.0,64.0,7.0,0.0,0.0,0.0,0.0,4.1,0.0,4.1
2022,Mumbai Indians,K Kartikeya,4,3.0,5.0,1.0,78.0,102.0,5.0,0.0,-8.8,10.9,2.2
2011,Chennai Super Kings,M Vijay,16,434.0,339.0,16.0,0.0,0.0,0.0,0.0,34.0,0.0,34.0
2023,Sunrisers Hyderabad,M Jansen,8,39.0,43.0,3.0,162.0,267.0,10.0,6.0,-27.3,-16.6,-43.9
2018,Kings XI Punjab,MP Stoinis,7,99.0,76.0,4.0,66.0,120.0,3.0,6.0,-8.8,-29.9,-38.7
2022,Lucknow Super Giants,JO Holder,12,58.0,44.0,6.0,249.0,391.0,14.0,90.0,-25.8,-25.8,-51.6
2009,Rajasthan Royals,SR Watson,6,185.0,114.0,5.0,132.0,184.0,6.0,42.0,52.3,-13.2,39.1
2013,Pune Warriors,TL Suman,5,52.0,58.0,5.0,12.0,15.0,1.0,0.0,-28.1,2.1,-26.0
2023,Royal Challengers Bangalore,Mohammed Siraj,14,1.0,2.0,1.0,300.0,375.0,19.0,78.0,-7.3,99.4,92.2
2009,Rajasthan Royals,SA Asnodkar,10,103.0,97.0,9.0,0.0,0.0,0.0,0.0,-38.7,0.0,-38.7
2018,Kolkata Knight Riders,AD Russell,15,316.0,171.0,11.0,227.0,355.0,13.0,48.0,63.9,-19.3,44.6
2009,Deccan Chargers,WPUJC Vaas,8,60.0,55.0,5.0,180.0,210.0,13.0,30.0,-22.9,48.8,25.8
2022,Royal Challengers Bangalore,Akash Deep,5,0.0,2.0,1.0,113.0,205.0,5.0,17.0,-8.3,-52.1,-60.4
2020,Kings XI Punjab,JDS Neesham,5,19.0,18.0,2.0,90.0,148.0,2.0,12.0,-13.1,-39.2,-52.3
2020,Chennai Super Kings,SR Watson,11,299.0,247.0,10.0,0.0,0.0,0.0,0.0,-9.4,0.0,-9.4
2012,Pune Warriors,MK Pandey,9,143.0,112.0,7.0,0.0,0.0,0.0,0.0,-4.9,0.0,-4.9
2019,Kolkata Knight Riders,CA Lynn,13,405.0,290.0,13.0,0.0,0.0,0.0,0.0,19.5,0.0,19.5
2023,Chennai Super Kings,MS Dhoni,12,104.0,57.0,4.0,0.0,0.0,0.0,0.0,15.1,0.0,15.1
2024,Delhi Capitals,SD Hope,9,183.0,122.0,7.0,0.0,0.0,0.0,0.0,-4.1,0.0,-4.1
2026,Delhi Capitals,Abishek Porel,4,108.0,88.0,4.0,0.0,0.0,0.0,0.0,-28.5,0.0,-28.5
2007,Kolkata Knight Riders,M Kartik,5,30.0,27.0,3.0,88.0,127.0,3.0,10.0,-15.8,-14.4,-30.2
2018,Chennai Super Kings,DJ Willey,3,0.0,0.0,0.0,60.0,95.0,2.0,18.0,0.0,-13.8,-13.8
2009,Rajasthan Royals,RA Jadeja,13,295.0,266.0,11.0,140.0,151.0,6.0,26.0,-14.1,21.5,7.4
2016,Sunrisers Hyderabad,TA Boult,1,0.0,0.0,0.0,24.0,39.0,1.0,12.0,0.0,-5.5,-5.5
2011,Pune Warriors,SS Mundhe,1,0.0,0.0,0.0,6.0,6.0,1.0,0.0,0.0,5.6,5.6
2012,Delhi Daredevils,Y Venugopal Rao,7,132.0,126.0,5.0,12.0,26.0,0.0,0.0,-16.7,-14.2,-31.0
2014,Chennai Super Kings,SK Raina,16,523.0,359.0,12.0,108.0,134.0,1.0,18.0,89.4,-12.1,77.3
2019,Rajasthan Royals,O Thomas,4,0.0,0.0,0.0,60.0,79.0,5.0,12.0,0.0,18.2,18.2
2020,Rajasthan Royals,SV Samson,14,375.0,236.0,12.0,0.0,0.0,0.0,0.0,63.9,0.0,63.9
2018,Delhi Daredevils,S Lamichhane,3,0.0,0.0,0.0,72.0,82.0,5.0,12.0,0.0,29.0,29.0
2022,Chennai Super Kings,MJ Santner,6,22.0,27.0,2.0,114.0,130.0,4.0,0.0,-16.8,14.2,-2.6
2023,Mumbai Indians,HR Shokeen,8,23.0,17.0,1.0,114.0,187.0,3.0,0.0,-2.4,-39.6,-42.0
2009,Kings XI Punjab,VS Malik,8,6.0,5.0,1.0,115.0,160.0,3.0,7.0,-5.0,-29.2,-34.2
2012,Mumbai Indians,TL Suman,2,15.0,19.0,2.0,0.0,0.0,0.0,0.0,-14.6,0.0,-14.6
2013,Kings XI Punjab,M Vohra,10,161.0,117.0,7.0,0.0,0.0,0.0,0.0,14.7,0.0,14.7
2012,Deccan Chargers,A Ashish Reddy,9,35.0,29.0,4.0,163.0,237.0,11.0,73.0,-17.8,-2.0,-19.8
2019,Rajasthan Royals,VR Aaron,5,3.0,7.0,0.0,72.0,116.0,4.0,12.0,-4.6,-11.8,-16.4
2009,Rajasthan Royals,AP Dole,3,34.0,22.0,2.0,66.0,112.0,5.0,12.0,0.2,-16.3,-16.0
2024,Sunrisers Hyderabad,RA Tripathi,6,165.0,115.0,5.0,0.0,0.0,0.0,0.0,-1.5,0.0,-1.5
2015,Royal Challengers Bangalore,MA Starc,12,11.0,14.0,1.0,258.0,291.0,20.0,78.0,-11.2,112.1,100.9
2022,Rajasthan Royals,OC McCoy,7,8.0,5.0,0.0,155.0,237.0,11.0,59.0,2.2,5.8,8.0
2019,Delhi Capitals,RR Pant,16,488.0,300.0,13.0,0.0,0.0,0.0,0.0,98.7,0.0,98.7
2020,Delhi Capitals,R Ashwin,15,37.0,34.0,3.0,306.0,391.0,13.0,24.0,-20.2,12.8,-7.4
2026,Royal Challengers Bengaluru,TH David,15,305.0,162.0,9.0,6.0,18.0,0.0,0.0,52.3,-10.4,41.9
2007,Deccan Chargers,Shahid Afridi,10,81.0,46.0,8.0,180.0,225.0,9.0,36.0,-12.5,23.0,10.6
2015,Rajasthan Royals,TG Southee,7,13.0,9.0,0.0,168.0,247.0,6.0,54.0,2.6,-26.1,-23.5
2012,Kolkata Knight Riders,L Balaji,8,0.0,0.0,0.0,180.0,162.0,11.0,36.0,0.0,85.0,85.0
2021,Punjab Kings,DJ Hooda,12,160.0,123.0,9.0,96.0,136.0,2.0,24.0,-11.6,-26.0,-37.6
2025,Royal Challengers Bengaluru,LS Livingstone,9,112.0,84.0,7.0,54.0,76.0,2.0,12.0,-30.7,3.4,-27.3
2011,Pune Warriors,Harpreet Singh,2,14.0,20.0,1.0,0.0,0.0,0.0,0.0,-11.1,0.0,-11.1
2020,Sunrisers Hyderabad,Mohammad Nabi,1,11.0,8.0,0.0,24.0,23.0,0.0,0.0,1.7,2.3,4.0
2020,Delhi Capitals,K Rabada,17,56.0,49.0,3.0,394.0,548.0,30.0,142.0,-18.0,72.4,54.4
2021,Royal Challengers Bangalore,PWH de Silva,2,1.0,2.0,1.0,36.0,60.0,0.0,6.0,-6.9,-23.0,-29.9
2011,Pune Warriors,Yuvraj Singh,14,343.0,261.0,9.0,174.0,192.0,9.0,24.0,40.7,37.0,77.7
2023,Sunrisers Hyderabad,Washington Sundar,7,60.0,60.0,3.0,106.0,146.0,3.0,10.0,-24.6,-6.4,-31.0
2024,Gujarat Titans,SH Johnson,5,6.0,7.0,0.0,96.0,151.0,4.0,30.0,-2.9,-3.1,-6.0
2012,Chennai Super Kings,WP Saha,1,6.0,14.0,1.0,0.0,0.0,0.0,0.0,-13.1,0.0,-13.1
2022,Mumbai Indians,HR Shokeen,5,43.0,48.0,2.0,90.0,127.0,2.0,6.0,-17.5,-18.6,-36.1
2013,Kolkata Knight Riders,LR Shukla,3,3.0,12.0,2.0,18.0,22.0,1.0,0.0,-20.2,1.0,-19.2
2018,Chennai Super Kings,DR Shorey,1,8.0,9.0,1.0,0.0,0.0,0.0,0.0,-7.2,0.0,-7.2
2026,Royal Challengers Bengaluru,VR Iyer,6,209.0,112.0,4.0,0.0,0.0,0.0,0.0,43.0,0.0,43.0
2016,Delhi Daredevils,SS Iyer,6,30.0,43.0,6.0,0.0,0.0,0.0,0.0,-48.9,0.0,-48.9
2017,Rising Pune Supergiant,AB Dinda,3,7.0,7.0,1.0,60.0,119.0,1.0,24.0,-6.1,-46.1,-52.2
2012,Kings XI Punjab,RR Powar,1,0.0,0.0,0.0,18.0,32.0,0.0,0.0,0.0,-14.3,-14.3
2007,Royal Challengers Bangalore,B Akhil,7,46.0,31.0,2.0,104.0,134.0,2.0,20.0,1.7,-9.4,-7.7
2022,Punjab Kings,Harpreet Brar,5,22.0,25.0,3.0,96.0,146.0,4.0,6.0,-22.0,-19.0,-41.1
2025,Mumbai Indians,Naman Dhir,12,252.0,138.0,8.0,24.0,21.0,0.0,12.0,36.5,9.7,46.2
2019,Sunrisers Hyderabad,Abhishek Sharma,3,9.0,9.0,2.0,12.0,21.0,1.0,0.0,-12.6,-2.4,-14.9
2020,Chennai Super Kings,SM Curran,14,186.0,141.0,8.0,252.0,344.0,13.0,78.0,-11.5,12.8,1.4
2015,Royal Challengers Bangalore,Iqbal Abdulla,5,20.0,18.0,1.0,114.0,150.0,4.0,24.0,-6.2,-2.4,-8.6
2026,Lucknow Super Giants,GF Linde,3,31.0,21.0,3.0,37.0,55.0,1.0,1.0,-13.1,-2.1,-15.2
2007,Deccan Chargers,DB Ravi Teja,6,109.0,82.0,6.0,12.0,19.0,1.0,0.0,-10.6,-0.2,-10.8
2022,Mumbai Indians,Ramandeep Singh,5,45.0,40.0,2.0,36.0,54.0,6.0,18.0,-9.1,24.0,14.9
2019,Chennai Super Kings,SW Billings,1,0.0,4.0,1.0,0.0,0.0,0.0,0.0,-10.0,0.0,-10.0
2018,Rajasthan Royals,B Laughlin,7,1.0,4.0,1.0,126.0,211.0,9.0,53.0,-9.6,-10.5,-20.0
2019,Kolkata Knight Riders,JL Denly,1,0.0,1.0,1.0,0.0,0.0,0.0,0.0,-7.1,0.0,-7.1
2024,Delhi Capitals,RR Pant,13,446.0,287.0,11.0,0.0,0.0,0.0,0.0,45.5,0.0,45.5
2014,Delhi Daredevils,JDS Neesham,4,42.0,46.0,3.0,54.0,91.0,1.0,0.0,-24.6,-28.7,-53.3
2020,Royal Challengers Bangalore,NA Saini,13,27.0,27.0,1.0,274.0,379.0,6.0,76.0,-10.0,-41.1,-51.1
2009,Mumbai Indians,PR Shah,5,53.0,51.0,3.0,0.0,0.0,0.0,0.0,-12.0,0.0,-12.0
2018,Delhi Daredevils,Abhishek Sharma,3,63.0,33.0,1.0,0.0,0.0,0.0,0.0,19.9,0.0,19.9
2020,Chennai Super Kings,DJ Bravo,6,7.0,6.0,2.0,126.0,180.0,6.0,48.0,-11.9,-2.4,-14.3
2026,Sunrisers Hyderabad,HV Patel,5,10.0,9.0,2.0,82.0,148.0,0.0,16.0,-13.2,-42.0,-55.2
2025,Sunrisers Hyderabad,PHKD Mendis,5,92.0,69.0,4.0,42.0,60.0,2.0,0.0,-15.0,3.5,-11.6
2009,Kolkata Knight Riders,Iqbal Abdulla,3,0.0,1.0,0.0,51.0,61.0,1.0,12.0,-1.0,-5.0,-6.0
2015,Royal Challengers Bangalore,RR Rossouw,2,14.0,10.0,2.0,0.0,0.0,0.0,0.0,-7.7,0.0,-7.7
2023,Punjab Kings,PBB Rajapaksa,4,71.0,62.0,3.0,0.0,0.0,0.0,0.0,-14.8,0.0,-14.8
2016,Rising Pune Supergiants,MR Marsh,3,7.0,11.0,1.0,54.0,45.0,4.0,6.0,-11.3,37.5,26.2
2020,Delhi Capitals,Avesh Khan,1,0.0,0.0,0.0,24.0,42.0,0.0,6.0,0.0,-15.7,-15.7
2014,Delhi Daredevils,Imran Tahir,6,8.0,10.0,2.0,125.0,171.0,9.0,36.0,-14.5,19.3,4.8
2023,Delhi Capitals,R Powell,3,7.0,9.0,3.0,12.0,18.0,1.0,6.0,-20.7,2.3,-18.4
2025,Delhi Capitals,M Tiwari,2,3.0,4.0,1.0,6.0,14.0,0.0,0.0,-7.8,-6.6,-14.4
2025,Sunrisers Hyderabad,Harsh Dubey,3,0.0,0.0,0.0,60.0,98.0,5.0,0.0,0.0,6.9,6.9
2017,Rising Pune Supergiant,Ankit Sharma,1,25.0,15.0,1.0,6.0,16.0,0.0,0.0,3.7,-9.3,-5.6
2019,Royal Challengers Bangalore,Washington Sundar,3,1.0,3.0,2.0,54.0,74.0,4.0,6.0,-14.3,7.9,-6.3
2020,Sunrisers Hyderabad,WP Saha,4,214.0,153.0,2.0,0.0,0.0,0.0,0.0,45.9,0.0,45.9
2009,Chennai Super Kings,S Anirudha,3,30.0,18.0,1.0,0.0,0.0,0.0,0.0,6.1,0.0,6.1
2025,Gujarat Titans,Karim Janat,1,0.0,0.0,0.0,6.0,30.0,0.0,0.0,0.0,-22.6,-22.6
2026,Mumbai Indians,RA Bawa,2,16.0,14.0,1.0,24.0,50.0,2.0,6.0,-7.4,-7.1,-14.5
2022,Gujarat Titans,VR Aaron,2,0.0,0.0,0.0,30.0,52.0,2.0,6.0,0.0,-7.2,-7.2
2023,Mumbai Indians,JC Archer,5,4.0,4.0,0.0,120.0,190.0,2.0,30.0,-0.6,-35.4,-36.0
2013,Pune Warriors,M Rawat,2,5.0,11.0,1.0,0.0,0.0,0.0,0.0,-11.6,0.0,-11.6
2020,Royal Challengers Bangalore,Shahbaz Ahmed,2,1.0,1.0,0.0,36.0,44.0,2.0,6.0,-0.2,7.0,6.9
2014,Chennai Super Kings,JW Hastings,1,0.0,0.0,0.0,18.0,29.0,1.0,0.0,0.0,-4.6,-4.6
2009,Royal Challengers Bangalore,R Bishnoi,3,19.0,17.0,3.0,0.0,0.0,0.0,0.0,-14.7,0.0,-14.7
2025,Chennai Super Kings,Mukesh Choudhary,2,0.0,0.0,0.0,36.0,71.0,1.0,12.0,0.0,-16.9,-16.9
2023,Royal Challengers Bangalore,H Sharma,1,0.0,0.0,0.0,18.0,28.0,0.0,0.0,0.0,-7.9,-7.9
2020,Sunrisers Hyderabad,Basil Thampi,1,0.0,0.0,0.0,24.0,46.0,1.0,12.0,0.0,-12.6,-12.6
2026,Kolkata Knight Riders,M Pathirana,1,0.0,0.0,0.0,8.0,9.0,0.0,0.0,0.0,2.2,2.2
2015,Mumbai Indians,R Vinay Kumar,13,0.0,2.0,1.0,261.0,368.0,7.0,81.0,-8.3,-39.2,-47.5
2026,Rajasthan Royals,Ravi Bishnoi,9,0.0,3.0,2.0,156.0,257.0,11.0,24.0,-15.7,11.0,-4.7
2024,Gujarat Titans,B Sai Sudharsan,12,527.0,373.0,11.0,0.0,0.0,0.0,0.0,22.1,0.0,22.1
2016,Kings XI Punjab,MP Stoinis,7,146.0,108.0,4.0,138.0,194.0,8.0,18.0,9.9,4.2,14.1
2026,Delhi Capitals,KL Rahul,14,593.0,340.0,13.0,0.0,0.0,0.0,0.0,83.9,0.0,83.9
2022,Punjab Kings,LS Livingstone,14,437.0,240.0,12.0,138.0,202.0,6.0,12.0,116.6,-16.9,99.7
2023,Punjab Kings,MW Short,6,117.0,92.0,6.0,24.0,25.0,0.0,0.0,-22.6,2.7,-19.9
2012,Royal Challengers Bangalore,DL Vettori,9,31.0,26.0,3.0,210.0,236.0,5.0,36.0,-12.0,4.9,-7.1
2017,Kings XI Punjab,WP Saha,11,234.0,187.0,10.0,0.0,0.0,0.0,0.0,-17.8,0.0,-17.8
2018,Chennai Super Kings,MS Dhoni,15,455.0,302.0,6.0,0.0,0.0,0.0,0.0,91.6,0.0,91.6
2026,Royal Challengers Bengaluru,JG Bethell,7,96.0,77.0,7.0,0.0,0.0,0.0,0.0,-46.3,0.0,-46.3
2011,Kings XI Punjab,Sunny Singh,5,43.0,31.0,4.0,0.0,0.0,0.0,0.0,-9.9,0.0,-9.9
2022,Royal Challengers Bangalore,S Kaul,1,0.0,0.0,0.0,24.0,43.0,0.0,12.0,0.0,-15.2,-15.2
2019,Sunrisers Hyderabad,DJ Hooda,7,64.0,63.0,6.0,12.0,21.0,1.0,0.0,-37.5,-2.4,-39.9
2022,Mumbai Indians,Tilak Varma,14,397.0,303.0,10.0,12.0,13.0,0.0,0.0,22.2,-0.4,21.8
2014,Rajasthan Royals,SV Samson,13,339.0,273.0,13.0,0.0,0.0,0.0,0.0,-9.2,0.0,-9.2
2016,Kings XI Punjab,Gurkeerat Singh,6,113.0,86.0,5.0,24.0,31.0,2.0,0.0,-7.8,6.7,-1.1
2016,Kings XI Punjab,KJ Abbott,5,13.0,8.0,1.0,96.0,177.0,2.0,24.0,-1.8,-58.8,-60.7
2009,Delhi Daredevils,V Sehwag,25,554.0,356.0,24.0,40.0,48.0,3.0,4.0,87.8,8.6,96.5
2011,Kochi Tuskers Kerala,RP Singh,14,2.0,4.0,2.0,300.0,345.0,13.0,54.0,-13.8,21.3,7.5
2025,Sunrisers Hyderabad,TM Head,12,374.0,230.0,12.0,0.0,0.0,0.0,0.0,15.2,0.0,15.2
2019,Mumbai Indians,AS Roy,1,0.0,0.0,0.0,12.0,11.0,1.0,0.0,0.0,7.6,7.6
2024,Royal Challengers Bengaluru,Yash Dayal,14,0.0,0.0,0.0,301.0,459.0,15.0,91.0,0.0,26.2,26.2
2009,Kolkata Knight Riders,CK Langeveldt,4,0.0,1.0,1.0,90.0,103.0,8.0,30.0,-7.0,37.3,30.3
2022,Gujarat Titans,Rashid Khan,16,91.0,44.0,4.0,383.0,421.0,19.0,72.0,17.1,114.7,131.7
2019,Mumbai Indians,J Yadav,2,0.0,0.0,0.0,42.0,50.0,1.0,0.0,0.0,1.4,1.4
2026,Gujarat Titans,K Rabada,17,47.0,38.0,2.0,388.0,626.0,29.0,72.0,-11.7,81.2,69.5
2012,Rajasthan Royals,SW Tait,6,0.0,0.0,0.0,137.0,151.0,6.0,35.0,0.0,23.4,23.4
2015,Rajasthan Royals,CH Morris,11,76.0,46.0,2.0,252.0,311.0,13.0,102.0,11.0,48.8,59.8
2019,Mumbai Indians,KH Pandya,16,183.0,150.0,11.0,276.0,335.0,12.0,30.0,-38.7,35.6,-3.1
2025,Mumbai Indians,R Minz,2,6.0,15.0,2.0,0.0,0.0,0.0,0.0,-23.7,0.0,-23.7
2026,Royal Challengers Bengaluru,PD Salt,6,202.0,120.0,6.0,0.0,0.0,0.0,0.0,12.0,0.0,12.0
2012,Pune Warriors,RV Uthappa,16,405.0,343.0,14.0,0.0,0.0,0.0,0.0,-1.5,0.0,-1.5
2014,Mumbai Indians,Harbhajan Singh,14,28.0,25.0,6.0,330.0,356.0,14.0,30.0,-36.0,76.6,40.6
2023,Royal Challengers Bangalore,JR Hazlewood,3,1.0,2.0,0.0,54.0,76.0,3.0,6.0,-1.3,5.9,4.6
2016,Mumbai Indians,AT Rayudu,12,334.0,278.0,11.0,0.0,0.0,0.0,0.0,-15.4,0.0,-15.4
2007,Mumbai Indians,SR Tendulkar,7,188.0,177.0,5.0,0.0,0.0,0.0,0.0,-14.7,0.0,-14.7
2011,Kolkata Knight Riders,EJG Morgan,9,137.0,117.0,8.0,0.0,0.0,0.0,0.0,-17.6,0.0,-17.6
2025,Kolkata Knight Riders,SH Johnson,4,2.0,4.0,0.0,68.0,133.0,1.0,14.0,-2.8,-36.8,-39.5
2013,Chennai Super Kings,MS Dhoni,16,461.0,283.0,10.0,0.0,0.0,0.0,0.0,128.9,0.0,128.9
2020,Royal Challengers Bangalore,AB de Villiers,14,454.0,286.0,10.0,0.0,0.0,0.0,0.0,88.4,0.0,88.4
2009,Rajasthan Royals,FY Fazal,10,164.0,154.0,8.0,12.0,20.0,0.0,12.0,-25.7,-6.6,-32.4
2026,Kolkata Knight Riders,Kartik Tyagi,13,11.0,10.0,3.0,306.0,498.0,18.0,120.0,-19.4,16.8,-2.6
2016,Delhi Daredevils,KK Nair,12,357.0,297.0,10.0,0.0,0.0,0.0,0.0,-7.4,0.0,-7.4
2025,Punjab Kings,JP Inglis,11,278.0,171.0,9.0,0.0,0.0,0.0,0.0,14.4,0.0,14.4
2011,Mumbai Indians,Harbhajan Singh,15,103.0,71.0,3.0,318.0,370.0,14.0,60.0,19.7,26.7,46.4
2011,Deccan Chargers,DW Steyn,12,36.0,35.0,3.0,273.0,299.0,14.0,87.0,-15.7,52.6,36.9
2018,Delhi Daredevils,LE Plunkett,7,1.0,3.0,1.0,150.0,225.0,4.0,48.0,-8.4,-29.1,-37.5
2013,Kings XI Punjab,MS Gony,8,45.0,25.0,3.0,168.0,256.0,7.0,54.0,1.8,-46.8,-45.0
2016,Mumbai Indians,R Vinay Kumar,3,13.0,12.0,1.0,54.0,64.0,3.0,6.0,-6.4,12.5,6.1
2017,Delhi Daredevils,CR Brathwaite,2,12.0,15.0,2.0,36.0,67.0,1.0,12.0,-15.1,-22.5,-37.6
2011,Rajasthan Royals,LRPL Taylor,11,181.0,152.0,5.0,6.0,11.0,0.0,0.0,5.7,-5.0,0.7
2026,Sunrisers Hyderabad,Sakib Hussain,11,5.0,7.0,0.0,252.0,397.0,15.0,78.0,-3.7,26.9,23.2
2018,Chennai Super Kings,AT Rayudu,16,602.0,402.0,13.0,0.0,0.0,0.0,0.0,92.9,0.0,92.9
2019,Sunrisers Hyderabad,MK Pandey,11,344.0,263.0,8.0,0.0,0.0,0.0,0.0,23.4,0.0,23.4
2009,Royal Challengers Bangalore,LRPL Taylor,18,368.0,283.0,13.0,6.0,13.0,0.0,0.0,30.1,-7.4,22.8
2013,Pune Warriors,LJ Wright,6,106.0,60.0,4.0,59.0,100.0,2.0,23.0,23.8,-28.3,-4.5
2015,Royal Challengers Bangalore,HV Patel,15,19.0,12.0,4.0,263.0,328.0,17.0,47.0,-18.9,56.6,37.8
2016,Rising Pune Supergiants,Ankit Sharma,3,3.0,3.0,0.0,66.0,84.0,1.0,6.0,-0.3,-6.5,-6.8
2025,Punjab Kings,Suryansh Shedge,3,7.0,11.0,3.0,18.0,40.0,0.0,6.0,-24.2,-17.3,-41.5
2011,Delhi Daredevils,AB Dinda,5,0.0,5.0,1.0,102.0,152.0,5.0,24.0,-10.8,-23.5,-34.4
2020,Kings XI Punjab,KL Rahul,14,670.0,518.0,12.0,0.0,0.0,0.0,0.0,69.6,0.0,69.6
2009,Deccan Chargers,VVS Laxman,11,83.0,93.0,9.0,0.0,0.0,0.0,0.0,-55.7,0.0,-55.7
2007,Rajasthan Royals,SR Watson,15,472.0,311.0,9.0,325.0,383.0,17.0,79.0,108.7,64.1,172.9
2014,Rajasthan Royals,SPD Smith,7,147.0,110.0,4.0,0.0,0.0,0.0,0.0,7.1,0.0,7.1
2019,Royal Challengers Bangalore,K Khejroliya,2,0.0,0.0,0.0,30.0,46.0,1.0,6.0,0.0,-7.3,-7.3
2011,Pune Warriors,JE Taylor,5,3.0,3.0,0.0,117.0,157.0,6.0,51.0,0.1,-4.8,-4.6
2016,Delhi Daredevils,SV Samson,14,291.0,259.0,10.0,0.0,0.0,0.0,0.0,-33.8,0.0,-33.8
2007,Rajasthan Royals,M Kaif,14,176.0,171.0,9.0,0.0,0.0,0.0,0.0,-48.1,0.0,-48.1
2009,Kolkata Knight Riders,MN van Wyk,5,167.0,132.0,3.0,0.0,0.0,0.0,0.0,26.5,0.0,26.5
2011,Kolkata Knight Riders,MS Bisla,5,72.0,89.0,4.0,0.0,0.0,0.0,0.0,-30.6,0.0,-30.6
2015,Chennai Super Kings,R Ashwin,13,52.0,32.0,3.0,234.0,228.0,10.0,12.0,-2.9,77.9,74.9
2023,Kolkata Knight Riders,AD Russell,14,227.0,156.0,11.0,91.0,172.0,7.0,31.0,-11.7,-21.0,-32.7
2011,Kolkata Knight Riders,R Bhatia,13,25.0,22.0,2.0,192.0,210.0,8.0,18.0,-8.2,30.7,22.5
2012,Royal Challengers Bangalore,CH Gayle,14,733.0,456.0,12.0,28.0,66.0,0.0,10.0,231.1,-37.2,193.8
2022,Rajasthan Royals,M Prasidh Krishna,17,6.0,12.0,1.0,399.0,551.0,19.0,135.0,-13.8,9.0,-4.9
2016,Rising Pune Supergiants,SPD Smith,7,270.0,176.0,5.0,0.0,0.0,0.0,0.0,58.5,0.0,58.5
2018,Delhi Daredevils,GJ Maxwell,12,169.0,120.0,10.0,96.0,132.0,5.0,6.0,-21.7,4.7,-17.0
2023,Sunrisers Hyderabad,AK Markram,13,248.0,197.0,11.0,49.0,70.0,1.0,1.0,-32.5,-8.3,-40.8
2023,Delhi Capitals,C Sakariya,2,4.0,6.0,1.0,48.0,89.0,3.0,18.0,-8.8,-13.3,-22.2
2012,Kings XI Punjab,Harmeet Singh,7,15.0,7.0,1.0,134.0,191.0,7.0,32.0,1.9,-13.3,-11.4
2012,Delhi Daredevils,VR Aaron,8,1.0,3.0,1.0,186.0,271.0,8.0,54.0,-8.0,-34.1,-42.2
2013,Delhi Daredevils,AD Russell,3,11.0,14.0,2.0,42.0,68.0,0.0,12.0,-15.3,-26.5,-41.8
2023,Chennai Super Kings,AT Rayudu,12,158.0,113.0,10.0,0.0,0.0,0.0,0.0,-26.7,0.0,-26.7
2016,Mumbai Indians,HH Pandya,11,44.0,63.0,7.0,100.0,153.0,3.0,24.0,-63.7,-24.1,-87.7
2013,Royal Challengers Bangalore,CH Gayle,16,708.0,453.0,12.0,24.0,40.0,3.0,18.0,229.9,3.8,233.7
2007,Deccan Chargers,Y Venugopal Rao,10,288.0,210.0,8.0,84.0,137.0,2.0,0.0,28.7,-36.3,-7.6
2026,Chennai Super Kings,J Overton,10,136.0,86.0,5.0,168.0,249.0,14.0,66.0,-0.0,54.4,54.4
2018,Kings XI Punjab,AD Nath,1,9.0,13.0,1.0,0.0,0.0,0.0,0.0,-10.6,0.0,-10.6
2009,Royal Challengers Bangalore,KP Appanna,7,2.0,4.0,1.0,114.0,138.0,3.0,12.0,-8.0,-10.7,-18.7
2019,Rajasthan Royals,JC Buttler,8,311.0,205.0,7.0,0.0,0.0,0.0,0.0,52.9,0.0,52.9
2022,Punjab Kings,NT Ellis,2,0.0,2.0,1.0,36.0,55.0,3.0,12.0,-8.0,3.4,-4.6
2025,Chennai Super Kings,J Overton,3,15.0,7.0,0.0,36.0,83.0,0.0,0.0,6.5,-36.2,-29.7
2014,Royal Challengers Bangalore,YV Takawale,5,104.0,91.0,5.0,0.0,0.0,0.0,0.0,-13.7,0.0,-13.7
2019,Delhi Capitals,AR Patel,14,110.0,88.0,6.0,306.0,364.0,10.0,36.0,-19.1,26.8,7.8
2011,Delhi Daredevils,S Sriram,1,4.0,7.0,1.0,6.0,25.0,0.0,0.0,-8.7,-19.0,-27.7
2024,Sunrisers Hyderabad,H Klaasen,15,479.0,280.0,12.0,0.0,0.0,0.0,0.0,76.8,0.0,76.8
2014,Kings XI Punjab,R Dhawan,13,82.0,75.0,2.0,284.0,365.0,13.0,44.0,-11.6,16.3,4.7
2017,Kings XI Punjab,Sandeep Sharma,13,7.0,6.0,0.0,288.0,398.0,17.0,84.0,0.8,24.3,25.2
2019,Mumbai Indians,JJ Bumrah,16,0.0,1.0,0.0,370.0,409.0,19.0,178.0,-1.1,124.5,123.4
2022,Kolkata Knight Riders,SW Billings,8,169.0,138.0,7.0,0.0,0.0,0.0,0.0,-15.8,0.0,-15.8
2023,Mumbai Indians,Ishan Kishan,15,454.0,318.0,15.0,0.0,0.0,0.0,0.0,8.4,0.0,8.4
2020,Royal Challengers Bangalore,Mohammed Siraj,9,17.0,14.0,1.0,163.0,236.0,11.0,49.0,-5.2,10.2,5.0
2024,Punjab Kings,SM Curran,13,270.0,219.0,10.0,246.0,416.0,16.0,72.0,-48.3,-1.2,-49.5
2025,Kolkata Knight Riders,VG Arora,12,0.0,8.0,2.0,255.0,430.0,17.0,63.0,-21.5,8.1,-13.4
2024,Mumbai Indians,KT Maphaka,2,0.0,0.0,0.0,36.0,89.0,1.0,6.0,0.0,-36.6,-36.6
2020,Sunrisers Hyderabad,MK Pandey,15,425.0,333.0,13.0,0.0,0.0,0.0,0.0,4.5,0.0,4.5
2021,Mumbai Indians,Ishan Kishan,10,241.0,180.0,9.0,0.0,0.0,0.0,0.0,13.0,0.0,13.0
2014,Sunrisers Hyderabad,IK Pathan,10,55.0,54.0,2.0,142.0,205.0,4.0,52.0,-15.3,-24.6,-39.9
2024,Mumbai Indians,N Wadhera,6,109.0,84.0,6.0,12.0,13.0,0.0,0.0,-24.0,1.2,-22.9
2025,Lucknow Super Giants,Ravi Bishnoi,11,13.0,16.0,2.0,222.0,401.0,9.0,24.0,-18.4,-70.5,-88.9
2015,Sunrisers Hyderabad,RS Bopara,9,145.0,120.0,5.0,120.0,160.0,6.0,24.0,-14.1,6.1,-8.0
2013,Kolkata Knight Riders,G Gambhir,16,406.0,343.0,15.0,0.0,0.0,0.0,0.0,15.9,0.0,15.9
2023,Sunrisers Hyderabad,H Klaasen,11,448.0,253.0,9.0,0.0,0.0,0.0,0.0,116.0,0.0,116.0
2020,Kings XI Punjab,CH Gayle,7,288.0,210.0,6.0,5.0,5.0,0.0,5.0,34.1,1.2,35.3
2025,Punjab Kings,MP Stoinis,12,160.0,86.0,6.0,85.0,175.0,1.0,9.0,19.5,-62.8,-43.3
2012,Kolkata Knight Riders,Iqbal Abdulla,8,2.0,3.0,0.0,132.0,144.0,4.0,6.0,-1.0,10.2,9.3
2016,Kolkata Knight Riders,MK Pandey,11,248.0,183.0,8.0,0.0,0.0,0.0,0.0,11.9,0.0,11.9
2012,Kings XI Punjab,Gurkeerat Singh,4,86.0,52.0,3.0,0.0,0.0,0.0,0.0,17.1,0.0,17.1
2011,Chennai Super Kings,TG Southee,5,0.0,0.0,0.0,114.0,166.0,4.0,42.0,0.0,-29.3,-29.3
2018,Royal Challengers Bangalore,K Khejroliya,3,0.0,0.0,0.0,65.0,107.0,2.0,11.0,0.0,-22.6,-22.6
2009,Deccan Chargers,RJ Harris,16,66.0,57.0,5.0,370.0,463.0,20.0,124.0,-19.6,37.7,18.0
2025,Kolkata Knight Riders,RK Singh,11,206.0,134.0,7.0,0.0,0.0,0.0,0.0,4.3,0.0,4.3
2007,Delhi Daredevils,DL Vettori,2,0.0,0.0,0.0,48.0,54.0,2.0,18.0,0.0,10.9,10.9
2012,Kolkata Knight Riders,M de Lange,3,0.0,0.0,0.0,60.0,107.0,3.0,12.0,0.0,-28.9,-28.9
2019,Kolkata Knight Riders,HF Gurney,8,1.0,5.0,0.0,162.0,238.0,7.0,54.0,-4.4,-14.2,-18.6
2014,Rajasthan Royals,JP Faulkner,13,181.0,94.0,4.0,258.0,419.0,11.0,104.0,53.2,-69.7,-16.5
2022,Gujarat Titans,B Sai Sudharsan,5,145.0,114.0,4.0,0.0,0.0,0.0,0.0,4.0,0.0,4.0
2014,Delhi Daredevils,M Vijay,11,207.0,192.0,11.0,6.0,13.0,0.0,0.0,-44.9,-6.7,-51.6
2007,Rajasthan Royals,Pankaj Singh,5,5.0,8.0,0.0,72.0,129.0,0.0,12.0,-3.4,-52.0,-55.4
2019,Kings XI Punjab,P Simran Singh,1,16.0,17.0,1.0,0.0,0.0,0.0,0.0,-8.0,0.0,-8.0
2015,Kings XI Punjab,Shivam Sharma,1,0.0,0.0,0.0,18.0,44.0,1.0,6.0,0.0,-18.0,-18.0
2009,Kings XI Punjab,L Ablish,2,0.0,0.0,0.0,24.0,36.0,3.0,12.0,0.0,7.3,7.3
2024,Lucknow Super Giants,K Gowtham,1,0.0,0.0,0.0,12.0,29.0,0.0,0.0,0.0,-13.5,-13.5
2026,Mumbai Indians,WG Jacks,7,139.0,76.0,5.0,53.0,94.0,2.0,5.0,13.2,-11.3,1.9
2015,Royal Challengers Bangalore,VR Aaron,5,6.0,3.0,1.0,104.0,177.0,3.0,8.0,-3.5,-49.6,-53.0
2007,Deccan Chargers,A Symonds,3,161.0,105.0,2.0,41.0,101.0,0.0,5.0,44.2,-56.9,-12.7
2015,Royal Challengers Bangalore,YS Chahal,14,1.0,1.0,0.0,281.0,415.0,23.0,60.0,-0.2,27.8,27.6
2007,Royal Challengers Bangalore,Abdur Razzak,1,0.0,2.0,0.0,12.0,29.0,0.0,0.0,-2.1,-16.2,-18.4
2018,Chennai Super Kings,M Vijay,1,12.0,10.0,1.0,0.0,0.0,0.0,0.0,-5.1,0.0,-5.1
2020,Kings XI Punjab,Arshdeep Singh,8,0.0,3.0,1.0,149.0,218.0,9.0,47.0,-9.5,1.1,-8.4
2025,Chennai Super Kings,R Ravindra,8,191.0,149.0,7.0,0.0,0.0,0.0,0.0,-35.7,0.0,-35.7
2009,Kolkata Knight Riders,Mashrafe Mortaza,1,2.0,2.0,0.0,24.0,58.0,0.0,12.0,0.0,-32.7,-32.7
2017,Gujarat Lions,AJ Tye,6,53.0,30.0,1.0,126.0,141.0,12.0,60.0,16.3,69.4,85.8
2025,Rajasthan Royals,K Kartikeya,4,3.0,5.0,1.0,48.0,78.0,2.0,0.0,-8.9,-7.2,-16.1
2024,Rajasthan Royals,KR Sen,3,0.0,0.0,0.0,72.0,122.0,6.0,18.0,0.0,4.3,4.3
2021,Royal Challengers Bangalore,KW Richardson,1,0.0,0.0,0.0,18.0,29.0,1.0,6.0,0.0,-4.3,-4.3
2016,Mumbai Indians,N Rana,4,104.0,75.0,3.0,6.0,3.0,0.0,0.0,8.9,3.4,12.3
2024,Punjab Kings,JM Bairstow,11,298.0,195.0,9.0,0.0,0.0,0.0,0.0,11.4,0.0,11.4
2016,Kolkata Knight Riders,JW Hastings,2,0.0,0.0,0.0,40.0,37.0,2.0,10.0,0.0,19.2,19.2
2013,Mumbai Indians,RT Ponting,5,52.0,75.0,5.0,0.0,0.0,0.0,0.0,-42.8,0.0,-42.8
2026,Gujarat Titans,K Khejroliya,1,0.0,0.0,0.0,12.0,31.0,0.0,0.0,0.0,-15.8,-15.8
2019,Royal Challengers Bangalore,MM Ali,11,220.0,133.0,6.0,150.0,169.0,6.0,18.0,44.5,28.2,72.7
2009,Kings XI Punjab,Bipul Sharma,4,9.0,7.0,0.0,60.0,94.0,3.0,18.0,2.0,-16.5,-14.5
2025,Delhi Capitals,Sediqullah Atal,1,22.0,16.0,1.0,0.0,0.0,0.0,0.0,-2.8,0.0,-2.8
2026,Lucknow Super Giants,M Siddharth,4,0.0,0.0,0.0,90.0,145.0,6.0,24.0,0.0,8.7,8.7
2015,Kolkata Knight Riders,Shakib Al Hasan,4,36.0,27.0,3.0,84.0,123.0,4.0,24.0,-10.0,-6.9,-16.9
2025,Lucknow Super Giants,Prince Yadav,6,5.0,10.0,0.0,137.0,225.0,3.0,35.0,-7.1,-32.8,-39.9
2013,Kings XI Punjab,LA Pomersbach,3,58.0,59.0,2.0,0.0,0.0,0.0,0.0,-8.1,0.0,-8.1
2014,Delhi Daredevils,NM Coulter-Nile,1,0.0,0.0,0.0,24.0,27.0,2.0,12.0,0.0,11.6,11.6
2017,Kolkata Knight Riders,DM Bravo,1,6.0,5.0,0.0,0.0,0.0,0.0,0.0,0.9,0.0,0.9
2021,Sunrisers Hyderabad,S Nadeem,1,0.0,1.0,1.0,24.0,36.0,1.0,0.0,-7.0,-5.9,-12.9
2024,Punjab Kings,V Kaverappa,1,0.0,0.0,0.0,24.0,36.0,2.0,0.0,0.0,6.3,6.3
2009,Kolkata Knight Riders,Anureet Singh,2,0.0,0.0,0.0,30.0,47.0,2.0,12.0,0.0,-3.8,-3.8
2019,Royal Challengers Bangalore,H Klaasen,2,9.0,10.0,2.0,0.0,0.0,0.0,0.0,-13.6,0.0,-13.6
2022,Royal Challengers Bangalore,SS Prabhudessai,5,67.0,59.0,5.0,0.0,0.0,0.0,0.0,-22.3,0.0,-22.3
2020,Chennai Super Kings,JR Hazlewood,3,0.0,0.0,0.0,60.0,64.0,1.0,12.0,0.0,7.1,7.1
2009,Chennai Super Kings,JM Kemp,5,26.0,24.0,2.0,44.0,54.0,3.0,1.0,-8.3,5.6,-2.7
2012,Mumbai Indians,DS Kulkarni,2,10.0,5.0,0.0,48.0,64.0,6.0,18.0,4.9,21.1,26.0
2016,Sunrisers Hyderabad,KV Sharma,5,36.0,30.0,0.0,98.0,171.0,0.0,8.0,2.5,-64.7,-62.2
2024,Punjab Kings,Shivam Singh,1,2.0,3.0,0.0,0.0,0.0,0.0,0.0,-1.8,0.0,-1.8
2017,Kings XI Punjab,MJ Henry,2,0.0,0.0,0.0,30.0,71.0,1.0,12.0,0.0,-31.5,-31.5
2016,Sunrisers Hyderabad,A Ashish Reddy,3,47.0,29.0,2.0,23.0,39.0,1.0,0.0,4.1,-8.4,-4.3
2016,Rising Pune Supergiants,DL Chahar,2,0.0,0.0,0.0,30.0,41.0,0.0,0.0,0.0,-9.1,-9.1
2013,Delhi Daredevils,NV Ojha,2,9.0,10.0,1.0,0.0,0.0,0.0,0.0,-6.1,0.0,-6.1
2026,Royal Challengers Bengaluru,Abhinandan Singh,3,0.0,0.0,0.0,58.0,122.0,3.0,10.0,0.0,-26.5,-26.5
2015,Rajasthan Royals,BB Sran,1,0.0,0.0,0.0,18.0,35.0,0.0,0.0,0.0,-16.4,-16.4
2021,Rajasthan Royals,T Shamsi,1,2.0,4.0,0.0,24.0,34.0,0.0,0.0,-1.9,-10.4,-12.3
2026,Mumbai Indians,Mayank Rawat,1,0.0,0.0,0.0,0.0,0.0,0.0,0.0,0.0,0.0,0.0
2023,Sunrisers Hyderabad,Vivrant Sharma,2,69.0,47.0,1.0,18.0,37.0,0.0,0.0,11.1,-16.9,-5.8
2026,Lucknow Super Giants,Akash Singh,2,0.0,0.0,0.0,42.0,80.0,4.0,0.0,0.0,0.3,0.3
2017,Sunrisers Hyderabad,CJ Jordan,1,0.0,1.0,1.0,6.0,9.0,1.0,0.0,-7.0,3.7,-3.3
2025,Delhi Capitals,T Natarajan,2,0.0,0.0,0.0,25.0,53.0,1.0,6.0,0.0,-14.4,-14.4
2007,Mumbai Indians,MK Pandey,2,3.0,9.0,2.0,0.0,0.0,0.0,0.0,-18.1,0.0,-18.1
2019,Mumbai Indians,BB Sran,2,3.0,3.0,0.0,24.0,51.0,0.0,0.0,-0.3,-24.5,-24.7
2011,Rajasthan Royals,JDP Oram,2,0.0,3.0,1.0,24.0,45.0,1.0,0.0,-8.9,-16.8,-25.6
2020,Sunrisers Hyderabad,MR Marsh,1,0.0,1.0,1.0,4.0,6.0,0.0,0.0,-7.2,-1.8,-9.0
2018,Chennai Super Kings,MA Wood,1,1.0,3.0,1.0,24.0,49.0,0.0,12.0,-8.4,-21.4,-29.8
2023,Mumbai Indians,R Goyal,1,0.0,0.0,0.0,24.0,33.0,0.0,0.0,0.0,-6.2,-6.2
2021,Mumbai Indians,PP Chawla,1,0.0,2.0,1.0,24.0,38.0,1.0,0.0,-7.9,-7.9,-15.8
2014,Rajasthan Royals,UBT Chand,1,2.0,9.0,1.0,0.0,0.0,0.0,0.0,-12.5,0.0,-12.5
2009,Kolkata Knight Riders,A Chopra,1,11.0,19.0,1.0,0.0,0.0,0.0,0.0,-11.9,0.0,-11.9
2024,Lucknow Super Giants,A Mishra,1,0.0,0.0,0.0,12.0,20.0,1.0,0.0,0.0,0.2,0.2
2011,Deccan Chargers,B Chipli,13,207.0,170.0,8.0,6.0,20.0,0.0,0.0,-0.6,-14.0,-14.6
2025,Punjab Kings,LH Ferguson,4,4.0,1.0,0.0,68.0,104.0,5.0,18.0,2.8,13.5,16.3
2009,Mumbai Indians,Z Khan,20,32.0,24.0,2.0,416.0,518.0,21.0,128.0,-4.0,32.3,28.3
2017,Kolkata Knight Riders,UT Yadav,14,10.0,13.0,0.0,291.0,410.0,17.0,48.0,-3.4,11.1,7.8
2022,Gujarat Titans,LH Ferguson,13,5.0,4.0,2.0,286.0,427.0,12.0,94.0,-11.6,-32.8,-44.4
2023,Kolkata Knight Riders,VR Iyer,14,404.0,277.0,14.0,0.0,0.0,0.0,0.0,14.9,0.0,14.9
2009,Rajasthan Royals,PC Valthaty,2,6.0,12.0,2.0,0.0,0.0,0.0,0.0,-16.9,0.0,-16.9
2013,Delhi Daredevils,DA Warner,16,410.0,323.0,13.0,0.0,0.0,0.0,0.0,40.1,0.0,40.1
2017,Sunrisers Hyderabad,Mohammed Siraj,6,0.0,0.0,0.0,138.0,212.0,10.0,36.0,0.0,-0.8,-0.8
2014,Rajasthan Royals,TG Southee,3,4.0,4.0,1.0,60.0,76.0,0.0,18.0,-6.0,-11.5,-17.6
2023,Lucknow Super Giants,K Gowtham,7,61.0,37.0,4.0,96.0,118.0,3.0,6.0,-4.1,10.8,6.7
2020,Sunrisers Hyderabad,S Nadeem,7,7.0,8.0,1.0,132.0,178.0,5.0,0.0,-8.3,-9.3,-17.5
2019,Delhi Capitals,SS Iyer,16,463.0,386.0,15.0,0.0,0.0,0.0,0.0,-28.8,0.0,-28.8
2021,Chennai Super Kings,RD Gaikwad,16,635.0,466.0,14.0,0.0,0.0,0.0,0.0,91.3,0.0,91.3
2011,Royal Challengers Bangalore,LA Pomersbach,4,51.0,39.0,4.0,0.0,0.0,0.0,0.0,-9.0,0.0,-9.0
2025,Rajasthan Royals,N Rana,11,217.0,134.0,10.0,12.0,18.0,0.0,0.0,-5.8,-3.3,-9.1
2026,Sunrisers Hyderabad,TM Head,15,410.0,241.0,15.0,6.0,7.0,1.0,6.0,5.3,7.1,12.4
2023,Delhi Capitals,Aman Hakim Khan,9,110.0,101.0,8.0,0.0,0.0,0.0,0.0,-49.1,0.0,-49.1
2009,Royal Challengers Bangalore,R Vinay Kumar,25,74.0,76.0,7.0,471.0,667.0,25.0,153.0,-42.8,-38.9,-81.7
2021,Mumbai Indians,TA Boult,14,1.0,4.0,0.0,308.0,406.0,13.0,92.0,-2.9,-1.9,-4.7
2024,Punjab Kings,Harpreet Brar,13,75.0,54.0,2.0,228.0,303.0,7.0,12.0,-4.4,12.7,8.3
2024,Royal Challengers Bengaluru,RJW Topley,4,3.0,6.0,0.0,90.0,168.0,4.0,30.0,-4.7,-27.2,-31.8
2019,Chennai Super Kings,F du Plessis,12,396.0,321.0,11.0,0.0,0.0,0.0,0.0,-9.1,0.0,-9.1
2020,Royal Challengers Bangalore,AJ Finch,12,268.0,241.0,12.0,0.0,0.0,0.0,0.0,-44.7,0.0,-44.7
2020,Mumbai Indians,KA Pollard,14,268.0,140.0,5.0,126.0,190.0,4.0,24.0,81.1,-28.9,52.2
2023,Sunrisers Hyderabad,AU Rashid,2,22.0,16.0,2.0,42.0,56.0,2.0,6.0,-7.3,3.8,-3.6
2009,Kings XI Punjab,Yuvraj Singh,28,595.0,493.0,24.0,258.0,294.0,11.0,42.0,1.5,21.9,23.4
2022,Royal Challengers Bangalore,KD Karthik,16,330.0,180.0,5.0,0.0,0.0,0.0,0.0,100.6,0.0,100.6
2025,Lucknow Super Giants,RR Pant,13,269.0,202.0,11.0,0.0,0.0,0.0,0.0,-41.6,0.0,-41.6
2014,Royal Challengers Bangalore,YS Chahal,14,1.0,1.0,0.0,330.0,386.0,12.0,24.0,-0.1,35.1,35.0
2021,Delhi Capitals,R Ashwin,13,44.0,42.0,3.0,268.0,331.0,7.0,17.0,-14.3,-18.9,-33.1
2017,Royal Challengers Bangalore,YS Chahal,13,13.0,26.0,2.0,261.0,333.0,14.0,24.0,-25.7,31.3,5.7
2017,Rising Pune Supergiant,DT Christian,13,79.0,49.0,5.0,240.0,298.0,11.0,78.0,-1.3,26.8,25.4
2018,Mumbai Indians,RG Sharma,14,286.0,215.0,12.0,0.0,0.0,0.0,0.0,-17.1,0.0,-17.1
2019,Sunrisers Hyderabad,WP Saha,5,86.0,53.0,5.0,0.0,0.0,0.0,0.0,-1.4,0.0,-1.4
2021,Rajasthan Royals,SV Samson,14,484.0,354.0,12.0,0.0,0.0,0.0,0.0,69.6,0.0,69.6
2016,Royal Challengers Bangalore,SR Watson,16,179.0,134.0,13.0,339.0,485.0,20.0,135.0,-39.4,18.3,-21.1
2017,Mumbai Indians,KH Pandya,13,243.0,179.0,7.0,240.0,273.0,10.0,24.0,19.4,41.1,60.6
2018,Rajasthan Royals,Anureet Singh,3,3.0,4.0,0.0,24.0,42.0,1.0,0.0,-1.6,-10.3,-11.9
2009,Kings XI Punjab,PP Chawla,28,93.0,96.0,8.0,563.0,675.0,24.0,72.0,-49.0,13.8,-35.3
2017,Rising Pune Supergiant,LH Ferguson,4,1.0,1.0,0.0,78.0,93.0,3.0,12.0,-0.0,9.7,9.6
2015,Rajasthan Royals,KK Nair,12,181.0,145.0,10.0,0.0,0.0,0.0,0.0,-29.0,0.0,-29.0
2007,Chennai Super Kings,A Mukund,1,0.0,1.0,1.0,0.0,0.0,0.0,0.0,-7.1,0.0,-7.1
2013,Rajasthan Royals,VS Malik,3,0.0,0.0,0.0,60.0,59.0,2.0,0.0,0.0,7.7,7.7
2016,Delhi Daredevils,Imran Tahir,4,5.0,7.0,1.0,96.0,138.0,5.0,30.0,-8.8,-0.4,-9.2
2007,Chennai Super Kings,M Muralitharan,15,0.0,3.0,1.0,348.0,404.0,11.0,72.0,-9.2,39.2,30.0
2022,Punjab Kings,K Rabada,13,48.0,43.0,4.0,288.0,406.0,23.0,78.0,-24.5,49.8,25.3
2022,Delhi Capitals,SN Khan,5,91.0,67.0,3.0,0.0,0.0,0.0,0.0,4.0,0.0,4.0
2013,Mumbai Indians,JJ Bumrah,2,0.0,0.0,0.0,42.0,70.0,3.0,6.0,0.0,-12.0,-12.0
2015,Rajasthan Royals,Ankit Sharma,4,7.0,6.0,1.0,84.0,114.0,3.0,6.0,-5.9,-7.3,-13.3
2019,Delhi Capitals,TA Boult,5,7.0,4.0,1.0,114.0,163.0,5.0,42.0,-3.3,-3.6,-6.9
2017,Gujarat Lions,DS Kulkarni,6,1.0,2.0,1.0,113.0,173.0,3.0,18.0,-7.1,-31.2,-38.2
2014,Sunrisers Hyderabad,KL Rahul,8,166.0,164.0,8.0,0.0,0.0,0.0,0.0,-46.3,0.0,-46.3
2016,Kings XI Punjab,DA Miller,13,161.0,131.0,10.0,0.0,0.0,0.0,0.0,-38.1,0.0,-38.1
2015,Sunrisers Hyderabad,MC Henriques,9,287.0,211.0,7.0,150.0,158.0,11.0,12.0,29.9,66.6,96.5
2016,Sunrisers Hyderabad,Bipul Sharma,6,51.0,25.0,1.0,84.0,121.0,3.0,0.0,17.1,-13.1,4.0
2025,Delhi Capitals,MA Starc,12,6.0,10.0,2.0,228.0,389.0,14.0,54.0,-18.1,-4.3,-22.4
2013,Pune Warriors,AD Mathews,11,172.0,139.0,7.0,186.0,240.0,5.0,48.0,-1.4,-27.8,-29.2
2011,Kochi Tuskers Kerala,P Parameswaran,5,1.0,1.0,0.0,94.0,137.0,4.0,21.0,0.0,-19.7,-19.7
2020,Kings XI Punjab,Ravi Bishnoi,14,7.0,12.0,1.0,306.0,376.0,12.0,54.0,-12.7,28.0,15.2
2021,Rajasthan Royals,E Lewis,5,151.0,93.0,5.0,0.0,0.0,0.0,0.0,26.9,0.0,26.9
2018,Chennai Super Kings,Harbhajan Singh,13,29.0,36.0,2.0,191.0,270.0,7.0,0.0,-21.4,-19.7,-41.0
2023,Delhi Capitals,A Nortje,10,37.0,29.0,2.0,240.0,364.0,10.0,114.0,-8.1,-12.3,-20.4
2024,Sunrisers Hyderabad,V Viyaskanth,3,7.0,5.0,0.0,60.0,86.0,1.0,0.0,0.6,-9.2,-8.6
2025,Chennai Super Kings,KK Ahmed,14,1.0,2.0,0.0,280.0,447.0,15.0,52.0,-1.4,16.8,15.3
2020,Kings XI Punjab,Mujeeb Ur Rahman,2,1.0,3.0,1.0,48.0,83.0,0.0,0.0,-8.0,-32.6,-40.6
2015,Chennai Super Kings,P Negi,10,116.0,73.0,6.0,180.0,252.0,6.0,18.0,-3.2,-24.6,-27.8
2025,Chennai Super Kings,RA Jadeja,14,301.0,222.0,9.0,227.0,324.0,10.0,10.0,-20.5,16.5,-4.0
2022,Chennai Super Kings,M Theekshana,9,7.0,7.0,1.0,210.0,261.0,12.0,42.0,-6.7,40.5,33.9
2009,Kings XI Punjab,MS Bisla,10,218.0,178.0,9.0,0.0,0.0,0.0,0.0,2.1,0.0,2.1
2015,Sunrisers Hyderabad,P Kumar,12,17.0,25.0,2.0,216.0,329.0,7.0,60.0,-23.4,-50.7,-74.1
2024,Punjab Kings,Shashank Singh,14,354.0,215.0,7.0,6.0,5.0,1.0,0.0,57.9,8.1,66.0
2012,Royal Challengers Bangalore,TM Dilshan,9,285.0,261.0,7.0,42.0,77.0,0.0,0.0,-3.0,-35.7,-38.7
2022,Gujarat Titans,Mohammed Shami,16,0.0,0.0,0.0,366.0,488.0,20.0,84.0,0.0,31.7,31.7
2014,Delhi Daredevils,MK Tiwary,8,152.0,118.0,5.0,12.0,28.0,0.0,6.0,-2.4,-14.5,-16.9
2021,Royal Challengers Bangalore,Mohammed Siraj,15,20.0,26.0,1.0,312.0,353.0,11.0,90.0,-11.2,44.5,33.3
2017,Mumbai Indians,RG Sharma,16,333.0,273.0,14.0,0.0,0.0,0.0,0.0,-30.2,0.0,-30.2
2013,Chennai Super Kings,CH Morris,16,14.0,16.0,2.0,300.0,401.0,15.0,96.0,-13.8,-15.2,-29.0
2024,Kolkata Knight Riders,AS Roy,3,3.0,3.0,0.0,34.0,60.0,0.0,4.0,-0.8,-16.4,-17.2
2011,Pune Warriors,S Rana,1,18.0,16.0,1.0,4.0,2.0,0.0,4.0,-3.4,2.2,-1.1
2013,Pune Warriors,B Kumar,16,52.0,71.0,7.0,342.0,371.0,13.0,102.0,-62.1,39.4,-22.7
2009,Delhi Daredevils,A Mishra,25,65.0,71.0,6.0,571.0,657.0,31.0,66.0,-39.4,82.2,42.8
2014,Royal Challengers Bangalore,CH Gayle,9,196.0,184.0,9.0,0.0,0.0,0.0,0.0,-36.1,0.0,-36.1
2015,Chennai Super Kings,F du Plessis,15,380.0,304.0,11.0,0.0,0.0,0.0,0.0,6.9,0.0,6.9
2022,Lucknow Super Giants,KL Rahul,15,616.0,455.0,11.0,0.0,0.0,0.0,0.0,86.4,0.0,86.4
2016,Sunrisers Hyderabad,Mustafizur Rahman,16,0.0,0.0,0.0,366.0,421.0,17.0,162.0,0.0,97.6,97.6
2009,Kolkata Knight Riders,SS Sarkar,2,0.0,0.0,0.0,25.0,34.0,1.0,13.0,0.0,-1.9,-1.9
2026,Delhi Capitals,L Ngidi,11,4.0,7.0,2.0,248.0,340.0,13.0,104.0,-16.7,73.9,57.2
2019,Rajasthan Royals,K Gowtham,7,18.0,19.0,3.0,120.0,166.0,1.0,0.0,-20.0,-30.0,-50.1
2016,Kolkata Knight Riders,AS Rajpoot,4,0.0,0.0,0.0,66.0,98.0,3.0,12.0,0.0,-7.7,-7.7
2014,Sunrisers Hyderabad,B Kumar,14,1.0,4.0,1.0,319.0,354.0,20.0,107.0,-9.5,110.4,100.9
2017,Rising Pune Supergiant,MK Tiwary,13,324.0,236.0,9.0,0.0,0.0,0.0,0.0,28.8,0.0,28.8
2018,Royal Challengers Bangalore,BB McCullum,6,127.0,88.0,6.0,0.0,0.0,0.0,0.0,-2.8,0.0,-2.8
2022,Rajasthan Royals,SO Hetmyer,15,314.0,204.0,7.0,0.0,0.0,0.0,0.0,47.1,0.0,47.1
2014,Delhi Daredevils,S Kaul,5,2.0,2.0,0.0,78.0,126.0,2.0,12.0,-0.2,-31.8,-32.1
2021,Kolkata Knight Riders,N Rana,16,383.0,314.0,13.0,12.0,12.0,0.0,0.0,0.6,0.3,1.0
2025,Kolkata Knight Riders,VR Iyer,7,142.0,102.0,7.0,0.0,0.0,0.0,0.0,-21.9,0.0,-21.9
2026,Rajasthan Royals,Dhruv Jurel,16,515.0,333.0,14.0,0.0,0.0,0.0,0.0,17.0,0.0,17.0
2012,Royal Challengers Bangalore,KP Appanna,6,0.0,0.0,0.0,102.0,148.0,6.0,0.0,0.0,-11.6,-11.6
2022,Lucknow Super Giants,KH Pandya,14,183.0,145.0,9.0,228.0,265.0,10.0,12.0,-23.3,38.9,15.6
2012,Delhi Daredevils,UT Yadav,17,2.0,7.0,2.0,366.0,453.0,19.0,138.0,-17.1,36.4,19.3
2022,Punjab Kings,VG Arora,5,5.0,13.0,2.0,107.0,164.0,3.0,11.0,-22.0,-32.2,-54.2
2019,Chennai Super Kings,SR Watson,17,398.0,312.0,17.0,0.0,0.0,0.0,0.0,-35.8,0.0,-35.8
2007,Chennai Super Kings,JDP Oram,4,18.0,12.0,1.0,96.0,149.0,3.0,24.0,-0.2,-29.4,-29.6
2026,Punjab Kings,MP Stoinis,10,216.0,120.0,6.0,47.0,98.0,2.0,11.0,31.7,-25.5,6.2
2022,Delhi Capitals,KK Ahmed,10,0.0,2.0,2.0,235.0,315.0,16.0,73.0,-14.3,42.9,28.6
2019,Chennai Super Kings,MS Dhoni,12,416.0,309.0,4.0,0.0,0.0,0.0,0.0,67.1,0.0,67.1
2016,Kings XI Punjab,R Dhawan,2,14.0,6.0,0.0,42.0,56.0,2.0,6.0,7.3,1.9,9.3
2020,Sunrisers Hyderabad,Rashid Khan,16,35.0,30.0,4.0,384.0,344.0,20.0,42.0,-23.7,188.0,164.3
2011,Deccan Chargers,JP Duminy,10,205.0,174.0,10.0,108.0,143.0,4.0,6.0,-21.1,-14.3,-35.3
2026,Lucknow Super Giants,Shahbaz Ahmed,5,58.0,41.0,0.0,67.0,130.0,5.0,13.0,7.3,-14.0,-6.7
2019,Sunrisers Hyderabad,Rashid Khan,15,34.0,23.0,5.0,360.0,377.0,17.0,66.0,-21.0,114.7,93.7
2017,Gujarat Lions,KD Karthik,13,361.0,259.0,9.0,0.0,0.0,0.0,0.0,43.7,0.0,43.7
2014,Mumbai Indians,RG Sharma,15,390.0,302.0,13.0,18.0,26.0,1.0,0.0,-0.1,-1.2,-1.2
2024,Mumbai Indians,Tilak Varma,13,416.0,278.0,10.0,4.0,8.0,0.0,4.0,31.7,-2.4,29.3
2017,Kolkata Knight Riders,TA Boult,6,5.0,8.0,0.0,143.0,216.0,5.0,71.0,-3.2,-26.9,-30.2
2009,Kolkata Knight Riders,CA Pujara,6,122.0,115.0,4.0,0.0,0.0,0.0,0.0,-7.7,0.0,-7.7
2011,Kings XI Punjab,DJ Hussey,8,64.0,63.0,6.0,18.0,38.0,1.0,0.0,-32.1,-14.5,-46.6
2024,Delhi Capitals,Mukesh Kumar,10,3.0,9.0,1.0,213.0,368.0,17.0,93.0,-14.5,13.3,-1.2
2023,Delhi Capitals,RR Rossouw,9,209.0,141.0,7.0,0.0,0.0,0.0,0.0,12.7,0.0,12.7
2026,Chennai Super Kings,SN Khan,7,161.0,95.0,7.0,0.0,0.0,0.0,0.0,-1.4,0.0,-1.4
2017,Gujarat Lions,DR Smith,12,239.0,156.0,10.0,78.0,148.0,2.0,12.0,17.1,-53.0,-35.9
2021,Rajasthan Royals,S Dube,9,230.0,193.0,8.0,30.0,49.0,0.0,0.0,-2.5,-19.5,-22.0
2007,Kings XI Punjab,LA Pomersbach,5,152.0,99.0,1.0,0.0,0.0,0.0,0.0,47.1,0.0,47.1
2016,Delhi Daredevils,P Negi,7,57.0,59.0,2.0,54.0,84.0,1.0,0.0,-17.7,-20.3,-38.0
2019,Chennai Super Kings,DJ Bravo,12,80.0,66.0,5.0,247.0,330.0,11.0,109.0,-19.3,9.8,-9.6
2020,Rajasthan Royals,AS Rajpoot,6,9.0,10.0,1.0,102.0,199.0,2.0,30.0,-8.6,-74.5,-83.1
2011,Kochi Tuskers Kerala,RV Gomez,11,46.0,50.0,5.0,90.0,124.0,5.0,6.0,-31.9,-3.8,-35.7
2013,Delhi Daredevils,A Nehra,10,1.0,8.0,4.0,216.0,316.0,11.0,72.0,-31.2,-38.4,-69.6
2020,Delhi Capitals,A Nortje,16,7.0,6.0,1.0,366.0,512.0,22.0,142.0,-5.9,30.7,24.8
2025,Delhi Capitals,MM Sharma,8,1.0,3.0,1.0,150.0,257.0,2.0,60.0,-8.6,-52.9,-61.5
2015,Mumbai Indians,AT Rayudu,14,281.0,193.0,9.0,0.0,0.0,0.0,0.0,20.3,0.0,20.3
2013,Rajasthan Royals,AL Menaria,1,1.0,2.0,1.0,0.0,0.0,0.0,0.0,-7.0,0.0,-7.0
2023,Lucknow Super Giants,Q de Kock,4,143.0,102.0,4.0,0.0,0.0,0.0,0.0,6.4,0.0,6.4
2026,Chennai Super Kings,SV Samson,14,477.0,288.0,11.0,0.0,0.0,0.0,0.0,43.0,0.0,43.0
2011,Mumbai Indians,DJ Jacobs,6,92.0,88.0,6.0,0.0,0.0,0.0,0.0,-20.6,0.0,-20.6
2009,Royal Challengers Bangalore,DW Steyn,18,13.0,20.0,5.0,408.0,468.0,17.0,108.0,-36.7,46.7,10.1
2023,Royal Challengers Bangalore,WD Parnell,7,2.0,5.0,1.0,151.0,236.0,9.0,25.0,-9.7,-1.9,-11.6
2009,Rajasthan Royals,P Dogra,8,107.0,106.0,5.0,0.0,0.0,0.0,0.0,-21.5,0.0,-21.5
2019,Delhi Capitals,A Mishra,11,21.0,24.0,2.0,240.0,270.0,11.0,18.0,-16.6,50.5,33.8
2007,Rajasthan Royals,Niraj Patel,4,103.0,81.0,2.0,0.0,0.0,0.0,0.0,10.8,0.0,10.8
2024,Mumbai Indians,JJ Bumrah,13,12.0,12.0,0.0,311.0,336.0,20.0,101.0,-3.3,187.3,184.0
2007,Kings XI Punjab,SM Katich,2,96.0,69.0,1.0,0.0,0.0,0.0,0.0,21.4,0.0,21.4
2015,Chennai Super Kings,A Nehra,16,1.0,7.0,1.0,372.0,449.0,22.0,84.0,-13.1,84.5,71.4
2021,Mumbai Indians,RD Chahar,11,14.0,15.0,4.0,258.0,318.0,13.0,12.0,-24.5,15.1,-9.5
2013,Pune Warriors,IC Pandey,2,0.0,2.0,1.0,24.0,50.0,1.0,0.0,-8.0,-21.8,-29.9
2020,Chennai Super Kings,F du Plessis,13,449.0,319.0,10.0,0.0,0.0,0.0,0.0,63.0,0.0,63.0
2013,Kolkata Knight Riders,MK Tiwary,9,146.0,140.0,8.0,0.0,0.0,0.0,0.0,-32.9,0.0,-32.9
2018,Mumbai Indians,KA Pollard,8,133.0,100.0,7.0,0.0,0.0,0.0,0.0,-15.4,0.0,-15.4
2013,Sunrisers Hyderabad,DB Ravi Teja,2,14.0,17.0,1.0,0.0,0.0,0.0,0.0,-7.9,0.0,-7.9
2016,Royal Challengers Bangalore,S Aravind,9,0.0,0.0,0.0,175.0,216.0,11.0,31.0,0.0,41.1,41.1
2017,Mumbai Indians,KV Sharma,9,49.0,41.0,6.0,184.0,214.0,13.0,0.0,-28.8,60.8,32.0
2021,Kolkata Knight Riders,Harbhajan Singh,3,4.0,4.0,0.0,42.0,63.0,0.0,6.0,0.1,-18.5,-18.4
2026,Chennai Super Kings,A Mhatre,6,201.0,113.0,5.0,0.0,0.0,0.0,0.0,27.8,0.0,27.8
2020,Kolkata Knight Riders,M Prasidh Krishna,6,2.0,4.0,0.0,105.0,164.0,4.0,18.0,-2.6,-26.6,-29.2
2011,Delhi Daredevils,M Morkel,11,40.0,25.0,2.0,258.0,325.0,13.0,60.0,4.0,4.5,8.4
2022,Rajasthan Royals,JDS Neesham,2,31.0,27.0,1.0,18.0,29.0,0.0,0.0,-4.1,-10.0,-14.1
2024,Mumbai Indians,N Thushara,7,0.0,0.0,0.0,156.0,257.0,8.0,60.0,0.0,-3.0,-3.0
2022,Kolkata Knight Riders,Harshit Rana,2,2.0,2.0,1.0,30.0,51.0,1.0,0.0,-6.2,-13.4,-19.6
2020,Sunrisers Hyderabad,KS Williamson,11,317.0,237.0,7.0,12.0,24.0,0.0,0.0,25.2,-11.4,13.9
2007,Kolkata Knight Riders,Shoaib Akhtar,3,2.0,7.0,1.0,42.0,54.0,5.0,0.0,-11.1,18.8,7.7
2013,Kings XI Punjab,RJ Harris,3,2.0,5.0,1.0,72.0,72.0,1.0,18.0,-9.1,3.7,-5.5
2015,Mumbai Indians,SL Malinga,15,6.0,10.0,0.0,360.0,444.0,24.0,150.0,-5.5,103.5,98.0
2020,Royal Challengers Bangalore,UT Yadav,2,0.0,2.0,1.0,42.0,83.0,0.0,0.0,-8.0,-39.0,-47.0
2020,Mumbai Indians,Q de Kock,16,503.0,358.0,14.0,0.0,0.0,0.0,0.0,59.8,0.0,59.8
2013,Pune Warriors,BAW Mendis,3,2.0,4.0,1.0,72.0,78.0,2.0,6.0,-8.1,1.8,-6.3
2011,Pune Warriors,SC Ganguly,3,50.0,59.0,2.0,0.0,0.0,0.0,0.0,-17.0,0.0,-17.0
2012,Kings XI Punjab,SD Chitnis,4,66.0,62.0,3.0,0.0,0.0,0.0,0.0,-10.8,0.0,-10.8
2013,Pune Warriors,KW Richardson,3,34.0,36.0,2.0,71.0,101.0,2.0,23.0,-12.6,-19.4,-32.1
2026,Chennai Super Kings,AJ Hosein,7,5.0,3.0,0.0,148.0,198.0,8.0,10.0,1.3,46.9,48.2
2018,Delhi Daredevils,JJ Roy,5,120.0,94.0,4.0,0.0,0.0,0.0,0.0,-7.2,0.0,-7.2
2012,Royal Challengers Bangalore,P Parameswaran,3,0.0,1.0,0.0,60.0,87.0,5.0,18.0,-1.0,4.1,3.1
2020,Royal Challengers Bangalore,Gurkeerat Singh,5,71.0,80.0,0.0,0.0,0.0,0.0,0.0,-15.7,0.0,-15.7
2017,Delhi Daredevils,SW Billings,6,138.0,104.0,6.0,0.0,0.0,0.0,0.0,-7.0,0.0,-7.0
2022,Punjab Kings,Sandeep Sharma,5,0.0,0.0,0.0,120.0,153.0,2.0,18.0,0.0,-11.7,-11.7
2014,Mumbai Indians,S Gopal,4,11.0,10.0,0.0,84.0,113.0,6.0,6.0,-0.2,11.7,11.5
2007,Delhi Daredevils,A Mishra,6,37.0,42.0,3.0,119.0,138.0,11.0,18.0,-23.5,55.8,32.3
2015,Royal Challengers Bangalore,DJG Sammy,2,13.0,18.0,2.0,18.0,25.0,0.0,0.0,-17.1,-6.2,-23.3
2007,Mumbai Indians,RR Raje,6,8.0,9.0,0.0,98.0,137.0,5.0,26.0,-1.5,-0.4,-1.9
2013,Kolkata Knight Riders,PJ Sangwan,2,4.0,2.0,0.0,24.0,51.0,0.0,0.0,2.0,-28.8,-26.9
2026,Chennai Super Kings,SH Johnson,3,0.0,1.0,1.0,66.0,112.0,2.0,6.0,-7.2,-10.4,-17.6
2007,Mumbai Indians,DS Kulkarni,10,2.0,16.0,0.0,177.0,236.0,11.0,51.0,-14.8,21.6,6.8
2015,Kolkata Knight Riders,PJ Cummins,3,0.0,2.0,1.0,60.0,97.0,1.0,18.0,-8.3,-25.3,-33.6
2016,Kolkata Knight Riders,C Munro,4,30.0,30.0,1.0,12.0,15.0,0.0,0.0,-6.6,-2.1,-8.7
2011,Rajasthan Royals,R Dravid,12,343.0,314.0,11.0,0.0,0.0,0.0,0.0,-5.6,0.0,-5.6
2016,Rising Pune Supergiants,R Bhatia,10,34.0,20.0,1.0,204.0,244.0,6.0,12.0,5.7,12.5,18.1
2007,Royal Challengers Bangalore,B Chipli,3,20.0,28.0,3.0,0.0,0.0,0.0,0.0,-24.4,0.0,-24.4
2016,Kolkata Knight Riders,Kuldeep Yadav,3,0.0,0.0,0.0,72.0,100.0,6.0,12.0,0.0,15.0,15.0
2020,Delhi Capitals,I Sharma,1,0.0,0.0,0.0,18.0,26.0,0.0,0.0,0.0,-7.1,-7.1
2007,Kolkata Knight Riders,BJ Hodge,3,12.0,17.0,2.0,0.0,0.0,0.0,0.0,-16.0,0.0,-16.0
2015,Mumbai Indians,CJ Anderson,4,114.0,97.0,3.0,24.0,33.0,1.0,0.0,-4.1,-2.1,-6.2
2019,Mumbai Indians,Yuvraj Singh,4,98.0,75.0,4.0,0.0,0.0,0.0,0.0,-2.6,0.0,-2.6
2012,Royal Challengers Bangalore,A Mithun,1,0.0,0.0,0.0,18.0,33.0,0.0,6.0,0.0,-14.7,-14.7
2015,Mumbai Indians,AP Tare,2,14.0,17.0,2.0,0.0,0.0,0.0,0.0,-14.5,0.0,-14.5
2007,Mumbai Indians,AM Rahane,2,4.0,17.0,2.0,0.0,0.0,0.0,0.0,-24.0,0.0,-24.0
2009,Deccan Chargers,SB Styris,2,14.0,8.0,1.0,48.0,64.0,5.0,18.0,0.6,14.2,14.8
2009,Mumbai Indians,C Nanda,3,0.0,1.0,1.0,48.0,57.0,2.0,6.0,-7.0,1.2,-5.8
2022,Delhi Capitals,KL Nagarkoti,1,0.0,0.0,0.0,12.0,29.0,0.0,0.0,0.0,-16.4,-16.4
2020,Kolkata Knight Riders,T Banton,2,18.0,20.0,2.0,0.0,0.0,0.0,0.0,-13.9,0.0,-13.9
2023,Royal Challengers Bangalore,RJW Topley,1,0.0,0.0,0.0,12.0,14.0,1.0,0.0,0.0,6.3,6.3
2018,Rajasthan Royals,Ankit Sharma,1,0.0,0.0,0.0,6.0,11.0,0.0,0.0,0.0,-4.1,-4.1
2017,Kings XI Punjab,DA Miller,4,83.0,80.0,3.0,0.0,0.0,0.0,0.0,-16.2,0.0,-16.2
2026,Kolkata Knight Riders,MK Pandey,2,70.0,49.0,2.0,0.0,0.0,0.0,0.0,-3.6,0.0,-3.6
2009,Mumbai Indians,STR Binny,1,8.0,5.0,1.0,6.0,9.0,0.0,0.0,-3.0,-3.4,-6.4
2011,Kolkata Knight Riders,SP Goswami,4,29.0,29.0,3.0,0.0,0.0,0.0,0.0,-14.1,0.0,-14.1
2009,Mumbai Indians,YV Takawale,1,18.0,22.0,1.0,0.0,0.0,0.0,0.0,-8.1,0.0,-8.1
2023,Lucknow Super Giants,R Shepherd,1,0.0,1.0,1.0,0.0,0.0,0.0,0.0,-7.1,0.0,-7.1
2024,Mumbai Indians,Arjun Tendulkar,1,0.0,0.0,0.0,14.0,22.0,0.0,0.0,0.0,-4.2,-4.2
2016,Delhi Daredevils,NM Coulter-Nile,4,9.0,14.0,0.0,90.0,114.0,3.0,24.0,-5.9,3.8,-2.1
2025,Mumbai Indians,RA Bawa,1,8.0,4.0,0.0,0.0,0.0,0.0,0.0,3.1,0.0,3.1
2009,Mumbai Indians,RA Shaikh,1,0.0,0.0,0.0,6.0,11.0,0.0,0.0,0.0,-5.0,-5.0
2009,Kings XI Punjab,TM Srivastava,1,0.0,1.0,0.0,0.0,0.0,0.0,0.0,-1.0,0.0,-1.0
2014,Rajasthan Royals,STR Binny,13,123.0,121.0,9.0,54.0,64.0,3.0,6.0,-56.2,10.9,-45.3
2026,Punjab Kings,Arshdeep Singh,14,1.0,1.0,0.0,318.0,541.0,14.0,78.0,-0.2,-25.3,-25.6
2015,Kings XI Punjab,GJ Bailey,13,259.0,190.0,10.0,0.0,0.0,0.0,0.0,0.3,0.0,0.3
2015,Royal Challengers Bangalore,MS Bisla,2,37.0,30.0,2.0,0.0,0.0,0.0,0.0,-4.1,0.0,-4.1
2024,Chennai Super Kings,Sameer Rizvi,5,51.0,43.0,4.0,0.0,0.0,0.0,0.0,-23.9,0.0,-23.9
2007,Delhi Daredevils,KD Karthik,8,145.0,107.0,6.0,0.0,0.0,0.0,0.0,0.7,0.0,0.7
2009,Rajasthan Royals,NV Ojha,22,545.0,429.0,18.0,0.0,0.0,0.0,0.0,46.3,0.0,46.3
2025,Mumbai Indians,DL Chahar,14,37.0,25.0,1.0,246.0,376.0,11.0,18.0,0.7,15.8,16.5
2017,Rising Pune Supergiant,MA Agarwal,3,26.0,27.0,3.0,0.0,0.0,0.0,0.0,-20.7,0.0,-20.7
2025,Punjab Kings,Priyansh Arya,18,545.0,299.0,18.0,0.0,0.0,0.0,0.0,63.2,0.0,63.2
2007,Chennai Super Kings,ML Hayden,4,189.0,131.0,2.0,0.0,0.0,0.0,0.0,48.7,0.0,48.7
2011,Kings XI Punjab,SE Marsh,13,504.0,344.0,12.0,0.0,0.0,0.0,0.0,112.5,0.0,112.5
2009,Kings XI Punjab,VRV Singh,5,0.0,0.0,0.0,72.0,122.0,1.0,18.0,0.0,-43.9,-43.9
2011,Deccan Chargers,PP Ojha,10,0.0,0.0,0.0,221.0,267.0,10.0,47.0,0.0,13.7,13.7
2022,Sunrisers Hyderabad,AK Markram,13,381.0,274.0,8.0,36.0,64.0,1.0,0.0,49.1,-19.6,29.5
2021,Rajasthan Royals,Kartik Tyagi,4,2.0,4.0,1.0,84.0,124.0,4.0,18.0,-7.9,-12.2,-20.0
2025,Lucknow Super Giants,DS Rathi,13,1.0,3.0,1.0,312.0,429.0,14.0,60.0,-8.6,53.8,45.1
2024,Sunrisers Hyderabad,M Jansen,3,18.0,13.0,1.0,60.0,129.0,1.0,6.0,-3.1,-48.2,-51.3
2011,Kolkata Knight Riders,MK Tiwary,14,359.0,325.0,7.0,12.0,23.0,0.0,0.0,12.5,-11.0,1.5
2026,Rajasthan Royals,V Suryavanshi,16,776.0,327.0,16.0,0.0,0.0,0.0,0.0,257.9,0.0,257.9
2022,Delhi Capitals,MR Marsh,8,251.0,189.0,7.0,72.0,102.0,4.0,12.0,18.1,1.0,19.1
2024,Royal Challengers Bengaluru,C Green,13,255.0,178.0,8.0,211.0,303.0,10.0,49.0,-4.8,17.6,12.8
2026,Delhi Capitals,N Rana,9,225.0,149.0,9.0,24.0,55.0,0.0,0.0,-17.4,-23.0,-40.4
2009,Rajasthan Royals,AS Raut,13,134.0,109.0,6.0,24.0,36.0,0.0,12.0,-7.0,-11.4,-18.3
2013,Rajasthan Royals,STR Binny,17,293.0,199.0,8.0,144.0,162.0,6.0,24.0,57.9,13.8,71.7
2022,Delhi Capitals,RV Patel,1,6.0,3.0,1.0,0.0,0.0,0.0,0.0,-3.0,0.0,-3.0
2015,Sunrisers Hyderabad,Parvez Rasool,2,2.0,2.0,0.0,30.0,31.0,1.0,0.0,-0.3,6.3,5.9
2017,Kolkata Knight Riders,MK Pandey,13,396.0,308.0,8.0,0.0,0.0,0.0,0.0,34.8,0.0,34.8
2007,Deccan Chargers,HH Gibbs,9,167.0,153.0,9.0,0.0,0.0,0.0,0.0,-34.3,0.0,-34.3
2009,Rajasthan Royals,AD Mascarenhas,7,51.0,49.0,5.0,164.0,197.0,10.0,2.0,-24.7,23.3,-1.5
2012,Pune Warriors,R Sharma,11,2.0,11.0,3.0,222.0,300.0,9.0,48.0,-27.2,-21.8,-48.9
2022,Punjab Kings,M Shahrukh Khan,8,117.0,108.0,7.0,0.0,0.0,0.0,0.0,-38.8,0.0,-38.8
2023,Lucknow Super Giants,N Pooran,15,358.0,207.0,11.0,0.0,0.0,0.0,0.0,63.3,0.0,63.3
2009,Kings XI Punjab,DPMD Jayawardene,23,658.0,463.0,16.0,0.0,0.0,0.0,0.0,135.5,0.0,135.5
2024,Sunrisers Hyderabad,B Kumar,16,23.0,29.0,3.0,342.0,533.0,11.0,66.0,-30.4,-22.5,-52.8
2011,Mumbai Indians,RG Sharma,14,372.0,297.0,10.0,24.0,53.0,0.0,0.0,32.2,-29.0,3.2
2025,Gujarat Titans,R Sai Kishore,15,5.0,10.0,2.0,255.0,393.0,19.0,51.0,-19.1,39.4,20.3
2011,Kochi Tuskers Kerala,VVS Laxman,3,44.0,42.0,2.0,0.0,0.0,0.0,0.0,-5.1,0.0,-5.1
2021,Kolkata Knight Riders,Shivam Mavi,9,25.0,20.0,2.0,193.0,233.0,11.0,49.0,-6.4,36.0,29.6
2013,Sunrisers Hyderabad,BB Samantray,7,123.0,111.0,5.0,0.0,0.0,0.0,0.0,-9.5,0.0,-9.5
2023,Punjab Kings,M Shahrukh Khan,13,156.0,94.0,7.0,0.0,0.0,0.0,0.0,7.8,0.0,7.8
2007,Kolkata Knight Riders,AB Dinda,13,2.0,4.0,1.0,234.0,260.0,9.0,18.0,-8.2,38.2,30.0
2011,Royal Challengers Bangalore,S Aravind,13,13.0,8.0,0.0,276.0,368.0,21.0,66.0,5.3,26.9,32.2
2022,Mumbai Indians,RP Meredith,8,0.0,1.0,0.0,168.0,236.0,8.0,60.0,-1.2,1.9,0.8
2024,Gujarat Titans,BR Sharath,1,2.0,5.0,1.0,0.0,0.0,0.0,0.0,-9.6,0.0,-9.6
2026,Gujarat Titans,R Tewatia,15,190.0,132.0,7.0,0.0,0.0,0.0,0.0,-14.5,0.0,-14.5
2009,Mumbai Indians,SS Tiwary,18,432.0,321.0,14.0,0.0,0.0,0.0,0.0,55.7,0.0,55.7
2012,Rajasthan Royals,AM Rahane,16,560.0,433.0,13.0,0.0,0.0,0.0,0.0,74.9,0.0,74.9
2007,Deccan Chargers,RG Sharma,12,404.0,273.0,11.0,24.0,25.0,1.0,0.0,62.9,6.5,69.4
2021,Rajasthan Royals,Mustafizur Rahman,14,8.0,14.0,0.0,311.0,436.0,14.0,123.0,-5.5,-26.1,-31.7
2022,Delhi Capitals,A Nortje,6,1.0,6.0,0.0,134.0,217.0,9.0,44.0,-5.9,-13.1,-19.0
2026,Mumbai Indians,Tilak Varma,14,359.0,246.0,12.0,0.0,0.0,0.0,0.0,-18.0,0.0,-18.0
2024,Lucknow Super Giants,MP Yadav,4,0.0,0.0,0.0,73.0,85.0,7.0,7.0,0.0,46.0,46.0
2023,Chennai Super Kings,RD Gaikwad,15,590.0,400.0,13.0,0.0,0.0,0.0,0.0,67.7,0.0,67.7
2014,Kings XI Punjab,MG Johnson,14,56.0,50.0,3.0,321.0,444.0,17.0,105.0,-18.0,4.8,-13.2
2021,Chennai Super Kings,RA Jadeja,16,227.0,156.0,3.0,294.0,346.0,13.0,6.0,59.8,21.4,81.2
2013,Kings XI Punjab,AD Mascarenhas,1,5.0,5.0,0.0,24.0,25.0,0.0,0.0,-0.1,-2.8,-2.9
2014,Mumbai Indians,AP Tare,12,126.0,98.0,8.0,0.0,0.0,0.0,0.0,-20.0,0.0,-20.0
2018,Delhi Daredevils,TA Boult,14,0.0,2.0,1.0,316.0,466.0,18.0,112.0,-8.1,12.5,4.5
2024,Sunrisers Hyderabad,TM Head,15,567.0,296.0,14.0,10.0,32.0,0.0,0.0,129.7,-20.2,109.5
2014,Kolkata Knight Riders,G Gambhir,16,335.0,293.0,14.0,0.0,0.0,0.0,0.0,-36.3,0.0,-36.3
2018,Sunrisers Hyderabad,KS Williamson,17,735.0,516.0,14.0,0.0,0.0,0.0,0.0,103.9,0.0,103.9
2007,Kolkata Knight Riders,T Taibu,3,31.0,26.0,3.0,0.0,0.0,0.0,0.0,-13.4,0.0,-13.4
2012,Kolkata Knight Riders,SP Narine,15,9.0,7.0,1.0,355.0,324.0,24.0,157.0,-4.1,186.9,182.8
2019,Chennai Super Kings,SN Thakur,9,14.0,7.0,1.0,180.0,281.0,8.0,66.0,0.4,-28.6,-28.2
2018,Sunrisers Hyderabad,WP Saha,10,122.0,102.0,8.0,0.0,0.0,0.0,0.0,-38.8,0.0,-38.8
2020,Kolkata Knight Riders,Shubman Gill,14,440.0,373.0,12.0,0.0,0.0,0.0,0.0,-8.8,0.0,-8.8
2024,Lucknow Super Giants,MJ Henry,4,0.0,0.0,0.0,72.0,110.0,1.0,6.0,0.0,-11.1,-11.1
2018,Royal Challengers Bangalore,M Ashwin,2,1.0,2.0,1.0,42.0,53.0,3.0,12.0,-7.1,11.9,4.9
2019,Royal Challengers Bangalore,DW Steyn,2,0.0,0.0,0.0,48.0,69.0,4.0,12.0,0.0,9.6,9.6
2017,Gujarat Lions,JP Faulkner,8,54.0,57.0,4.0,158.0,258.0,6.0,56.0,-28.2,-50.2,-78.4
2021,Mumbai Indians,KA Pollard,14,245.0,165.0,8.0,79.0,95.0,5.0,7.0,39.4,13.2,52.6
2025,Chennai Super Kings,R Ashwin,9,33.0,30.0,4.0,186.0,283.0,7.0,6.0,-27.7,-6.4,-34.0
2011,Delhi Daredevils,AJ Finch,6,47.0,46.0,6.0,12.0,13.0,0.0,6.0,-30.7,-0.7,-31.4
2019,Delhi Capitals,PP Shaw,16,353.0,264.0,15.0,0.0,0.0,0.0,0.0,-18.1,0.0,-18.1
2019,Chennai Super Kings,M Vijay,2,64.0,61.0,2.0,0.0,0.0,0.0,0.0,-11.7,0.0,-11.7
2024,Chennai Super Kings,RD Gaikwad,14,583.0,413.0,11.0,0.0,0.0,0.0,0.0,25.7,0.0,25.7
2014,Kings XI Punjab,AR Patel,17,62.0,60.0,5.0,396.0,405.0,17.0,90.0,-31.9,124.1,92.2
2009,Delhi Daredevils,Y Nagar,2,21.0,26.0,2.0,30.0,48.0,3.0,0.0,-15.3,-1.5,-16.7
2021,Mumbai Indians,Q de Kock,11,297.0,256.0,10.0,0.0,0.0,0.0,0.0,-16.2,0.0,-16.2
2019,Sunrisers Hyderabad,S Kaul,7,0.0,1.0,1.0,162.0,242.0,6.0,42.0,-7.1,-28.7,-35.8
2024,Rajasthan Royals,R Parag,14,573.0,384.0,11.0,18.0,27.0,0.0,0.0,58.5,-5.8,52.7
2012,Rajasthan Royals,BJ Hodge,12,245.0,175.0,8.0,12.0,21.0,1.0,0.0,25.3,-3.2,22.2
2019,Mumbai Indians,KA Pollard,14,279.0,178.0,8.0,0.0,0.0,0.0,0.0,43.7,0.0,43.7
2022,Lucknow Super Giants,Q de Kock,15,508.0,341.0,14.0,0.0,0.0,0.0,0.0,82.1,0.0,82.1
2012,Delhi Daredevils,LRPL Taylor,12,197.0,171.0,9.0,0.0,0.0,0.0,0.0,-18.8,0.0,-18.8
2009,Mumbai Indians,KA Pollard,14,273.0,147.0,12.0,222.0,274.0,15.0,36.0,60.5,31.6,92.2
2023,Kolkata Knight Riders,Mandeep Singh,3,14.0,16.0,3.0,0.0,0.0,0.0,0.0,-21.6,0.0,-21.6
2024,Sunrisers Hyderabad,T Natarajan,14,0.0,0.0,0.0,308.0,465.0,19.0,116.0,0.0,48.8,48.8
2022,Rajasthan Royals,Navdeep Saini,2,2.0,2.0,1.0,36.0,72.0,3.0,6.0,-6.3,-14.6,-20.9
2013,Chennai Super Kings,MEK Hussey,17,733.0,566.0,13.0,0.0,0.0,0.0,0.0,150.9,0.0,150.9
2009,Kings XI Punjab,SJ Srivastava,8,1.0,2.0,1.0,162.0,255.0,6.0,24.0,-7.0,-57.8,-64.8
2020,Mumbai Indians,SS Tiwary,5,103.0,80.0,5.0,0.0,0.0,0.0,0.0,-9.3,0.0,-9.3
2021,Delhi Capitals,A Nortje,8,0.0,0.0,0.0,182.0,187.0,12.0,68.0,0.0,77.2,77.2
2016,Gujarat Lions,DJ Bravo,15,99.0,82.0,8.0,336.0,494.0,17.0,162.0,-36.6,-6.5,-43.1
2013,Kolkata Knight Riders,SMSM Senanayake,8,10.0,17.0,1.0,192.0,209.0,9.0,24.0,-13.4,25.4,12.0
2024,Rajasthan Royals,TA Boult,15,14.0,16.0,1.0,320.0,443.0,16.0,56.0,-12.4,68.0,55.6
2013,Mumbai Indians,SR Tendulkar,14,287.0,231.0,13.0,0.0,0.0,0.0,0.0,7.0,0.0,7.0
2009,Mumbai Indians,CRD Fernando,5,2.0,2.0,0.0,114.0,138.0,7.0,30.0,0.0,19.2,19.2
2007,Royal Challengers Bangalore,R Vinay Kumar,8,25.0,22.0,3.0,138.0,182.0,5.0,12.0,-15.8,-4.9,-20.6
2021,Delhi Capitals,Avesh Khan,16,5.0,3.0,0.0,366.0,450.0,24.0,162.0,2.1,79.4,81.5
2026,Royal Challengers Bengaluru,D Padikkal,15,464.0,275.0,14.0,0.0,0.0,0.0,0.0,31.0,0.0,31.0
2024,Sunrisers Hyderabad,AK Markram,11,220.0,177.0,9.0,12.0,15.0,0.0,0.0,-41.3,-0.8,-42.2
2024,Chennai Super Kings,SN Thakur,9,21.0,17.0,1.0,190.0,309.0,5.0,72.0,-6.7,-32.4,-39.1
2026,Mumbai Indians,DL Chahar,8,25.0,19.0,2.0,153.0,265.0,8.0,33.0,-10.5,-6.9,-17.4
2013,Kings XI Punjab,AC Gilchrist,13,294.0,229.0,12.0,1.0,0.0,1.0,1.0,21.7,7.1,28.8
2026,Punjab Kings,Vijaykumar Vyshak,9,2.0,4.0,0.0,186.0,330.0,9.0,42.0,-3.0,-32.0,-35.0
2011,Pune Warriors,M Kartik,6,12.0,15.0,1.0,125.0,166.0,1.0,18.0,-8.3,-36.7,-45.0
2026,Royal Challengers Bengaluru,V Kohli,16,675.0,407.0,12.0,0.0,0.0,0.0,0.0,85.5,0.0,85.5
2013,Rajasthan Royals,R Shukla,3,1.0,2.0,0.0,48.0,79.0,3.0,6.0,-1.0,-15.6,-16.7
2022,Sunrisers Hyderabad,B Kumar,14,24.0,26.0,2.0,313.0,383.0,12.0,127.0,-18.0,43.2,25.2
2021,Sunrisers Hyderabad,V Shankar,6,58.0,52.0,5.0,66.0,100.0,3.0,18.0,-21.8,-15.6,-37.4
2025,Punjab Kings,XC Bartlett,4,11.0,15.0,1.0,60.0,96.0,2.0,0.0,-12.7,-5.0,-17.7
2012,Kings XI Punjab,PC Valthaty,6,30.0,51.0,6.0,6.0,16.0,0.0,0.0,-53.2,-10.1,-63.2
2013,Rajasthan Royals,BJ Hodge,14,293.0,218.0,7.0,6.0,3.0,0.0,0.0,39.8,2.4,42.2
2025,Royal Challengers Bengaluru,KH Pandya,15,109.0,86.0,6.0,276.0,379.0,17.0,24.0,-30.2,67.7,37.5
2015,Delhi Daredevils,KM Jadhav,12,189.0,140.0,8.0,0.0,0.0,0.0,0.0,-7.0,0.0,-7.0
2025,Lucknow Super Giants,AK Markram,13,445.0,299.0,13.0,66.0,102.0,4.0,0.0,-3.1,4.2,1.2
2025,Royal Challengers Bengaluru,L Ngidi,2,0.0,2.0,0.0,48.0,81.0,4.0,12.0,-2.4,5.1,2.7
2007,Mumbai Indians,SD Chitnis,3,18.0,10.0,2.0,36.0,60.0,2.0,6.0,-4.5,-9.4,-13.9
2014,Chennai Super Kings,DR Smith,16,566.0,416.0,16.0,60.0,95.0,4.0,12.0,64.2,-6.3,57.9
2022,Gujarat Titans,HH Pandya,15,487.0,371.0,9.0,183.0,222.0,8.0,27.0,49.0,24.4,73.4
2013,Kings XI Punjab,R Sathish,8,109.0,77.0,5.0,24.0,51.0,0.0,12.0,4.5,-26.3,-21.8
2023,Kolkata Knight Riders,UT Yadav,8,19.0,18.0,2.0,114.0,189.0,1.0,6.0,-13.5,-48.5,-61.9
2011,Pune Warriors,AA Jhunjhunwala,3,10.0,18.0,2.0,12.0,22.0,0.0,0.0,-18.4,-10.0,-28.5
2016,Kings XI Punjab,M Vohra,7,161.0,131.0,7.0,0.0,0.0,0.0,0.0,-12.6,0.0,-12.6
2021,Kolkata Knight Riders,RA Tripathi,16,397.0,283.0,14.0,0.0,0.0,0.0,0.0,39.0,0.0,39.0
2023,Delhi Capitals,RV Patel,4,49.0,43.0,2.0,0.0,0.0,0.0,0.0,-11.5,0.0,-11.5
2025,Gujarat Titans,B Sai Sudharsan,15,759.0,486.0,14.0,0.0,0.0,0.0,0.0,76.0,0.0,76.0
2007,Deccan Chargers,DNT Zoysa,3,11.0,9.0,1.0,66.0,99.0,2.0,18.0,-4.4,-16.6,-21.0
2026,Gujarat Titans,Ashok Sharma,6,1.0,4.0,0.0,126.0,228.0,6.0,48.0,-3.9,-25.0,-28.9
2024,Delhi Capitals,J Fraser-McGurk,9,330.0,141.0,8.0,0.0,0.0,0.0,0.0,112.3,0.0,112.3
2021,Chennai Super Kings,L Ngidi,3,0.0,0.0,0.0,72.0,125.0,5.0,24.0,0.0,-20.6,-20.6
2016,Delhi Daredevils,S Nadeem,4,1.0,5.0,0.0,90.0,127.0,2.0,12.0,-4.6,-17.3,-21.8
2015,Kings XI Punjab,DA Miller,13,357.0,266.0,11.0,0.0,0.0,0.0,0.0,16.6,0.0,16.6
2018,Mumbai Indians,Mustafizur Rahman,7,1.0,3.0,1.0,165.0,230.0,7.0,63.0,-8.4,2.9,-5.5
2007,Royal Challengers Bangalore,LRPL Taylor,4,149.0,81.0,4.0,0.0,0.0,0.0,0.0,46.6,0.0,46.6
2018,Sunrisers Hyderabad,Basil Thampi,4,3.0,6.0,1.0,61.0,114.0,5.0,25.0,-9.3,-14.1,-23.4
2023,Chennai Super Kings,AM Rahane,11,326.0,189.0,10.0,0.0,0.0,0.0,0.0,59.1,0.0,59.1
2024,Gujarat Titans,S Sandeep Warrier,5,0.0,0.0,0.0,66.0,119.0,6.0,0.0,0.0,1.5,1.5
2015,Chennai Super Kings,IC Pandey,10,0.0,0.0,0.0,186.0,223.0,11.0,12.0,0.0,38.1,38.1
2019,Mumbai Indians,AS Joseph,3,15.0,13.0,0.0,52.0,87.0,6.0,10.0,0.9,6.6,7.5
2020,Mumbai Indians,TA Boult,15,0.0,1.0,1.0,344.0,457.0,25.0,110.0,-7.2,74.2,67.0
2024,Lucknow Super Giants,Yudhvir Singh,2,21.0,14.0,2.0,24.0,52.0,1.0,18.0,-8.3,-13.0,-21.3
2014,Royal Challengers Bangalore,AN Ahmed,4,4.0,1.0,0.0,86.0,113.0,3.0,38.0,2.9,0.2,3.1
2018,Sunrisers Hyderabad,Mohammad Nabi,2,18.0,12.0,2.0,30.0,47.0,1.0,0.0,-6.5,-6.9,-13.4
2007,Deccan Chargers,LPC Silva,3,40.0,26.0,2.0,6.0,21.0,0.0,6.0,1.9,-14.0,-12.1
2012,Pune Warriors,MN Samuels,8,124.0,123.0,6.0,172.0,216.0,8.0,46.0,-28.3,6.2,-22.2
2022,Chennai Super Kings,PH Solanki,2,0.0,0.0,0.0,36.0,38.0,2.0,12.0,0.0,14.8,14.8
2011,Mumbai Indians,A Symonds,9,135.0,138.0,3.0,24.0,41.0,1.0,0.0,-14.5,-11.0,-25.5
2014,Delhi Daredevils,KM Jadhav,10,149.0,101.0,3.0,0.0,0.0,0.0,0.0,19.6,0.0,19.6
2012,Deccan Chargers,A Mishra,14,16.0,20.0,3.0,282.0,377.0,13.0,42.0,-22.3,-16.1,-38.4
2007,Delhi Daredevils,PJ Sangwan,7,2.0,5.0,2.0,144.0,215.0,5.0,30.0,-15.3,-30.9,-46.2
2009,Rajasthan Royals,SB Wagh,1,0.0,0.0,0.0,6.0,16.0,1.0,0.0,0.0,-4.0,-4.0
2019,Mumbai Indians,JP Behrendorff,5,0.0,0.0,0.0,114.0,165.0,5.0,6.0,0.0,-8.8,-8.8
2023,Gujarat Titans,A Manohar,6,114.0,83.0,6.0,0.0,0.0,0.0,0.0,-13.0,0.0,-13.0
2022,Mumbai Indians,FA Allen,1,8.0,7.0,1.0,24.0,46.0,1.0,0.0,-6.1,-14.6,-20.7
2025,Mumbai Indians,KV Sharma,5,1.0,1.0,0.0,90.0,128.0,7.0,18.0,-0.2,26.1,25.9
2026,Lucknow Super Giants,Himmat Singh,5,92.0,69.0,3.0,0.0,0.0,0.0,0.0,-10.8,0.0,-10.8
2015,Kings XI Punjab,NLTC Perera,2,12.0,15.0,2.0,36.0,55.0,1.0,6.0,-15.0,-10.2,-25.2
2009,Chennai Super Kings,T Thushara,6,12.0,18.0,2.0,135.0,161.0,8.0,45.0,-18.0,24.9,6.9
2014,Delhi Daredevils,JD Unadkat,9,1.0,6.0,1.0,187.0,270.0,9.0,67.0,-11.3,-11.7,-23.0
2019,Mumbai Indians,Rasikh Salam,1,5.0,4.0,0.0,24.0,42.0,0.0,6.0,0.7,-15.2,-14.5
2023,Sunrisers Hyderabad,Kartik Tyagi,3,0.0,0.0,0.0,37.0,92.0,1.0,7.0,0.0,-42.3,-42.3
2019,Royal Challengers Bangalore,P Negi,5,9.0,12.0,4.0,67.0,102.0,3.0,7.0,-28.0,-12.7,-40.7
2011,Kings XI Punjab,P Kumar,13,27.0,31.0,3.0,276.0,345.0,10.0,18.0,-20.8,-23.5,-44.3
2016,Mumbai Indians,PA Patel,10,177.0,152.0,10.0,0.0,0.0,0.0,0.0,-36.6,0.0,-36.6
2013,Sunrisers Hyderabad,Q de Kock,3,6.0,15.0,3.0,0.0,0.0,0.0,0.0,-24.8,0.0,-24.8
2019,Delhi Capitals,SE Rutherford,7,73.0,54.0,5.0,41.0,59.0,1.0,5.0,-14.3,-9.3,-23.5
2023,Punjab Kings,Harpreet Singh,3,76.0,59.0,2.0,0.0,0.0,0.0,0.0,-0.7,0.0,-0.7
2011,Pune Warriors,CJ Ferguson,4,48.0,54.0,2.0,0.0,0.0,0.0,0.0,-14.6,0.0,-14.6
2017,Kings XI Punjab,SE Marsh,8,264.0,194.0,8.0,0.0,0.0,0.0,0.0,15.1,0.0,15.1
2026,Gujarat Titans,M Shahrukh Khan,5,43.0,33.0,3.0,0.0,0.0,0.0,0.0,-15.2,0.0,-15.2
2007,Deccan Chargers,VVS Laxman,6,155.0,132.0,5.0,0.0,0.0,0.0,0.0,-3.1,0.0,-3.1
2014,Rajasthan Royals,KK Cooper,5,39.0,26.0,3.0,108.0,134.0,4.0,42.0,-5.2,8.7,3.4
2022,Lucknow Super Giants,KS Sharma,1,4.0,4.0,1.0,0.0,0.0,0.0,0.0,-5.9,0.0,-5.9
2014,Rajasthan Royals,BCJ Cutting,1,8.0,6.0,0.0,24.0,31.0,1.0,0.0,1.3,-0.3,1.0
2024,Royal Challengers Bengaluru,Akash Deep,1,2.0,2.0,0.0,21.0,55.0,1.0,3.0,-0.6,-22.9,-23.4
2007,Chennai Super Kings,S Anirudha,1,1.0,7.0,1.0,0.0,0.0,0.0,0.0,-11.6,0.0,-11.6
2014,Chennai Super Kings,V Shankar,1,0.0,0.0,0.0,6.0,19.0,0.0,0.0,0.0,-12.7,-12.7
2017,Gujarat Lions,S Kaushik,3,0.0,0.0,0.0,66.0,105.0,0.0,0.0,0.0,-34.9,-34.9
2013,Kings XI Punjab,PC Valthaty,1,6.0,17.0,1.0,0.0,0.0,0.0,0.0,-15.0,0.0,-15.0
2012,Delhi Daredevils,GJ Maxwell,2,6.0,11.0,1.0,18.0,22.0,1.0,0.0,-10.3,1.7,-8.6
2009,Kolkata Knight Riders,MB Parmar,1,0.0,0.0,0.0,18.0,33.0,0.0,0.0,0.0,-15.8,-15.8
2024,Sunrisers Hyderabad,Washington Sundar,2,0.0,1.0,1.0,30.0,73.0,1.0,0.0,-7.3,-30.3,-37.6
2026,Rajasthan Royals,SS Mishra,2,1.0,3.0,0.0,38.0,67.0,2.0,8.0,-2.7,-5.4,-8.1
2011,Chennai Super Kings,Joginder Sharma,1,0.0,1.0,1.0,18.0,34.0,0.0,6.0,-7.0,-16.1,-23.1
